{
  "type": "FeatureCollection",
  "features": [
    {
      "type": "Feature",
      "properties": {
        "name": "Oslo Rådhus",
        "category": "government",
        "visitors_per_year": 350000,
        "opened_year": 1950
      },
      "geometry": {
        "type": "Point",
        "coordinates": [
          10.7331,
          59.9132
        ]
      }
    },
    {
      "type": "Feature",
      "properties": {
        "name": "Akershus Festning",
        "category": "landmark",
        "visitors_per_year": 900000,
        "opened_year": 1299
      },
      "geometry": {
        "type": "Point",
        "coordinates": [
          10.7369,
          59.9076
        ]
      }
    },
    {
      "type": "Feature",
      "properties": {
        "name": "Vigelandsparken",
        "category": "park",
        "visitors_per_year": 1200000,
        "opened_year": 1943
      },
      "geometry": {
        "type": "Point",
        "coordinates": [
          10.7003,
          59.927
        ]
      }
    },
    {
      "type": "Feature",
      "properties": {
        "name": "Operahuset",
        "category": "culture",
        "visitors_per_year": 1500000,
        "opened_year": 2008
      },
      "geometry": {
        "type": "Point",
        "coordinates": [
          10.7527,
          59.9075
        ]
      }
    },
    {
      "type": "Feature",
      "properties": {
        "name": "Holmenkollen",
        "category": "sport",
        "visitors_per_year": 800000,
        "opened_year": 1892
      },
      "geometry": {
        "type": "Point",
        "coordinates": [
          10.6666,
          59.9619
        ]
      }
    },
    {
      "type": "Feature",
      "properties": {
        "name": "Munchmuseet",
        "category": "museum",
        "visitors_per_year": 290000,
        "opened_year": 2021
      },
      "geometry": {
        "type": "Point",
        "coordinates": [
          10.7591,
          59.9063
        ]
      }
    },
    {
      "type": "Feature",
      "properties": {
        "name": "Botanisk Hage",
        "category": "park",
        "visitors_per_year": 400000,
        "opened_year": 1814
      },
      "geometry": {
        "type": "Point",
        "coordinates": [
          10.7717,
          59.9177
        ]
      }
    },
    {
      "type": "Feature",
      "properties": {
        "name": "Ekebergparken",
        "category": "culture",
        "visitors_per_year": 600000,
        "opened_year": 2013
      },
      "geometry": {
        "type": "Point",
        "coordinates": [
          10.7699,
          59.8998
        ]
      }
    },
    {
      "type": "Feature",
      "properties": {
        "name": "Frognerbadet",
        "category": "sport",
        "visitors_per_year": 150000,
        "opened_year": 1934
      },
      "geometry": {
        "type": "Point",
        "coordinates": [
          10.6975,
          59.9257
        ]
      }
    },
    {
      "type": "Feature",
      "properties": {
        "name": "Test Placeholder",
        "category": "excluded_test",
        "visitors_per_year": 0,
        "opened_year": 2024
      },
      "geometry": {
        "type": "Point",
        "coordinates": [
          10.73,
          59.905
        ]
      }
    },
    {
      "type": "Feature",
      "properties": {
        "name": "Fjord Lighthouse",
        "category": "landmark",
        "visitors_per_year": 50000,
        "opened_year": 1900
      },
      "geometry": {
        "type": "Point",
        "coordinates": [
          10.5,
          59.8
        ]
      }
    },
    {
      "type": "Feature",
      "properties": {
        "name": "Landmark Site 0001",
        "category": "landmark",
        "visitors_per_year": 341226,
        "opened_year": 1979
      },
      "geometry": {
        "type": "Point",
        "coordinates": [
          10.72687,
          59.85345
        ]
      }
    },
    {
      "type": "Feature",
      "properties": {
        "name": "Sport Site 0002",
        "category": "sport",
        "visitors_per_year": 3907,
        "opened_year": 1994
      },
      "geometry": {
        "type": "Point",
        "coordinates": [
          10.69683,
          59.9084
        ]
      }
    },
    {
      "type": "Feature",
      "properties": {
        "name": "Landmark Site 0003",
        "category": "landmark",
        "visitors_per_year": 176972,
        "opened_year": 1826
      },
      "geometry": {
        "type": "Point",
        "coordinates": [
          10.79435,
          59.89423
        ]
      }
    },
    {
      "type": "Feature",
      "properties": {
        "name": "Government Site 0004",
        "category": "government",
        "visitors_per_year": 139185,
        "opened_year": 2006
      },
      "geometry": {
        "type": "Point",
        "coordinates": [
          10.68297,
          59.89667
        ]
      }
    },
    {
      "type": "Feature",
      "properties": {
        "name": "Government Site 0005",
        "category": "government",
        "visitors_per_year": 198961,
        "opened_year": 1820
      },
      "geometry": {
        "type": "Point",
        "coordinates": [
          10.80541,
          59.91971
        ]
      }
    },
    {
      "type": "Feature",
      "properties": {
        "name": "Sport Site 0006",
        "category": "sport",
        "visitors_per_year": 190100,
        "opened_year": 1947
      },
      "geometry": {
        "type": "Point",
        "coordinates": [
          10.65261,
          59.93172
        ]
      }
    },
    {
      "type": "Feature",
      "properties": {
        "name": "Landmark Site 0007",
        "category": "landmark",
        "visitors_per_year": 152222,
        "opened_year": 1820
      },
      "geometry": {
        "type": "Point",
        "coordinates": [
          10.7966,
          59.85596
        ]
      }
    },
    {
      "type": "Feature",
      "properties": {
        "name": "Landmark Site 0008",
        "category": "landmark",
        "visitors_per_year": 191777,
        "opened_year": 1841
      },
      "geometry": {
        "type": "Point",
        "coordinates": [
          10.85327,
          59.89942
        ]
      }
    },
    {
      "type": "Feature",
      "properties": {
        "name": "Park Site 0009",
        "category": "park",
        "visitors_per_year": 358875,
        "opened_year": 1965
      },
      "geometry": {
        "type": "Point",
        "coordinates": [
          10.67434,
          59.93712
        ]
      }
    },
    {
      "type": "Feature",
      "properties": {
        "name": "Government Site 0010",
        "category": "government",
        "visitors_per_year": 86169,
        "opened_year": 1918
      },
      "geometry": {
        "type": "Point",
        "coordinates": [
          10.7632,
          59.87225
        ]
      }
    },
    {
      "type": "Feature",
      "properties": {
        "name": "Culture Site 0011",
        "category": "culture",
        "visitors_per_year": 115641,
        "opened_year": 1975
      },
      "geometry": {
        "type": "Point",
        "coordinates": [
          10.64448,
          59.9703
        ]
      }
    },
    {
      "type": "Feature",
      "properties": {
        "name": "Park Site 0012",
        "category": "park",
        "visitors_per_year": 17329,
        "opened_year": 2006
      },
      "geometry": {
        "type": "Point",
        "coordinates": [
          10.845,
          59.95088
        ]
      }
    },
    {
      "type": "Feature",
      "properties": {
        "name": "Park Site 0013",
        "category": "park",
        "visitors_per_year": 297865,
        "opened_year": 2024
      },
      "geometry": {
        "type": "Point",
        "coordinates": [
          10.69041,
          59.8586
        ]
      }
    },
    {
      "type": "Feature",
      "properties": {
        "name": "Museum Site 0014",
        "category": "museum",
        "visitors_per_year": 337539,
        "opened_year": 1917
      },
      "geometry": {
        "type": "Point",
        "coordinates": [
          10.66014,
          59.93521
        ]
      }
    },
    {
      "type": "Feature",
      "properties": {
        "name": "Landmark Site 0015",
        "category": "landmark",
        "visitors_per_year": 138252,
        "opened_year": 1991
      },
      "geometry": {
        "type": "Point",
        "coordinates": [
          10.64271,
          59.88206
        ]
      }
    },
    {
      "type": "Feature",
      "properties": {
        "name": "Sport Site 0016",
        "category": "sport",
        "visitors_per_year": 73025,
        "opened_year": 1930
      },
      "geometry": {
        "type": "Point",
        "coordinates": [
          10.69995,
          59.92586
        ]
      }
    },
    {
      "type": "Feature",
      "properties": {
        "name": "Culture Site 0017",
        "category": "culture",
        "visitors_per_year": 1815849,
        "opened_year": 1840
      },
      "geometry": {
        "type": "Point",
        "coordinates": [
          10.58182,
          59.85613
        ]
      }
    },
    {
      "type": "Feature",
      "properties": {
        "name": "Museum Site 0018",
        "category": "museum",
        "visitors_per_year": 245892,
        "opened_year": 1935
      },
      "geometry": {
        "type": "Point",
        "coordinates": [
          10.69776,
          59.85826
        ]
      }
    },
    {
      "type": "Feature",
      "properties": {
        "name": "Park Site 0019",
        "category": "park",
        "visitors_per_year": 740232,
        "opened_year": 1974
      },
      "geometry": {
        "type": "Point",
        "coordinates": [
          10.88988,
          59.9619
        ]
      }
    },
    {
      "type": "Feature",
      "properties": {
        "name": "Sport Site 0020",
        "category": "sport",
        "visitors_per_year": 154378,
        "opened_year": 1911
      },
      "geometry": {
        "type": "Point",
        "coordinates": [
          10.81281,
          59.94992
        ]
      }
    },
    {
      "type": "Feature",
      "properties": {
        "name": "Landmark Site 0021",
        "category": "landmark",
        "visitors_per_year": 138591,
        "opened_year": 1928
      },
      "geometry": {
        "type": "Point",
        "coordinates": [
          10.7088,
          59.974
        ]
      }
    },
    {
      "type": "Feature",
      "properties": {
        "name": "Landmark Site 0022",
        "category": "landmark",
        "visitors_per_year": 335493,
        "opened_year": 1929
      },
      "geometry": {
        "type": "Point",
        "coordinates": [
          10.72769,
          59.86383
        ]
      }
    },
    {
      "type": "Feature",
      "properties": {
        "name": "Sport Site 0023",
        "category": "sport",
        "visitors_per_year": 278558,
        "opened_year": 1800
      },
      "geometry": {
        "type": "Point",
        "coordinates": [
          10.61962,
          59.89861
        ]
      }
    },
    {
      "type": "Feature",
      "properties": {
        "name": "Sport Site 0024",
        "category": "sport",
        "visitors_per_year": 161725,
        "opened_year": 1861
      },
      "geometry": {
        "type": "Point",
        "coordinates": [
          10.66345,
          59.85253
        ]
      }
    },
    {
      "type": "Feature",
      "properties": {
        "name": "Government Site 0025",
        "category": "government",
        "visitors_per_year": 1519195,
        "opened_year": 2008
      },
      "geometry": {
        "type": "Point",
        "coordinates": [
          10.63431,
          59.92376
        ]
      }
    },
    {
      "type": "Feature",
      "properties": {
        "name": "Government Site 0026",
        "category": "government",
        "visitors_per_year": 1883597,
        "opened_year": 1921
      },
      "geometry": {
        "type": "Point",
        "coordinates": [
          10.89229,
          59.91925
        ]
      }
    },
    {
      "type": "Feature",
      "properties": {
        "name": "Sport Site 0027",
        "category": "sport",
        "visitors_per_year": 111543,
        "opened_year": 1938
      },
      "geometry": {
        "type": "Point",
        "coordinates": [
          10.60779,
          59.9186
        ]
      }
    },
    {
      "type": "Feature",
      "properties": {
        "name": "Museum Site 0028",
        "category": "museum",
        "visitors_per_year": 352657,
        "opened_year": 1966
      },
      "geometry": {
        "type": "Point",
        "coordinates": [
          10.79145,
          59.94268
        ]
      }
    },
    {
      "type": "Feature",
      "properties": {
        "name": "Park Site 0029",
        "category": "park",
        "visitors_per_year": 971224,
        "opened_year": 1816
      },
      "geometry": {
        "type": "Point",
        "coordinates": [
          10.70334,
          59.91728
        ]
      }
    },
    {
      "type": "Feature",
      "properties": {
        "name": "Park Site 0030",
        "category": "park",
        "visitors_per_year": 4270,
        "opened_year": 1818
      },
      "geometry": {
        "type": "Point",
        "coordinates": [
          10.55736,
          59.92201
        ]
      }
    },
    {
      "type": "Feature",
      "properties": {
        "name": "Museum Site 0031",
        "category": "museum",
        "visitors_per_year": 173739,
        "opened_year": 1818
      },
      "geometry": {
        "type": "Point",
        "coordinates": [
          10.77089,
          59.87976
        ]
      }
    },
    {
      "type": "Feature",
      "properties": {
        "name": "Sport Site 0032",
        "category": "sport",
        "visitors_per_year": 69869,
        "opened_year": 1985
      },
      "geometry": {
        "type": "Point",
        "coordinates": [
          10.6333,
          59.93697
        ]
      }
    },
    {
      "type": "Feature",
      "properties": {
        "name": "Sport Site 0033",
        "category": "sport",
        "visitors_per_year": 213916,
        "opened_year": 1848
      },
      "geometry": {
        "type": "Point",
        "coordinates": [
          10.75167,
          59.88159
        ]
      }
    },
    {
      "type": "Feature",
      "properties": {
        "name": "Government Site 0034",
        "category": "government",
        "visitors_per_year": 245355,
        "opened_year": 2021
      },
      "geometry": {
        "type": "Point",
        "coordinates": [
          10.58393,
          59.90604
        ]
      }
    },
    {
      "type": "Feature",
      "properties": {
        "name": "Museum Site 0035",
        "category": "museum",
        "visitors_per_year": 32278,
        "opened_year": 1903
      },
      "geometry": {
        "type": "Point",
        "coordinates": [
          10.56896,
          59.93495
        ]
      }
    },
    {
      "type": "Feature",
      "properties": {
        "name": "Museum Site 0036",
        "category": "museum",
        "visitors_per_year": 100224,
        "opened_year": 1937
      },
      "geometry": {
        "type": "Point",
        "coordinates": [
          10.66876,
          59.96202
        ]
      }
    },
    {
      "type": "Feature",
      "properties": {
        "name": "Culture Site 0037",
        "category": "culture",
        "visitors_per_year": 40023,
        "opened_year": 1913
      },
      "geometry": {
        "type": "Point",
        "coordinates": [
          10.59906,
          59.87385
        ]
      }
    },
    {
      "type": "Feature",
      "properties": {
        "name": "Sport Site 0038",
        "category": "sport",
        "visitors_per_year": 8237,
        "opened_year": 1823
      },
      "geometry": {
        "type": "Point",
        "coordinates": [
          10.58427,
          59.93478
        ]
      }
    },
    {
      "type": "Feature",
      "properties": {
        "name": "Landmark Site 0039",
        "category": "landmark",
        "visitors_per_year": 210760,
        "opened_year": 1815
      },
      "geometry": {
        "type": "Point",
        "coordinates": [
          10.60821,
          59.91313
        ]
      }
    },
    {
      "type": "Feature",
      "properties": {
        "name": "Landmark Site 0040",
        "category": "landmark",
        "visitors_per_year": 239055,
        "opened_year": 1873
      },
      "geometry": {
        "type": "Point",
        "coordinates": [
          10.68264,
          59.97809
        ]
      }
    },
    {
      "type": "Feature",
      "properties": {
        "name": "Culture Site 0041",
        "category": "culture",
        "visitors_per_year": 347511,
        "opened_year": 1983
      },
      "geometry": {
        "type": "Point",
        "coordinates": [
          10.79381,
          59.94497
        ]
      }
    },
    {
      "type": "Feature",
      "properties": {
        "name": "Culture Site 0042",
        "category": "culture",
        "visitors_per_year": 304157,
        "opened_year": 1988
      },
      "geometry": {
        "type": "Point",
        "coordinates": [
          10.60418,
          59.88857
        ]
      }
    },
    {
      "type": "Feature",
      "properties": {
        "name": "Sport Site 0043",
        "category": "sport",
        "visitors_per_year": 1499897,
        "opened_year": 1928
      },
      "geometry": {
        "type": "Point",
        "coordinates": [
          10.57134,
          59.89077
        ]
      }
    },
    {
      "type": "Feature",
      "properties": {
        "name": "Sport Site 0044",
        "category": "sport",
        "visitors_per_year": 889703,
        "opened_year": 1817
      },
      "geometry": {
        "type": "Point",
        "coordinates": [
          10.6051,
          59.9749
        ]
      }
    },
    {
      "type": "Feature",
      "properties": {
        "name": "Sport Site 0045",
        "category": "sport",
        "visitors_per_year": 299173,
        "opened_year": 1863
      },
      "geometry": {
        "type": "Point",
        "coordinates": [
          10.57379,
          59.96204
        ]
      }
    },
    {
      "type": "Feature",
      "properties": {
        "name": "Sport Site 0046",
        "category": "sport",
        "visitors_per_year": 306512,
        "opened_year": 1944
      },
      "geometry": {
        "type": "Point",
        "coordinates": [
          10.75808,
          59.93052
        ]
      }
    },
    {
      "type": "Feature",
      "properties": {
        "name": "Sport Site 0047",
        "category": "sport",
        "visitors_per_year": 165222,
        "opened_year": 1861
      },
      "geometry": {
        "type": "Point",
        "coordinates": [
          10.66073,
          59.8839
        ]
      }
    },
    {
      "type": "Feature",
      "properties": {
        "name": "Park Site 0048",
        "category": "park",
        "visitors_per_year": 166267,
        "opened_year": 1992
      },
      "geometry": {
        "type": "Point",
        "coordinates": [
          10.68853,
          59.93732
        ]
      }
    },
    {
      "type": "Feature",
      "properties": {
        "name": "Government Site 0049",
        "category": "government",
        "visitors_per_year": 52918,
        "opened_year": 1818
      },
      "geometry": {
        "type": "Point",
        "coordinates": [
          10.55326,
          59.93075
        ]
      }
    },
    {
      "type": "Feature",
      "properties": {
        "name": "Sport Site 0050",
        "category": "sport",
        "visitors_per_year": 36566,
        "opened_year": 1862
      },
      "geometry": {
        "type": "Point",
        "coordinates": [
          10.6246,
          59.88448
        ]
      }
    },
    {
      "type": "Feature",
      "properties": {
        "name": "Park Site 0051",
        "category": "park",
        "visitors_per_year": 159106,
        "opened_year": 1956
      },
      "geometry": {
        "type": "Point",
        "coordinates": [
          10.64975,
          59.90696
        ]
      }
    },
    {
      "type": "Feature",
      "properties": {
        "name": "Museum Site 0052",
        "category": "museum",
        "visitors_per_year": 348306,
        "opened_year": 1826
      },
      "geometry": {
        "type": "Point",
        "coordinates": [
          10.73513,
          59.93682
        ]
      }
    },
    {
      "type": "Feature",
      "properties": {
        "name": "Landmark Site 0053",
        "category": "landmark",
        "visitors_per_year": 81999,
        "opened_year": 1869
      },
      "geometry": {
        "type": "Point",
        "coordinates": [
          10.64256,
          59.96566
        ]
      }
    },
    {
      "type": "Feature",
      "properties": {
        "name": "Park Site 0054",
        "category": "park",
        "visitors_per_year": 333023,
        "opened_year": 2018
      },
      "geometry": {
        "type": "Point",
        "coordinates": [
          10.76169,
          59.94329
        ]
      }
    },
    {
      "type": "Feature",
      "properties": {
        "name": "Park Site 0055",
        "category": "park",
        "visitors_per_year": 27133,
        "opened_year": 1823
      },
      "geometry": {
        "type": "Point",
        "coordinates": [
          10.72689,
          59.88265
        ]
      }
    },
    {
      "type": "Feature",
      "properties": {
        "name": "Museum Site 0056",
        "category": "museum",
        "visitors_per_year": 774348,
        "opened_year": 1963
      },
      "geometry": {
        "type": "Point",
        "coordinates": [
          10.69825,
          59.88597
        ]
      }
    },
    {
      "type": "Feature",
      "properties": {
        "name": "Park Site 0057",
        "category": "park",
        "visitors_per_year": 294576,
        "opened_year": 1802
      },
      "geometry": {
        "type": "Point",
        "coordinates": [
          10.60655,
          59.90744
        ]
      }
    },
    {
      "type": "Feature",
      "properties": {
        "name": "Government Site 0058",
        "category": "government",
        "visitors_per_year": 286546,
        "opened_year": 1809
      },
      "geometry": {
        "type": "Point",
        "coordinates": [
          10.57634,
          59.9648
        ]
      }
    },
    {
      "type": "Feature",
      "properties": {
        "name": "Park Site 0059",
        "category": "park",
        "visitors_per_year": 1146464,
        "opened_year": 1893
      },
      "geometry": {
        "type": "Point",
        "coordinates": [
          10.75388,
          59.86925
        ]
      }
    },
    {
      "type": "Feature",
      "properties": {
        "name": "Government Site 0060",
        "category": "government",
        "visitors_per_year": 54393,
        "opened_year": 1890
      },
      "geometry": {
        "type": "Point",
        "coordinates": [
          10.86462,
          59.87731
        ]
      }
    },
    {
      "type": "Feature",
      "properties": {
        "name": "Sport Site 0061",
        "category": "sport",
        "visitors_per_year": 81530,
        "opened_year": 1860
      },
      "geometry": {
        "type": "Point",
        "coordinates": [
          10.85945,
          59.90283
        ]
      }
    },
    {
      "type": "Feature",
      "properties": {
        "name": "Landmark Site 0062",
        "category": "landmark",
        "visitors_per_year": 13495,
        "opened_year": 1845
      },
      "geometry": {
        "type": "Point",
        "coordinates": [
          10.89167,
          59.9554
        ]
      }
    },
    {
      "type": "Feature",
      "properties": {
        "name": "Museum Site 0063",
        "category": "museum",
        "visitors_per_year": 351724,
        "opened_year": 2021
      },
      "geometry": {
        "type": "Point",
        "coordinates": [
          10.87357,
          59.95171
        ]
      }
    },
    {
      "type": "Feature",
      "properties": {
        "name": "Museum Site 0064",
        "category": "museum",
        "visitors_per_year": 57173,
        "opened_year": 1897
      },
      "geometry": {
        "type": "Point",
        "coordinates": [
          10.83376,
          59.88468
        ]
      }
    },
    {
      "type": "Feature",
      "properties": {
        "name": "Government Site 0065",
        "category": "government",
        "visitors_per_year": 241831,
        "opened_year": 1889
      },
      "geometry": {
        "type": "Point",
        "coordinates": [
          10.85051,
          59.87892
        ]
      }
    },
    {
      "type": "Feature",
      "properties": {
        "name": "Park Site 0066",
        "category": "park",
        "visitors_per_year": 346547,
        "opened_year": 1849
      },
      "geometry": {
        "type": "Point",
        "coordinates": [
          10.83719,
          59.96327
        ]
      }
    },
    {
      "type": "Feature",
      "properties": {
        "name": "Culture Site 0067",
        "category": "culture",
        "visitors_per_year": 146841,
        "opened_year": 1889
      },
      "geometry": {
        "type": "Point",
        "coordinates": [
          10.66489,
          59.96237
        ]
      }
    },
    {
      "type": "Feature",
      "properties": {
        "name": "Museum Site 0068",
        "category": "museum",
        "visitors_per_year": 174117,
        "opened_year": 1807
      },
      "geometry": {
        "type": "Point",
        "coordinates": [
          10.72829,
          59.93834
        ]
      }
    },
    {
      "type": "Feature",
      "properties": {
        "name": "Government Site 0069",
        "category": "government",
        "visitors_per_year": 139680,
        "opened_year": 1809
      },
      "geometry": {
        "type": "Point",
        "coordinates": [
          10.85696,
          59.88396
        ]
      }
    },
    {
      "type": "Feature",
      "properties": {
        "name": "Government Site 0070",
        "category": "government",
        "visitors_per_year": 229296,
        "opened_year": 1955
      },
      "geometry": {
        "type": "Point",
        "coordinates": [
          10.7588,
          59.89494
        ]
      }
    },
    {
      "type": "Feature",
      "properties": {
        "name": "Sport Site 0071",
        "category": "sport",
        "visitors_per_year": 23771,
        "opened_year": 1981
      },
      "geometry": {
        "type": "Point",
        "coordinates": [
          10.59048,
          59.96694
        ]
      }
    },
    {
      "type": "Feature",
      "properties": {
        "name": "Culture Site 0072",
        "category": "culture",
        "visitors_per_year": 377688,
        "opened_year": 1989
      },
      "geometry": {
        "type": "Point",
        "coordinates": [
          10.55059,
          59.97032
        ]
      }
    },
    {
      "type": "Feature",
      "properties": {
        "name": "Museum Site 0073",
        "category": "museum",
        "visitors_per_year": 1893007,
        "opened_year": 1884
      },
      "geometry": {
        "type": "Point",
        "coordinates": [
          10.78472,
          59.89735
        ]
      }
    },
    {
      "type": "Feature",
      "properties": {
        "name": "Sport Site 0074",
        "category": "sport",
        "visitors_per_year": 157955,
        "opened_year": 1929
      },
      "geometry": {
        "type": "Point",
        "coordinates": [
          10.65987,
          59.96024
        ]
      }
    },
    {
      "type": "Feature",
      "properties": {
        "name": "Park Site 0075",
        "category": "park",
        "visitors_per_year": 291171,
        "opened_year": 1832
      },
      "geometry": {
        "type": "Point",
        "coordinates": [
          10.78341,
          59.8924
        ]
      }
    },
    {
      "type": "Feature",
      "properties": {
        "name": "Landmark Site 0076",
        "category": "landmark",
        "visitors_per_year": 91740,
        "opened_year": 1957
      },
      "geometry": {
        "type": "Point",
        "coordinates": [
          10.69716,
          59.97225
        ]
      }
    },
    {
      "type": "Feature",
      "properties": {
        "name": "Sport Site 0077",
        "category": "sport",
        "visitors_per_year": 1101701,
        "opened_year": 1853
      },
      "geometry": {
        "type": "Point",
        "coordinates": [
          10.65533,
          59.92123
        ]
      }
    },
    {
      "type": "Feature",
      "properties": {
        "name": "Culture Site 0078",
        "category": "culture",
        "visitors_per_year": 232123,
        "opened_year": 1913
      },
      "geometry": {
        "type": "Point",
        "coordinates": [
          10.82502,
          59.92887
        ]
      }
    },
    {
      "type": "Feature",
      "properties": {
        "name": "Museum Site 0079",
        "category": "museum",
        "visitors_per_year": 386355,
        "opened_year": 1843
      },
      "geometry": {
        "type": "Point",
        "coordinates": [
          10.6248,
          59.91151
        ]
      }
    },
    {
      "type": "Feature",
      "properties": {
        "name": "Museum Site 0080",
        "category": "museum",
        "visitors_per_year": 176235,
        "opened_year": 1823
      },
      "geometry": {
        "type": "Point",
        "coordinates": [
          10.57968,
          59.91701
        ]
      }
    },
    {
      "type": "Feature",
      "properties": {
        "name": "Landmark Site 0081",
        "category": "landmark",
        "visitors_per_year": 13305,
        "opened_year": 1811
      },
      "geometry": {
        "type": "Point",
        "coordinates": [
          10.78548,
          59.8792
        ]
      }
    },
    {
      "type": "Feature",
      "properties": {
        "name": "Landmark Site 0082",
        "category": "landmark",
        "visitors_per_year": 239269,
        "opened_year": 1906
      },
      "geometry": {
        "type": "Point",
        "coordinates": [
          10.89438,
          59.92947
        ]
      }
    },
    {
      "type": "Feature",
      "properties": {
        "name": "Museum Site 0083",
        "category": "museum",
        "visitors_per_year": 210033,
        "opened_year": 1862
      },
      "geometry": {
        "type": "Point",
        "coordinates": [
          10.75148,
          59.94338
        ]
      }
    },
    {
      "type": "Feature",
      "properties": {
        "name": "Landmark Site 0084",
        "category": "landmark",
        "visitors_per_year": 56382,
        "opened_year": 1999
      },
      "geometry": {
        "type": "Point",
        "coordinates": [
          10.77962,
          59.85072
        ]
      }
    },
    {
      "type": "Feature",
      "properties": {
        "name": "Culture Site 0085",
        "category": "culture",
        "visitors_per_year": 244057,
        "opened_year": 1812
      },
      "geometry": {
        "type": "Point",
        "coordinates": [
          10.62659,
          59.95453
        ]
      }
    },
    {
      "type": "Feature",
      "properties": {
        "name": "Sport Site 0086",
        "category": "sport",
        "visitors_per_year": 244106,
        "opened_year": 1970
      },
      "geometry": {
        "type": "Point",
        "coordinates": [
          10.63722,
          59.96028
        ]
      }
    },
    {
      "type": "Feature",
      "properties": {
        "name": "Sport Site 0087",
        "category": "sport",
        "visitors_per_year": 232535,
        "opened_year": 1956
      },
      "geometry": {
        "type": "Point",
        "coordinates": [
          10.89576,
          59.92741
        ]
      }
    },
    {
      "type": "Feature",
      "properties": {
        "name": "Museum Site 0088",
        "category": "museum",
        "visitors_per_year": 234287,
        "opened_year": 1840
      },
      "geometry": {
        "type": "Point",
        "coordinates": [
          10.86221,
          59.90548
        ]
      }
    },
    {
      "type": "Feature",
      "properties": {
        "name": "Museum Site 0089",
        "category": "museum",
        "visitors_per_year": 334818,
        "opened_year": 1870
      },
      "geometry": {
        "type": "Point",
        "coordinates": [
          10.85152,
          59.90851
        ]
      }
    },
    {
      "type": "Feature",
      "properties": {
        "name": "Sport Site 0090",
        "category": "sport",
        "visitors_per_year": 374603,
        "opened_year": 1873
      },
      "geometry": {
        "type": "Point",
        "coordinates": [
          10.71961,
          59.8811
        ]
      }
    },
    {
      "type": "Feature",
      "properties": {
        "name": "Landmark Site 0091",
        "category": "landmark",
        "visitors_per_year": 73047,
        "opened_year": 1838
      },
      "geometry": {
        "type": "Point",
        "coordinates": [
          10.6451,
          59.89156
        ]
      }
    },
    {
      "type": "Feature",
      "properties": {
        "name": "Landmark Site 0092",
        "category": "landmark",
        "visitors_per_year": 218010,
        "opened_year": 1904
      },
      "geometry": {
        "type": "Point",
        "coordinates": [
          10.68406,
          59.86986
        ]
      }
    },
    {
      "type": "Feature",
      "properties": {
        "name": "Park Site 0093",
        "category": "park",
        "visitors_per_year": 220776,
        "opened_year": 1899
      },
      "geometry": {
        "type": "Point",
        "coordinates": [
          10.73991,
          59.90405
        ]
      }
    },
    {
      "type": "Feature",
      "properties": {
        "name": "Sport Site 0094",
        "category": "sport",
        "visitors_per_year": 302327,
        "opened_year": 1897
      },
      "geometry": {
        "type": "Point",
        "coordinates": [
          10.88112,
          59.85254
        ]
      }
    },
    {
      "type": "Feature",
      "properties": {
        "name": "Culture Site 0095",
        "category": "culture",
        "visitors_per_year": 220187,
        "opened_year": 1937
      },
      "geometry": {
        "type": "Point",
        "coordinates": [
          10.55206,
          59.89573
        ]
      }
    },
    {
      "type": "Feature",
      "properties": {
        "name": "Museum Site 0096",
        "category": "museum",
        "visitors_per_year": 256472,
        "opened_year": 1856
      },
      "geometry": {
        "type": "Point",
        "coordinates": [
          10.80712,
          59.95398
        ]
      }
    },
    {
      "type": "Feature",
      "properties": {
        "name": "Park Site 0097",
        "category": "park",
        "visitors_per_year": 356565,
        "opened_year": 2004
      },
      "geometry": {
        "type": "Point",
        "coordinates": [
          10.70254,
          59.85377
        ]
      }
    },
    {
      "type": "Feature",
      "properties": {
        "name": "Culture Site 0098",
        "category": "culture",
        "visitors_per_year": 326741,
        "opened_year": 1936
      },
      "geometry": {
        "type": "Point",
        "coordinates": [
          10.80346,
          59.95927
        ]
      }
    },
    {
      "type": "Feature",
      "properties": {
        "name": "Government Site 0099",
        "category": "government",
        "visitors_per_year": 44512,
        "opened_year": 1964
      },
      "geometry": {
        "type": "Point",
        "coordinates": [
          10.86743,
          59.92695
        ]
      }
    },
    {
      "type": "Feature",
      "properties": {
        "name": "Culture Site 0100",
        "category": "culture",
        "visitors_per_year": 1295038,
        "opened_year": 1883
      },
      "geometry": {
        "type": "Point",
        "coordinates": [
          10.59749,
          59.91002
        ]
      }
    },
    {
      "type": "Feature",
      "properties": {
        "name": "Landmark Site 0101",
        "category": "landmark",
        "visitors_per_year": 146386,
        "opened_year": 1992
      },
      "geometry": {
        "type": "Point",
        "coordinates": [
          10.70914,
          59.89388
        ]
      }
    },
    {
      "type": "Feature",
      "properties": {
        "name": "Culture Site 0102",
        "category": "culture",
        "visitors_per_year": 1631243,
        "opened_year": 1813
      },
      "geometry": {
        "type": "Point",
        "coordinates": [
          10.6383,
          59.86065
        ]
      }
    },
    {
      "type": "Feature",
      "properties": {
        "name": "Park Site 0103",
        "category": "park",
        "visitors_per_year": 21606,
        "opened_year": 1993
      },
      "geometry": {
        "type": "Point",
        "coordinates": [
          10.62848,
          59.85892
        ]
      }
    },
    {
      "type": "Feature",
      "properties": {
        "name": "Government Site 0104",
        "category": "government",
        "visitors_per_year": 819568,
        "opened_year": 1861
      },
      "geometry": {
        "type": "Point",
        "coordinates": [
          10.88236,
          59.87592
        ]
      }
    },
    {
      "type": "Feature",
      "properties": {
        "name": "Landmark Site 0105",
        "category": "landmark",
        "visitors_per_year": 244311,
        "opened_year": 1979
      },
      "geometry": {
        "type": "Point",
        "coordinates": [
          10.71575,
          59.86487
        ]
      }
    },
    {
      "type": "Feature",
      "properties": {
        "name": "Park Site 0106",
        "category": "park",
        "visitors_per_year": 392628,
        "opened_year": 1983
      },
      "geometry": {
        "type": "Point",
        "coordinates": [
          10.81841,
          59.87181
        ]
      }
    },
    {
      "type": "Feature",
      "properties": {
        "name": "Government Site 0107",
        "category": "government",
        "visitors_per_year": 303897,
        "opened_year": 1806
      },
      "geometry": {
        "type": "Point",
        "coordinates": [
          10.82223,
          59.87129
        ]
      }
    },
    {
      "type": "Feature",
      "properties": {
        "name": "Park Site 0108",
        "category": "park",
        "visitors_per_year": 375373,
        "opened_year": 1850
      },
      "geometry": {
        "type": "Point",
        "coordinates": [
          10.75153,
          59.96804
        ]
      }
    },
    {
      "type": "Feature",
      "properties": {
        "name": "Government Site 0109",
        "category": "government",
        "visitors_per_year": 366029,
        "opened_year": 1997
      },
      "geometry": {
        "type": "Point",
        "coordinates": [
          10.75723,
          59.95797
        ]
      }
    },
    {
      "type": "Feature",
      "properties": {
        "name": "Park Site 0110",
        "category": "park",
        "visitors_per_year": 1686846,
        "opened_year": 2000
      },
      "geometry": {
        "type": "Point",
        "coordinates": [
          10.8476,
          59.92805
        ]
      }
    },
    {
      "type": "Feature",
      "properties": {
        "name": "Government Site 0111",
        "category": "government",
        "visitors_per_year": 265769,
        "opened_year": 1965
      },
      "geometry": {
        "type": "Point",
        "coordinates": [
          10.67152,
          59.90569
        ]
      }
    },
    {
      "type": "Feature",
      "properties": {
        "name": "Park Site 0112",
        "category": "park",
        "visitors_per_year": 227791,
        "opened_year": 1892
      },
      "geometry": {
        "type": "Point",
        "coordinates": [
          10.55443,
          59.90461
        ]
      }
    },
    {
      "type": "Feature",
      "properties": {
        "name": "Museum Site 0113",
        "category": "museum",
        "visitors_per_year": 92846,
        "opened_year": 1987
      },
      "geometry": {
        "type": "Point",
        "coordinates": [
          10.86205,
          59.90977
        ]
      }
    },
    {
      "type": "Feature",
      "properties": {
        "name": "Sport Site 0114",
        "category": "sport",
        "visitors_per_year": 282657,
        "opened_year": 1998
      },
      "geometry": {
        "type": "Point",
        "coordinates": [
          10.88792,
          59.88511
        ]
      }
    },
    {
      "type": "Feature",
      "properties": {
        "name": "Culture Site 0115",
        "category": "culture",
        "visitors_per_year": 169480,
        "opened_year": 2018
      },
      "geometry": {
        "type": "Point",
        "coordinates": [
          10.71271,
          59.95735
        ]
      }
    },
    {
      "type": "Feature",
      "properties": {
        "name": "Landmark Site 0116",
        "category": "landmark",
        "visitors_per_year": 128354,
        "opened_year": 1992
      },
      "geometry": {
        "type": "Point",
        "coordinates": [
          10.84076,
          59.86127
        ]
      }
    },
    {
      "type": "Feature",
      "properties": {
        "name": "Culture Site 0117",
        "category": "culture",
        "visitors_per_year": 259658,
        "opened_year": 2017
      },
      "geometry": {
        "type": "Point",
        "coordinates": [
          10.74945,
          59.93686
        ]
      }
    },
    {
      "type": "Feature",
      "properties": {
        "name": "Park Site 0118",
        "category": "park",
        "visitors_per_year": 178935,
        "opened_year": 1871
      },
      "geometry": {
        "type": "Point",
        "coordinates": [
          10.61364,
          59.87758
        ]
      }
    },
    {
      "type": "Feature",
      "properties": {
        "name": "Sport Site 0119",
        "category": "sport",
        "visitors_per_year": 900674,
        "opened_year": 1821
      },
      "geometry": {
        "type": "Point",
        "coordinates": [
          10.79541,
          59.88591
        ]
      }
    },
    {
      "type": "Feature",
      "properties": {
        "name": "Landmark Site 0120",
        "category": "landmark",
        "visitors_per_year": 362578,
        "opened_year": 1921
      },
      "geometry": {
        "type": "Point",
        "coordinates": [
          10.80203,
          59.91352
        ]
      }
    },
    {
      "type": "Feature",
      "properties": {
        "name": "Museum Site 0121",
        "category": "museum",
        "visitors_per_year": 1117056,
        "opened_year": 1856
      },
      "geometry": {
        "type": "Point",
        "coordinates": [
          10.79914,
          59.90826
        ]
      }
    },
    {
      "type": "Feature",
      "properties": {
        "name": "Culture Site 0122",
        "category": "culture",
        "visitors_per_year": 248624,
        "opened_year": 1941
      },
      "geometry": {
        "type": "Point",
        "coordinates": [
          10.79213,
          59.88981
        ]
      }
    },
    {
      "type": "Feature",
      "properties": {
        "name": "Sport Site 0123",
        "category": "sport",
        "visitors_per_year": 184950,
        "opened_year": 1979
      },
      "geometry": {
        "type": "Point",
        "coordinates": [
          10.67032,
          59.97956
        ]
      }
    },
    {
      "type": "Feature",
      "properties": {
        "name": "Culture Site 0124",
        "category": "culture",
        "visitors_per_year": 903878,
        "opened_year": 1880
      },
      "geometry": {
        "type": "Point",
        "coordinates": [
          10.64482,
          59.88268
        ]
      }
    },
    {
      "type": "Feature",
      "properties": {
        "name": "Government Site 0125",
        "category": "government",
        "visitors_per_year": 100922,
        "opened_year": 1855
      },
      "geometry": {
        "type": "Point",
        "coordinates": [
          10.81001,
          59.97361
        ]
      }
    },
    {
      "type": "Feature",
      "properties": {
        "name": "Museum Site 0126",
        "category": "museum",
        "visitors_per_year": 275560,
        "opened_year": 1952
      },
      "geometry": {
        "type": "Point",
        "coordinates": [
          10.71947,
          59.9442
        ]
      }
    },
    {
      "type": "Feature",
      "properties": {
        "name": "Park Site 0127",
        "category": "park",
        "visitors_per_year": 189705,
        "opened_year": 1845
      },
      "geometry": {
        "type": "Point",
        "coordinates": [
          10.89318,
          59.95824
        ]
      }
    },
    {
      "type": "Feature",
      "properties": {
        "name": "Park Site 0128",
        "category": "park",
        "visitors_per_year": 29087,
        "opened_year": 1941
      },
      "geometry": {
        "type": "Point",
        "coordinates": [
          10.55495,
          59.91944
        ]
      }
    },
    {
      "type": "Feature",
      "properties": {
        "name": "Park Site 0129",
        "category": "park",
        "visitors_per_year": 257861,
        "opened_year": 1826
      },
      "geometry": {
        "type": "Point",
        "coordinates": [
          10.7941,
          59.86642
        ]
      }
    },
    {
      "type": "Feature",
      "properties": {
        "name": "Government Site 0130",
        "category": "government",
        "visitors_per_year": 97159,
        "opened_year": 1813
      },
      "geometry": {
        "type": "Point",
        "coordinates": [
          10.75092,
          59.91102
        ]
      }
    },
    {
      "type": "Feature",
      "properties": {
        "name": "Park Site 0131",
        "category": "park",
        "visitors_per_year": 210586,
        "opened_year": 1925
      },
      "geometry": {
        "type": "Point",
        "coordinates": [
          10.87937,
          59.9121
        ]
      }
    },
    {
      "type": "Feature",
      "properties": {
        "name": "Government Site 0132",
        "category": "government",
        "visitors_per_year": 295590,
        "opened_year": 1877
      },
      "geometry": {
        "type": "Point",
        "coordinates": [
          10.75196,
          59.93924
        ]
      }
    },
    {
      "type": "Feature",
      "properties": {
        "name": "Government Site 0133",
        "category": "government",
        "visitors_per_year": 318385,
        "opened_year": 1952
      },
      "geometry": {
        "type": "Point",
        "coordinates": [
          10.89787,
          59.8654
        ]
      }
    },
    {
      "type": "Feature",
      "properties": {
        "name": "Sport Site 0134",
        "category": "sport",
        "visitors_per_year": 232613,
        "opened_year": 1876
      },
      "geometry": {
        "type": "Point",
        "coordinates": [
          10.62899,
          59.91793
        ]
      }
    },
    {
      "type": "Feature",
      "properties": {
        "name": "Sport Site 0135",
        "category": "sport",
        "visitors_per_year": 320122,
        "opened_year": 1989
      },
      "geometry": {
        "type": "Point",
        "coordinates": [
          10.89651,
          59.8897
        ]
      }
    },
    {
      "type": "Feature",
      "properties": {
        "name": "Government Site 0136",
        "category": "government",
        "visitors_per_year": 346754,
        "opened_year": 1820
      },
      "geometry": {
        "type": "Point",
        "coordinates": [
          10.88166,
          59.87701
        ]
      }
    },
    {
      "type": "Feature",
      "properties": {
        "name": "Landmark Site 0137",
        "category": "landmark",
        "visitors_per_year": 214680,
        "opened_year": 1915
      },
      "geometry": {
        "type": "Point",
        "coordinates": [
          10.63395,
          59.92176
        ]
      }
    },
    {
      "type": "Feature",
      "properties": {
        "name": "Museum Site 0138",
        "category": "museum",
        "visitors_per_year": 371148,
        "opened_year": 1872
      },
      "geometry": {
        "type": "Point",
        "coordinates": [
          10.75783,
          59.88786
        ]
      }
    },
    {
      "type": "Feature",
      "properties": {
        "name": "Museum Site 0139",
        "category": "museum",
        "visitors_per_year": 139202,
        "opened_year": 2001
      },
      "geometry": {
        "type": "Point",
        "coordinates": [
          10.85086,
          59.85925
        ]
      }
    },
    {
      "type": "Feature",
      "properties": {
        "name": "Museum Site 0140",
        "category": "museum",
        "visitors_per_year": 60675,
        "opened_year": 1939
      },
      "geometry": {
        "type": "Point",
        "coordinates": [
          10.75643,
          59.95451
        ]
      }
    },
    {
      "type": "Feature",
      "properties": {
        "name": "Landmark Site 0141",
        "category": "landmark",
        "visitors_per_year": 37939,
        "opened_year": 1815
      },
      "geometry": {
        "type": "Point",
        "coordinates": [
          10.77667,
          59.96809
        ]
      }
    },
    {
      "type": "Feature",
      "properties": {
        "name": "Landmark Site 0142",
        "category": "landmark",
        "visitors_per_year": 151815,
        "opened_year": 1912
      },
      "geometry": {
        "type": "Point",
        "coordinates": [
          10.82742,
          59.92736
        ]
      }
    },
    {
      "type": "Feature",
      "properties": {
        "name": "Government Site 0143",
        "category": "government",
        "visitors_per_year": 143235,
        "opened_year": 1928
      },
      "geometry": {
        "type": "Point",
        "coordinates": [
          10.71404,
          59.88953
        ]
      }
    },
    {
      "type": "Feature",
      "properties": {
        "name": "Sport Site 0144",
        "category": "sport",
        "visitors_per_year": 1406029,
        "opened_year": 1988
      },
      "geometry": {
        "type": "Point",
        "coordinates": [
          10.72283,
          59.86046
        ]
      }
    },
    {
      "type": "Feature",
      "properties": {
        "name": "Park Site 0145",
        "category": "park",
        "visitors_per_year": 354026,
        "opened_year": 2014
      },
      "geometry": {
        "type": "Point",
        "coordinates": [
          10.7613,
          59.85336
        ]
      }
    },
    {
      "type": "Feature",
      "properties": {
        "name": "Sport Site 0146",
        "category": "sport",
        "visitors_per_year": 141801,
        "opened_year": 1947
      },
      "geometry": {
        "type": "Point",
        "coordinates": [
          10.75549,
          59.8527
        ]
      }
    },
    {
      "type": "Feature",
      "properties": {
        "name": "Government Site 0147",
        "category": "government",
        "visitors_per_year": 232355,
        "opened_year": 1871
      },
      "geometry": {
        "type": "Point",
        "coordinates": [
          10.81709,
          59.87277
        ]
      }
    },
    {
      "type": "Feature",
      "properties": {
        "name": "Landmark Site 0148",
        "category": "landmark",
        "visitors_per_year": 48337,
        "opened_year": 1920
      },
      "geometry": {
        "type": "Point",
        "coordinates": [
          10.89893,
          59.90667
        ]
      }
    },
    {
      "type": "Feature",
      "properties": {
        "name": "Park Site 0149",
        "category": "park",
        "visitors_per_year": 837274,
        "opened_year": 1884
      },
      "geometry": {
        "type": "Point",
        "coordinates": [
          10.69292,
          59.89174
        ]
      }
    },
    {
      "type": "Feature",
      "properties": {
        "name": "Culture Site 0150",
        "category": "culture",
        "visitors_per_year": 399220,
        "opened_year": 1940
      },
      "geometry": {
        "type": "Point",
        "coordinates": [
          10.79279,
          59.88747
        ]
      }
    },
    {
      "type": "Feature",
      "properties": {
        "name": "Government Site 0151",
        "category": "government",
        "visitors_per_year": 212404,
        "opened_year": 2021
      },
      "geometry": {
        "type": "Point",
        "coordinates": [
          10.70919,
          59.89089
        ]
      }
    },
    {
      "type": "Feature",
      "properties": {
        "name": "Sport Site 0152",
        "category": "sport",
        "visitors_per_year": 242708,
        "opened_year": 1905
      },
      "geometry": {
        "type": "Point",
        "coordinates": [
          10.83872,
          59.85015
        ]
      }
    },
    {
      "type": "Feature",
      "properties": {
        "name": "Government Site 0153",
        "category": "government",
        "visitors_per_year": 328394,
        "opened_year": 1913
      },
      "geometry": {
        "type": "Point",
        "coordinates": [
          10.61565,
          59.89703
        ]
      }
    },
    {
      "type": "Feature",
      "properties": {
        "name": "Government Site 0154",
        "category": "government",
        "visitors_per_year": 230199,
        "opened_year": 1978
      },
      "geometry": {
        "type": "Point",
        "coordinates": [
          10.62125,
          59.9214
        ]
      }
    },
    {
      "type": "Feature",
      "properties": {
        "name": "Culture Site 0155",
        "category": "culture",
        "visitors_per_year": 125960,
        "opened_year": 1981
      },
      "geometry": {
        "type": "Point",
        "coordinates": [
          10.5925,
          59.97651
        ]
      }
    },
    {
      "type": "Feature",
      "properties": {
        "name": "Landmark Site 0156",
        "category": "landmark",
        "visitors_per_year": 118307,
        "opened_year": 2015
      },
      "geometry": {
        "type": "Point",
        "coordinates": [
          10.65876,
          59.85178
        ]
      }
    },
    {
      "type": "Feature",
      "properties": {
        "name": "Government Site 0157",
        "category": "government",
        "visitors_per_year": 261792,
        "opened_year": 1983
      },
      "geometry": {
        "type": "Point",
        "coordinates": [
          10.71151,
          59.86527
        ]
      }
    },
    {
      "type": "Feature",
      "properties": {
        "name": "Park Site 0158",
        "category": "park",
        "visitors_per_year": 248079,
        "opened_year": 1862
      },
      "geometry": {
        "type": "Point",
        "coordinates": [
          10.72811,
          59.88555
        ]
      }
    },
    {
      "type": "Feature",
      "properties": {
        "name": "Culture Site 0159",
        "category": "culture",
        "visitors_per_year": 266964,
        "opened_year": 1991
      },
      "geometry": {
        "type": "Point",
        "coordinates": [
          10.74294,
          59.89987
        ]
      }
    },
    {
      "type": "Feature",
      "properties": {
        "name": "Landmark Site 0160",
        "category": "landmark",
        "visitors_per_year": 218049,
        "opened_year": 1887
      },
      "geometry": {
        "type": "Point",
        "coordinates": [
          10.85241,
          59.88591
        ]
      }
    },
    {
      "type": "Feature",
      "properties": {
        "name": "Sport Site 0161",
        "category": "sport",
        "visitors_per_year": 308224,
        "opened_year": 1948
      },
      "geometry": {
        "type": "Point",
        "coordinates": [
          10.64351,
          59.85033
        ]
      }
    },
    {
      "type": "Feature",
      "properties": {
        "name": "Museum Site 0162",
        "category": "museum",
        "visitors_per_year": 181444,
        "opened_year": 1885
      },
      "geometry": {
        "type": "Point",
        "coordinates": [
          10.72137,
          59.86932
        ]
      }
    },
    {
      "type": "Feature",
      "properties": {
        "name": "Sport Site 0163",
        "category": "sport",
        "visitors_per_year": 99408,
        "opened_year": 1978
      },
      "geometry": {
        "type": "Point",
        "coordinates": [
          10.81701,
          59.89904
        ]
      }
    },
    {
      "type": "Feature",
      "properties": {
        "name": "Landmark Site 0164",
        "category": "landmark",
        "visitors_per_year": 23383,
        "opened_year": 1881
      },
      "geometry": {
        "type": "Point",
        "coordinates": [
          10.75013,
          59.88036
        ]
      }
    },
    {
      "type": "Feature",
      "properties": {
        "name": "Museum Site 0165",
        "category": "museum",
        "visitors_per_year": 348464,
        "opened_year": 2002
      },
      "geometry": {
        "type": "Point",
        "coordinates": [
          10.71554,
          59.96875
        ]
      }
    },
    {
      "type": "Feature",
      "properties": {
        "name": "Museum Site 0166",
        "category": "museum",
        "visitors_per_year": 1553380,
        "opened_year": 1951
      },
      "geometry": {
        "type": "Point",
        "coordinates": [
          10.89329,
          59.91439
        ]
      }
    },
    {
      "type": "Feature",
      "properties": {
        "name": "Park Site 0167",
        "category": "park",
        "visitors_per_year": 276249,
        "opened_year": 1916
      },
      "geometry": {
        "type": "Point",
        "coordinates": [
          10.8544,
          59.96364
        ]
      }
    },
    {
      "type": "Feature",
      "properties": {
        "name": "Government Site 0168",
        "category": "government",
        "visitors_per_year": 81429,
        "opened_year": 1819
      },
      "geometry": {
        "type": "Point",
        "coordinates": [
          10.80286,
          59.9033
        ]
      }
    },
    {
      "type": "Feature",
      "properties": {
        "name": "Culture Site 0169",
        "category": "culture",
        "visitors_per_year": 208895,
        "opened_year": 1966
      },
      "geometry": {
        "type": "Point",
        "coordinates": [
          10.82353,
          59.88445
        ]
      }
    },
    {
      "type": "Feature",
      "properties": {
        "name": "Government Site 0170",
        "category": "government",
        "visitors_per_year": 199734,
        "opened_year": 1881
      },
      "geometry": {
        "type": "Point",
        "coordinates": [
          10.84812,
          59.9608
        ]
      }
    },
    {
      "type": "Feature",
      "properties": {
        "name": "Museum Site 0171",
        "category": "museum",
        "visitors_per_year": 19321,
        "opened_year": 1958
      },
      "geometry": {
        "type": "Point",
        "coordinates": [
          10.80155,
          59.94872
        ]
      }
    },
    {
      "type": "Feature",
      "properties": {
        "name": "Government Site 0172",
        "category": "government",
        "visitors_per_year": 119768,
        "opened_year": 1991
      },
      "geometry": {
        "type": "Point",
        "coordinates": [
          10.63217,
          59.93897
        ]
      }
    },
    {
      "type": "Feature",
      "properties": {
        "name": "Government Site 0173",
        "category": "government",
        "visitors_per_year": 53194,
        "opened_year": 1913
      },
      "geometry": {
        "type": "Point",
        "coordinates": [
          10.70189,
          59.8628
        ]
      }
    },
    {
      "type": "Feature",
      "properties": {
        "name": "Landmark Site 0174",
        "category": "landmark",
        "visitors_per_year": 617690,
        "opened_year": 1875
      },
      "geometry": {
        "type": "Point",
        "coordinates": [
          10.7929,
          59.96745
        ]
      }
    },
    {
      "type": "Feature",
      "properties": {
        "name": "Park Site 0175",
        "category": "park",
        "visitors_per_year": 297209,
        "opened_year": 1974
      },
      "geometry": {
        "type": "Point",
        "coordinates": [
          10.68119,
          59.86892
        ]
      }
    },
    {
      "type": "Feature",
      "properties": {
        "name": "Landmark Site 0176",
        "category": "landmark",
        "visitors_per_year": 325406,
        "opened_year": 1974
      },
      "geometry": {
        "type": "Point",
        "coordinates": [
          10.60949,
          59.86027
        ]
      }
    },
    {
      "type": "Feature",
      "properties": {
        "name": "Landmark Site 0177",
        "category": "landmark",
        "visitors_per_year": 334945,
        "opened_year": 1865
      },
      "geometry": {
        "type": "Point",
        "coordinates": [
          10.72418,
          59.92581
        ]
      }
    },
    {
      "type": "Feature",
      "properties": {
        "name": "Culture Site 0178",
        "category": "culture",
        "visitors_per_year": 151301,
        "opened_year": 1973
      },
      "geometry": {
        "type": "Point",
        "coordinates": [
          10.63936,
          59.85122
        ]
      }
    },
    {
      "type": "Feature",
      "properties": {
        "name": "Sport Site 0179",
        "category": "sport",
        "visitors_per_year": 308556,
        "opened_year": 1876
      },
      "geometry": {
        "type": "Point",
        "coordinates": [
          10.60529,
          59.90742
        ]
      }
    },
    {
      "type": "Feature",
      "properties": {
        "name": "Museum Site 0180",
        "category": "museum",
        "visitors_per_year": 158898,
        "opened_year": 1850
      },
      "geometry": {
        "type": "Point",
        "coordinates": [
          10.88671,
          59.93974
        ]
      }
    },
    {
      "type": "Feature",
      "properties": {
        "name": "Culture Site 0181",
        "category": "culture",
        "visitors_per_year": 188697,
        "opened_year": 1947
      },
      "geometry": {
        "type": "Point",
        "coordinates": [
          10.84867,
          59.86386
        ]
      }
    },
    {
      "type": "Feature",
      "properties": {
        "name": "Park Site 0182",
        "category": "park",
        "visitors_per_year": 345601,
        "opened_year": 1901
      },
      "geometry": {
        "type": "Point",
        "coordinates": [
          10.89744,
          59.88838
        ]
      }
    },
    {
      "type": "Feature",
      "properties": {
        "name": "Park Site 0183",
        "category": "park",
        "visitors_per_year": 26213,
        "opened_year": 1955
      },
      "geometry": {
        "type": "Point",
        "coordinates": [
          10.55283,
          59.96246
        ]
      }
    },
    {
      "type": "Feature",
      "properties": {
        "name": "Museum Site 0184",
        "category": "museum",
        "visitors_per_year": 121148,
        "opened_year": 1955
      },
      "geometry": {
        "type": "Point",
        "coordinates": [
          10.72385,
          59.96754
        ]
      }
    },
    {
      "type": "Feature",
      "properties": {
        "name": "Park Site 0185",
        "category": "park",
        "visitors_per_year": 396640,
        "opened_year": 1984
      },
      "geometry": {
        "type": "Point",
        "coordinates": [
          10.62665,
          59.87472
        ]
      }
    },
    {
      "type": "Feature",
      "properties": {
        "name": "Museum Site 0186",
        "category": "museum",
        "visitors_per_year": 1815875,
        "opened_year": 1965
      },
      "geometry": {
        "type": "Point",
        "coordinates": [
          10.7883,
          59.86778
        ]
      }
    },
    {
      "type": "Feature",
      "properties": {
        "name": "Government Site 0187",
        "category": "government",
        "visitors_per_year": 384467,
        "opened_year": 1833
      },
      "geometry": {
        "type": "Point",
        "coordinates": [
          10.65813,
          59.90731
        ]
      }
    },
    {
      "type": "Feature",
      "properties": {
        "name": "Government Site 0188",
        "category": "government",
        "visitors_per_year": 105774,
        "opened_year": 1833
      },
      "geometry": {
        "type": "Point",
        "coordinates": [
          10.86837,
          59.89247
        ]
      }
    },
    {
      "type": "Feature",
      "properties": {
        "name": "Sport Site 0189",
        "category": "sport",
        "visitors_per_year": 143382,
        "opened_year": 2012
      },
      "geometry": {
        "type": "Point",
        "coordinates": [
          10.85676,
          59.89756
        ]
      }
    },
    {
      "type": "Feature",
      "properties": {
        "name": "Landmark Site 0190",
        "category": "landmark",
        "visitors_per_year": 155239,
        "opened_year": 1991
      },
      "geometry": {
        "type": "Point",
        "coordinates": [
          10.63994,
          59.95721
        ]
      }
    },
    {
      "type": "Feature",
      "properties": {
        "name": "Park Site 0191",
        "category": "park",
        "visitors_per_year": 973148,
        "opened_year": 2020
      },
      "geometry": {
        "type": "Point",
        "coordinates": [
          10.83148,
          59.91088
        ]
      }
    },
    {
      "type": "Feature",
      "properties": {
        "name": "Museum Site 0192",
        "category": "museum",
        "visitors_per_year": 292692,
        "opened_year": 1893
      },
      "geometry": {
        "type": "Point",
        "coordinates": [
          10.80348,
          59.97739
        ]
      }
    },
    {
      "type": "Feature",
      "properties": {
        "name": "Government Site 0193",
        "category": "government",
        "visitors_per_year": 238938,
        "opened_year": 1894
      },
      "geometry": {
        "type": "Point",
        "coordinates": [
          10.82674,
          59.85181
        ]
      }
    },
    {
      "type": "Feature",
      "properties": {
        "name": "Museum Site 0194",
        "category": "museum",
        "visitors_per_year": 335283,
        "opened_year": 1895
      },
      "geometry": {
        "type": "Point",
        "coordinates": [
          10.81215,
          59.88408
        ]
      }
    },
    {
      "type": "Feature",
      "properties": {
        "name": "Government Site 0195",
        "category": "government",
        "visitors_per_year": 294839,
        "opened_year": 1883
      },
      "geometry": {
        "type": "Point",
        "coordinates": [
          10.78619,
          59.91129
        ]
      }
    },
    {
      "type": "Feature",
      "properties": {
        "name": "Sport Site 0196",
        "category": "sport",
        "visitors_per_year": 368066,
        "opened_year": 1877
      },
      "geometry": {
        "type": "Point",
        "coordinates": [
          10.62748,
          59.85822
        ]
      }
    },
    {
      "type": "Feature",
      "properties": {
        "name": "Museum Site 0197",
        "category": "museum",
        "visitors_per_year": 160074,
        "opened_year": 1926
      },
      "geometry": {
        "type": "Point",
        "coordinates": [
          10.6929,
          59.86817
        ]
      }
    },
    {
      "type": "Feature",
      "properties": {
        "name": "Government Site 0198",
        "category": "government",
        "visitors_per_year": 1451359,
        "opened_year": 1894
      },
      "geometry": {
        "type": "Point",
        "coordinates": [
          10.58402,
          59.96534
        ]
      }
    },
    {
      "type": "Feature",
      "properties": {
        "name": "Museum Site 0199",
        "category": "museum",
        "visitors_per_year": 308435,
        "opened_year": 1990
      },
      "geometry": {
        "type": "Point",
        "coordinates": [
          10.88228,
          59.94054
        ]
      }
    },
    {
      "type": "Feature",
      "properties": {
        "name": "Museum Site 0200",
        "category": "museum",
        "visitors_per_year": 1526235,
        "opened_year": 1957
      },
      "geometry": {
        "type": "Point",
        "coordinates": [
          10.60408,
          59.90393
        ]
      }
    },
    {
      "type": "Feature",
      "properties": {
        "name": "Culture Site 0201",
        "category": "culture",
        "visitors_per_year": 114411,
        "opened_year": 1913
      },
      "geometry": {
        "type": "Point",
        "coordinates": [
          10.87867,
          59.88637
        ]
      }
    },
    {
      "type": "Feature",
      "properties": {
        "name": "Culture Site 0202",
        "category": "culture",
        "visitors_per_year": 1937975,
        "opened_year": 1894
      },
      "geometry": {
        "type": "Point",
        "coordinates": [
          10.88269,
          59.96121
        ]
      }
    },
    {
      "type": "Feature",
      "properties": {
        "name": "Sport Site 0203",
        "category": "sport",
        "visitors_per_year": 1078565,
        "opened_year": 1848
      },
      "geometry": {
        "type": "Point",
        "coordinates": [
          10.86559,
          59.93383
        ]
      }
    },
    {
      "type": "Feature",
      "properties": {
        "name": "Government Site 0204",
        "category": "government",
        "visitors_per_year": 944818,
        "opened_year": 1964
      },
      "geometry": {
        "type": "Point",
        "coordinates": [
          10.88215,
          59.95714
        ]
      }
    },
    {
      "type": "Feature",
      "properties": {
        "name": "Museum Site 0205",
        "category": "museum",
        "visitors_per_year": 128200,
        "opened_year": 1832
      },
      "geometry": {
        "type": "Point",
        "coordinates": [
          10.759,
          59.85278
        ]
      }
    },
    {
      "type": "Feature",
      "properties": {
        "name": "Sport Site 0206",
        "category": "sport",
        "visitors_per_year": 307933,
        "opened_year": 1855
      },
      "geometry": {
        "type": "Point",
        "coordinates": [
          10.62182,
          59.95788
        ]
      }
    },
    {
      "type": "Feature",
      "properties": {
        "name": "Landmark Site 0207",
        "category": "landmark",
        "visitors_per_year": 1986,
        "opened_year": 1870
      },
      "geometry": {
        "type": "Point",
        "coordinates": [
          10.665,
          59.86918
        ]
      }
    },
    {
      "type": "Feature",
      "properties": {
        "name": "Landmark Site 0208",
        "category": "landmark",
        "visitors_per_year": 58133,
        "opened_year": 1969
      },
      "geometry": {
        "type": "Point",
        "coordinates": [
          10.89563,
          59.92023
        ]
      }
    },
    {
      "type": "Feature",
      "properties": {
        "name": "Government Site 0209",
        "category": "government",
        "visitors_per_year": 309228,
        "opened_year": 1882
      },
      "geometry": {
        "type": "Point",
        "coordinates": [
          10.59613,
          59.89657
        ]
      }
    },
    {
      "type": "Feature",
      "properties": {
        "name": "Government Site 0210",
        "category": "government",
        "visitors_per_year": 276320,
        "opened_year": 1829
      },
      "geometry": {
        "type": "Point",
        "coordinates": [
          10.61099,
          59.85681
        ]
      }
    },
    {
      "type": "Feature",
      "properties": {
        "name": "Museum Site 0211",
        "category": "museum",
        "visitors_per_year": 311751,
        "opened_year": 1827
      },
      "geometry": {
        "type": "Point",
        "coordinates": [
          10.57225,
          59.90828
        ]
      }
    },
    {
      "type": "Feature",
      "properties": {
        "name": "Culture Site 0212",
        "category": "culture",
        "visitors_per_year": 1881819,
        "opened_year": 1933
      },
      "geometry": {
        "type": "Point",
        "coordinates": [
          10.72634,
          59.9729
        ]
      }
    },
    {
      "type": "Feature",
      "properties": {
        "name": "Park Site 0213",
        "category": "park",
        "visitors_per_year": 1504497,
        "opened_year": 2016
      },
      "geometry": {
        "type": "Point",
        "coordinates": [
          10.71031,
          59.97532
        ]
      }
    },
    {
      "type": "Feature",
      "properties": {
        "name": "Culture Site 0214",
        "category": "culture",
        "visitors_per_year": 233054,
        "opened_year": 1818
      },
      "geometry": {
        "type": "Point",
        "coordinates": [
          10.6992,
          59.86404
        ]
      }
    },
    {
      "type": "Feature",
      "properties": {
        "name": "Government Site 0215",
        "category": "government",
        "visitors_per_year": 1809288,
        "opened_year": 1962
      },
      "geometry": {
        "type": "Point",
        "coordinates": [
          10.66274,
          59.86928
        ]
      }
    },
    {
      "type": "Feature",
      "properties": {
        "name": "Sport Site 0216",
        "category": "sport",
        "visitors_per_year": 278664,
        "opened_year": 1875
      },
      "geometry": {
        "type": "Point",
        "coordinates": [
          10.74192,
          59.89227
        ]
      }
    },
    {
      "type": "Feature",
      "properties": {
        "name": "Culture Site 0217",
        "category": "culture",
        "visitors_per_year": 60485,
        "opened_year": 2018
      },
      "geometry": {
        "type": "Point",
        "coordinates": [
          10.72694,
          59.90593
        ]
      }
    },
    {
      "type": "Feature",
      "properties": {
        "name": "Museum Site 0218",
        "category": "museum",
        "visitors_per_year": 113234,
        "opened_year": 1910
      },
      "geometry": {
        "type": "Point",
        "coordinates": [
          10.77782,
          59.94997
        ]
      }
    },
    {
      "type": "Feature",
      "properties": {
        "name": "Culture Site 0219",
        "category": "culture",
        "visitors_per_year": 209549,
        "opened_year": 1906
      },
      "geometry": {
        "type": "Point",
        "coordinates": [
          10.86083,
          59.9038
        ]
      }
    },
    {
      "type": "Feature",
      "properties": {
        "name": "Museum Site 0220",
        "category": "museum",
        "visitors_per_year": 196741,
        "opened_year": 1839
      },
      "geometry": {
        "type": "Point",
        "coordinates": [
          10.58328,
          59.90548
        ]
      }
    },
    {
      "type": "Feature",
      "properties": {
        "name": "Museum Site 0221",
        "category": "museum",
        "visitors_per_year": 49379,
        "opened_year": 1910
      },
      "geometry": {
        "type": "Point",
        "coordinates": [
          10.87304,
          59.85873
        ]
      }
    },
    {
      "type": "Feature",
      "properties": {
        "name": "Government Site 0222",
        "category": "government",
        "visitors_per_year": 625789,
        "opened_year": 1950
      },
      "geometry": {
        "type": "Point",
        "coordinates": [
          10.81061,
          59.89844
        ]
      }
    },
    {
      "type": "Feature",
      "properties": {
        "name": "Sport Site 0223",
        "category": "sport",
        "visitors_per_year": 349330,
        "opened_year": 1992
      },
      "geometry": {
        "type": "Point",
        "coordinates": [
          10.74659,
          59.9371
        ]
      }
    },
    {
      "type": "Feature",
      "properties": {
        "name": "Culture Site 0224",
        "category": "culture",
        "visitors_per_year": 315287,
        "opened_year": 1879
      },
      "geometry": {
        "type": "Point",
        "coordinates": [
          10.85383,
          59.94374
        ]
      }
    },
    {
      "type": "Feature",
      "properties": {
        "name": "Park Site 0225",
        "category": "park",
        "visitors_per_year": 253306,
        "opened_year": 1857
      },
      "geometry": {
        "type": "Point",
        "coordinates": [
          10.58626,
          59.91596
        ]
      }
    },
    {
      "type": "Feature",
      "properties": {
        "name": "Government Site 0226",
        "category": "government",
        "visitors_per_year": 1084199,
        "opened_year": 1946
      },
      "geometry": {
        "type": "Point",
        "coordinates": [
          10.67254,
          59.92231
        ]
      }
    },
    {
      "type": "Feature",
      "properties": {
        "name": "Landmark Site 0227",
        "category": "landmark",
        "visitors_per_year": 326462,
        "opened_year": 1957
      },
      "geometry": {
        "type": "Point",
        "coordinates": [
          10.83253,
          59.95987
        ]
      }
    },
    {
      "type": "Feature",
      "properties": {
        "name": "Museum Site 0228",
        "category": "museum",
        "visitors_per_year": 364078,
        "opened_year": 1868
      },
      "geometry": {
        "type": "Point",
        "coordinates": [
          10.77494,
          59.85341
        ]
      }
    },
    {
      "type": "Feature",
      "properties": {
        "name": "Government Site 0229",
        "category": "government",
        "visitors_per_year": 178665,
        "opened_year": 1889
      },
      "geometry": {
        "type": "Point",
        "coordinates": [
          10.61315,
          59.94135
        ]
      }
    },
    {
      "type": "Feature",
      "properties": {
        "name": "Government Site 0230",
        "category": "government",
        "visitors_per_year": 36982,
        "opened_year": 1836
      },
      "geometry": {
        "type": "Point",
        "coordinates": [
          10.61349,
          59.86862
        ]
      }
    },
    {
      "type": "Feature",
      "properties": {
        "name": "Museum Site 0231",
        "category": "museum",
        "visitors_per_year": 113291,
        "opened_year": 1896
      },
      "geometry": {
        "type": "Point",
        "coordinates": [
          10.77161,
          59.85399
        ]
      }
    },
    {
      "type": "Feature",
      "properties": {
        "name": "Culture Site 0232",
        "category": "culture",
        "visitors_per_year": 170570,
        "opened_year": 1998
      },
      "geometry": {
        "type": "Point",
        "coordinates": [
          10.70878,
          59.87046
        ]
      }
    },
    {
      "type": "Feature",
      "properties": {
        "name": "Sport Site 0233",
        "category": "sport",
        "visitors_per_year": 396041,
        "opened_year": 1958
      },
      "geometry": {
        "type": "Point",
        "coordinates": [
          10.75868,
          59.96483
        ]
      }
    },
    {
      "type": "Feature",
      "properties": {
        "name": "Government Site 0234",
        "category": "government",
        "visitors_per_year": 255126,
        "opened_year": 1955
      },
      "geometry": {
        "type": "Point",
        "coordinates": [
          10.78589,
          59.88537
        ]
      }
    },
    {
      "type": "Feature",
      "properties": {
        "name": "Culture Site 0235",
        "category": "culture",
        "visitors_per_year": 181469,
        "opened_year": 1910
      },
      "geometry": {
        "type": "Point",
        "coordinates": [
          10.69496,
          59.87802
        ]
      }
    },
    {
      "type": "Feature",
      "properties": {
        "name": "Government Site 0236",
        "category": "government",
        "visitors_per_year": 350269,
        "opened_year": 1878
      },
      "geometry": {
        "type": "Point",
        "coordinates": [
          10.64914,
          59.9382
        ]
      }
    },
    {
      "type": "Feature",
      "properties": {
        "name": "Government Site 0237",
        "category": "government",
        "visitors_per_year": 928706,
        "opened_year": 1877
      },
      "geometry": {
        "type": "Point",
        "coordinates": [
          10.62718,
          59.97798
        ]
      }
    },
    {
      "type": "Feature",
      "properties": {
        "name": "Landmark Site 0238",
        "category": "landmark",
        "visitors_per_year": 63406,
        "opened_year": 1801
      },
      "geometry": {
        "type": "Point",
        "coordinates": [
          10.81857,
          59.94934
        ]
      }
    },
    {
      "type": "Feature",
      "properties": {
        "name": "Culture Site 0239",
        "category": "culture",
        "visitors_per_year": 369426,
        "opened_year": 1858
      },
      "geometry": {
        "type": "Point",
        "coordinates": [
          10.81145,
          59.87284
        ]
      }
    },
    {
      "type": "Feature",
      "properties": {
        "name": "Sport Site 0240",
        "category": "sport",
        "visitors_per_year": 208679,
        "opened_year": 2020
      },
      "geometry": {
        "type": "Point",
        "coordinates": [
          10.74555,
          59.93685
        ]
      }
    },
    {
      "type": "Feature",
      "properties": {
        "name": "Museum Site 0241",
        "category": "museum",
        "visitors_per_year": 164633,
        "opened_year": 1947
      },
      "geometry": {
        "type": "Point",
        "coordinates": [
          10.56481,
          59.85244
        ]
      }
    },
    {
      "type": "Feature",
      "properties": {
        "name": "Culture Site 0242",
        "category": "culture",
        "visitors_per_year": 60884,
        "opened_year": 1903
      },
      "geometry": {
        "type": "Point",
        "coordinates": [
          10.75069,
          59.94223
        ]
      }
    },
    {
      "type": "Feature",
      "properties": {
        "name": "Government Site 0243",
        "category": "government",
        "visitors_per_year": 241723,
        "opened_year": 2012
      },
      "geometry": {
        "type": "Point",
        "coordinates": [
          10.88817,
          59.87234
        ]
      }
    },
    {
      "type": "Feature",
      "properties": {
        "name": "Museum Site 0244",
        "category": "museum",
        "visitors_per_year": 128067,
        "opened_year": 1911
      },
      "geometry": {
        "type": "Point",
        "coordinates": [
          10.87192,
          59.86146
        ]
      }
    },
    {
      "type": "Feature",
      "properties": {
        "name": "Sport Site 0245",
        "category": "sport",
        "visitors_per_year": 391516,
        "opened_year": 1886
      },
      "geometry": {
        "type": "Point",
        "coordinates": [
          10.69016,
          59.86022
        ]
      }
    },
    {
      "type": "Feature",
      "properties": {
        "name": "Landmark Site 0246",
        "category": "landmark",
        "visitors_per_year": 60282,
        "opened_year": 1935
      },
      "geometry": {
        "type": "Point",
        "coordinates": [
          10.66657,
          59.87186
        ]
      }
    },
    {
      "type": "Feature",
      "properties": {
        "name": "Sport Site 0247",
        "category": "sport",
        "visitors_per_year": 338898,
        "opened_year": 2008
      },
      "geometry": {
        "type": "Point",
        "coordinates": [
          10.61787,
          59.95091
        ]
      }
    },
    {
      "type": "Feature",
      "properties": {
        "name": "Landmark Site 0248",
        "category": "landmark",
        "visitors_per_year": 316330,
        "opened_year": 1839
      },
      "geometry": {
        "type": "Point",
        "coordinates": [
          10.63269,
          59.86904
        ]
      }
    },
    {
      "type": "Feature",
      "properties": {
        "name": "Museum Site 0249",
        "category": "museum",
        "visitors_per_year": 243745,
        "opened_year": 1993
      },
      "geometry": {
        "type": "Point",
        "coordinates": [
          10.57637,
          59.97367
        ]
      }
    },
    {
      "type": "Feature",
      "properties": {
        "name": "Sport Site 0250",
        "category": "sport",
        "visitors_per_year": 296456,
        "opened_year": 1964
      },
      "geometry": {
        "type": "Point",
        "coordinates": [
          10.81596,
          59.90836
        ]
      }
    },
    {
      "type": "Feature",
      "properties": {
        "name": "Museum Site 0251",
        "category": "museum",
        "visitors_per_year": 166247,
        "opened_year": 1838
      },
      "geometry": {
        "type": "Point",
        "coordinates": [
          10.89529,
          59.89202
        ]
      }
    },
    {
      "type": "Feature",
      "properties": {
        "name": "Culture Site 0252",
        "category": "culture",
        "visitors_per_year": 144508,
        "opened_year": 1951
      },
      "geometry": {
        "type": "Point",
        "coordinates": [
          10.5739,
          59.90749
        ]
      }
    },
    {
      "type": "Feature",
      "properties": {
        "name": "Government Site 0253",
        "category": "government",
        "visitors_per_year": 20217,
        "opened_year": 1814
      },
      "geometry": {
        "type": "Point",
        "coordinates": [
          10.67318,
          59.85964
        ]
      }
    },
    {
      "type": "Feature",
      "properties": {
        "name": "Park Site 0254",
        "category": "park",
        "visitors_per_year": 47841,
        "opened_year": 1957
      },
      "geometry": {
        "type": "Point",
        "coordinates": [
          10.84109,
          59.85998
        ]
      }
    },
    {
      "type": "Feature",
      "properties": {
        "name": "Sport Site 0255",
        "category": "sport",
        "visitors_per_year": 387907,
        "opened_year": 1810
      },
      "geometry": {
        "type": "Point",
        "coordinates": [
          10.72747,
          59.91015
        ]
      }
    },
    {
      "type": "Feature",
      "properties": {
        "name": "Culture Site 0256",
        "category": "culture",
        "visitors_per_year": 317697,
        "opened_year": 1921
      },
      "geometry": {
        "type": "Point",
        "coordinates": [
          10.86817,
          59.92432
        ]
      }
    },
    {
      "type": "Feature",
      "properties": {
        "name": "Sport Site 0257",
        "category": "sport",
        "visitors_per_year": 1220241,
        "opened_year": 1982
      },
      "geometry": {
        "type": "Point",
        "coordinates": [
          10.6028,
          59.85804
        ]
      }
    },
    {
      "type": "Feature",
      "properties": {
        "name": "Government Site 0258",
        "category": "government",
        "visitors_per_year": 230011,
        "opened_year": 1912
      },
      "geometry": {
        "type": "Point",
        "coordinates": [
          10.72659,
          59.87243
        ]
      }
    },
    {
      "type": "Feature",
      "properties": {
        "name": "Sport Site 0259",
        "category": "sport",
        "visitors_per_year": 148817,
        "opened_year": 1899
      },
      "geometry": {
        "type": "Point",
        "coordinates": [
          10.73296,
          59.87064
        ]
      }
    },
    {
      "type": "Feature",
      "properties": {
        "name": "Culture Site 0260",
        "category": "culture",
        "visitors_per_year": 1823065,
        "opened_year": 1965
      },
      "geometry": {
        "type": "Point",
        "coordinates": [
          10.82106,
          59.93826
        ]
      }
    },
    {
      "type": "Feature",
      "properties": {
        "name": "Park Site 0261",
        "category": "park",
        "visitors_per_year": 149474,
        "opened_year": 1864
      },
      "geometry": {
        "type": "Point",
        "coordinates": [
          10.57307,
          59.86229
        ]
      }
    },
    {
      "type": "Feature",
      "properties": {
        "name": "Museum Site 0262",
        "category": "museum",
        "visitors_per_year": 79338,
        "opened_year": 1885
      },
      "geometry": {
        "type": "Point",
        "coordinates": [
          10.84805,
          59.97537
        ]
      }
    },
    {
      "type": "Feature",
      "properties": {
        "name": "Government Site 0263",
        "category": "government",
        "visitors_per_year": 344461,
        "opened_year": 1978
      },
      "geometry": {
        "type": "Point",
        "coordinates": [
          10.75396,
          59.86839
        ]
      }
    },
    {
      "type": "Feature",
      "properties": {
        "name": "Museum Site 0264",
        "category": "museum",
        "visitors_per_year": 162810,
        "opened_year": 1943
      },
      "geometry": {
        "type": "Point",
        "coordinates": [
          10.68719,
          59.92736
        ]
      }
    },
    {
      "type": "Feature",
      "properties": {
        "name": "Culture Site 0265",
        "category": "culture",
        "visitors_per_year": 1973943,
        "opened_year": 2012
      },
      "geometry": {
        "type": "Point",
        "coordinates": [
          10.77522,
          59.8927
        ]
      }
    },
    {
      "type": "Feature",
      "properties": {
        "name": "Museum Site 0266",
        "category": "museum",
        "visitors_per_year": 1906048,
        "opened_year": 1908
      },
      "geometry": {
        "type": "Point",
        "coordinates": [
          10.89901,
          59.96862
        ]
      }
    },
    {
      "type": "Feature",
      "properties": {
        "name": "Sport Site 0267",
        "category": "sport",
        "visitors_per_year": 112798,
        "opened_year": 1887
      },
      "geometry": {
        "type": "Point",
        "coordinates": [
          10.67664,
          59.89714
        ]
      }
    },
    {
      "type": "Feature",
      "properties": {
        "name": "Culture Site 0268",
        "category": "culture",
        "visitors_per_year": 155580,
        "opened_year": 2016
      },
      "geometry": {
        "type": "Point",
        "coordinates": [
          10.6172,
          59.98
        ]
      }
    },
    {
      "type": "Feature",
      "properties": {
        "name": "Government Site 0269",
        "category": "government",
        "visitors_per_year": 276554,
        "opened_year": 1809
      },
      "geometry": {
        "type": "Point",
        "coordinates": [
          10.72769,
          59.92017
        ]
      }
    },
    {
      "type": "Feature",
      "properties": {
        "name": "Museum Site 0270",
        "category": "museum",
        "visitors_per_year": 1290038,
        "opened_year": 1839
      },
      "geometry": {
        "type": "Point",
        "coordinates": [
          10.66787,
          59.94962
        ]
      }
    },
    {
      "type": "Feature",
      "properties": {
        "name": "Landmark Site 0271",
        "category": "landmark",
        "visitors_per_year": 87290,
        "opened_year": 1984
      },
      "geometry": {
        "type": "Point",
        "coordinates": [
          10.6133,
          59.94007
        ]
      }
    },
    {
      "type": "Feature",
      "properties": {
        "name": "Culture Site 0272",
        "category": "culture",
        "visitors_per_year": 233388,
        "opened_year": 1956
      },
      "geometry": {
        "type": "Point",
        "coordinates": [
          10.56529,
          59.89736
        ]
      }
    },
    {
      "type": "Feature",
      "properties": {
        "name": "Park Site 0273",
        "category": "park",
        "visitors_per_year": 125893,
        "opened_year": 1879
      },
      "geometry": {
        "type": "Point",
        "coordinates": [
          10.81334,
          59.95189
        ]
      }
    },
    {
      "type": "Feature",
      "properties": {
        "name": "Culture Site 0274",
        "category": "culture",
        "visitors_per_year": 299564,
        "opened_year": 1912
      },
      "geometry": {
        "type": "Point",
        "coordinates": [
          10.86639,
          59.87522
        ]
      }
    },
    {
      "type": "Feature",
      "properties": {
        "name": "Culture Site 0275",
        "category": "culture",
        "visitors_per_year": 219998,
        "opened_year": 1841
      },
      "geometry": {
        "type": "Point",
        "coordinates": [
          10.8193,
          59.95116
        ]
      }
    },
    {
      "type": "Feature",
      "properties": {
        "name": "Landmark Site 0276",
        "category": "landmark",
        "visitors_per_year": 336662,
        "opened_year": 1923
      },
      "geometry": {
        "type": "Point",
        "coordinates": [
          10.83044,
          59.86799
        ]
      }
    },
    {
      "type": "Feature",
      "properties": {
        "name": "Park Site 0277",
        "category": "park",
        "visitors_per_year": 65867,
        "opened_year": 1872
      },
      "geometry": {
        "type": "Point",
        "coordinates": [
          10.74409,
          59.86334
        ]
      }
    },
    {
      "type": "Feature",
      "properties": {
        "name": "Government Site 0278",
        "category": "government",
        "visitors_per_year": 77753,
        "opened_year": 2012
      },
      "geometry": {
        "type": "Point",
        "coordinates": [
          10.81709,
          59.88546
        ]
      }
    },
    {
      "type": "Feature",
      "properties": {
        "name": "Culture Site 0279",
        "category": "culture",
        "visitors_per_year": 183783,
        "opened_year": 1806
      },
      "geometry": {
        "type": "Point",
        "coordinates": [
          10.5821,
          59.96837
        ]
      }
    },
    {
      "type": "Feature",
      "properties": {
        "name": "Culture Site 0280",
        "category": "culture",
        "visitors_per_year": 43284,
        "opened_year": 1895
      },
      "geometry": {
        "type": "Point",
        "coordinates": [
          10.56864,
          59.91526
        ]
      }
    },
    {
      "type": "Feature",
      "properties": {
        "name": "Landmark Site 0281",
        "category": "landmark",
        "visitors_per_year": 341266,
        "opened_year": 1885
      },
      "geometry": {
        "type": "Point",
        "coordinates": [
          10.55987,
          59.97101
        ]
      }
    },
    {
      "type": "Feature",
      "properties": {
        "name": "Landmark Site 0282",
        "category": "landmark",
        "visitors_per_year": 365442,
        "opened_year": 2012
      },
      "geometry": {
        "type": "Point",
        "coordinates": [
          10.59816,
          59.88729
        ]
      }
    },
    {
      "type": "Feature",
      "properties": {
        "name": "Landmark Site 0283",
        "category": "landmark",
        "visitors_per_year": 42037,
        "opened_year": 1804
      },
      "geometry": {
        "type": "Point",
        "coordinates": [
          10.81559,
          59.91098
        ]
      }
    },
    {
      "type": "Feature",
      "properties": {
        "name": "Park Site 0284",
        "category": "park",
        "visitors_per_year": 319728,
        "opened_year": 1935
      },
      "geometry": {
        "type": "Point",
        "coordinates": [
          10.62548,
          59.86944
        ]
      }
    },
    {
      "type": "Feature",
      "properties": {
        "name": "Culture Site 0285",
        "category": "culture",
        "visitors_per_year": 25534,
        "opened_year": 1861
      },
      "geometry": {
        "type": "Point",
        "coordinates": [
          10.58892,
          59.88745
        ]
      }
    },
    {
      "type": "Feature",
      "properties": {
        "name": "Culture Site 0286",
        "category": "culture",
        "visitors_per_year": 1548217,
        "opened_year": 1952
      },
      "geometry": {
        "type": "Point",
        "coordinates": [
          10.77363,
          59.93097
        ]
      }
    },
    {
      "type": "Feature",
      "properties": {
        "name": "Sport Site 0287",
        "category": "sport",
        "visitors_per_year": 75775,
        "opened_year": 1874
      },
      "geometry": {
        "type": "Point",
        "coordinates": [
          10.55575,
          59.917
        ]
      }
    },
    {
      "type": "Feature",
      "properties": {
        "name": "Culture Site 0288",
        "category": "culture",
        "visitors_per_year": 98706,
        "opened_year": 1970
      },
      "geometry": {
        "type": "Point",
        "coordinates": [
          10.55055,
          59.89587
        ]
      }
    },
    {
      "type": "Feature",
      "properties": {
        "name": "Museum Site 0289",
        "category": "museum",
        "visitors_per_year": 1603226,
        "opened_year": 1939
      },
      "geometry": {
        "type": "Point",
        "coordinates": [
          10.57996,
          59.97671
        ]
      }
    },
    {
      "type": "Feature",
      "properties": {
        "name": "Sport Site 0290",
        "category": "sport",
        "visitors_per_year": 1485944,
        "opened_year": 1811
      },
      "geometry": {
        "type": "Point",
        "coordinates": [
          10.82524,
          59.91599
        ]
      }
    },
    {
      "type": "Feature",
      "properties": {
        "name": "Museum Site 0291",
        "category": "museum",
        "visitors_per_year": 187720,
        "opened_year": 2001
      },
      "geometry": {
        "type": "Point",
        "coordinates": [
          10.68541,
          59.89853
        ]
      }
    },
    {
      "type": "Feature",
      "properties": {
        "name": "Government Site 0292",
        "category": "government",
        "visitors_per_year": 305584,
        "opened_year": 1988
      },
      "geometry": {
        "type": "Point",
        "coordinates": [
          10.67068,
          59.94528
        ]
      }
    },
    {
      "type": "Feature",
      "properties": {
        "name": "Park Site 0293",
        "category": "park",
        "visitors_per_year": 337510,
        "opened_year": 1844
      },
      "geometry": {
        "type": "Point",
        "coordinates": [
          10.59669,
          59.8958
        ]
      }
    },
    {
      "type": "Feature",
      "properties": {
        "name": "Museum Site 0294",
        "category": "museum",
        "visitors_per_year": 71201,
        "opened_year": 1816
      },
      "geometry": {
        "type": "Point",
        "coordinates": [
          10.71262,
          59.9404
        ]
      }
    },
    {
      "type": "Feature",
      "properties": {
        "name": "Museum Site 0295",
        "category": "museum",
        "visitors_per_year": 23467,
        "opened_year": 2002
      },
      "geometry": {
        "type": "Point",
        "coordinates": [
          10.82167,
          59.9095
        ]
      }
    },
    {
      "type": "Feature",
      "properties": {
        "name": "Landmark Site 0296",
        "category": "landmark",
        "visitors_per_year": 209284,
        "opened_year": 2008
      },
      "geometry": {
        "type": "Point",
        "coordinates": [
          10.86003,
          59.89103
        ]
      }
    },
    {
      "type": "Feature",
      "properties": {
        "name": "Sport Site 0297",
        "category": "sport",
        "visitors_per_year": 150504,
        "opened_year": 1891
      },
      "geometry": {
        "type": "Point",
        "coordinates": [
          10.71569,
          59.85476
        ]
      }
    },
    {
      "type": "Feature",
      "properties": {
        "name": "Government Site 0298",
        "category": "government",
        "visitors_per_year": 1271792,
        "opened_year": 1911
      },
      "geometry": {
        "type": "Point",
        "coordinates": [
          10.85303,
          59.89315
        ]
      }
    },
    {
      "type": "Feature",
      "properties": {
        "name": "Culture Site 0299",
        "category": "culture",
        "visitors_per_year": 98446,
        "opened_year": 1927
      },
      "geometry": {
        "type": "Point",
        "coordinates": [
          10.81016,
          59.9663
        ]
      }
    },
    {
      "type": "Feature",
      "properties": {
        "name": "Museum Site 0300",
        "category": "museum",
        "visitors_per_year": 43812,
        "opened_year": 1986
      },
      "geometry": {
        "type": "Point",
        "coordinates": [
          10.72413,
          59.97016
        ]
      }
    },
    {
      "type": "Feature",
      "properties": {
        "name": "Culture Site 0301",
        "category": "culture",
        "visitors_per_year": 286485,
        "opened_year": 1875
      },
      "geometry": {
        "type": "Point",
        "coordinates": [
          10.57762,
          59.92832
        ]
      }
    },
    {
      "type": "Feature",
      "properties": {
        "name": "Park Site 0302",
        "category": "park",
        "visitors_per_year": 234288,
        "opened_year": 1954
      },
      "geometry": {
        "type": "Point",
        "coordinates": [
          10.58591,
          59.89263
        ]
      }
    },
    {
      "type": "Feature",
      "properties": {
        "name": "Museum Site 0303",
        "category": "museum",
        "visitors_per_year": 22706,
        "opened_year": 1986
      },
      "geometry": {
        "type": "Point",
        "coordinates": [
          10.69914,
          59.93967
        ]
      }
    },
    {
      "type": "Feature",
      "properties": {
        "name": "Park Site 0304",
        "category": "park",
        "visitors_per_year": 30572,
        "opened_year": 1819
      },
      "geometry": {
        "type": "Point",
        "coordinates": [
          10.7652,
          59.90654
        ]
      }
    },
    {
      "type": "Feature",
      "properties": {
        "name": "Museum Site 0305",
        "category": "museum",
        "visitors_per_year": 356706,
        "opened_year": 1840
      },
      "geometry": {
        "type": "Point",
        "coordinates": [
          10.77313,
          59.89723
        ]
      }
    },
    {
      "type": "Feature",
      "properties": {
        "name": "Government Site 0306",
        "category": "government",
        "visitors_per_year": 18744,
        "opened_year": 1832
      },
      "geometry": {
        "type": "Point",
        "coordinates": [
          10.59997,
          59.92898
        ]
      }
    },
    {
      "type": "Feature",
      "properties": {
        "name": "Government Site 0307",
        "category": "government",
        "visitors_per_year": 297899,
        "opened_year": 1808
      },
      "geometry": {
        "type": "Point",
        "coordinates": [
          10.6326,
          59.93387
        ]
      }
    },
    {
      "type": "Feature",
      "properties": {
        "name": "Sport Site 0308",
        "category": "sport",
        "visitors_per_year": 233252,
        "opened_year": 1995
      },
      "geometry": {
        "type": "Point",
        "coordinates": [
          10.6037,
          59.90849
        ]
      }
    },
    {
      "type": "Feature",
      "properties": {
        "name": "Government Site 0309",
        "category": "government",
        "visitors_per_year": 341056,
        "opened_year": 1871
      },
      "geometry": {
        "type": "Point",
        "coordinates": [
          10.75087,
          59.91883
        ]
      }
    },
    {
      "type": "Feature",
      "properties": {
        "name": "Landmark Site 0310",
        "category": "landmark",
        "visitors_per_year": 271947,
        "opened_year": 1899
      },
      "geometry": {
        "type": "Point",
        "coordinates": [
          10.88618,
          59.85337
        ]
      }
    },
    {
      "type": "Feature",
      "properties": {
        "name": "Sport Site 0311",
        "category": "sport",
        "visitors_per_year": 112996,
        "opened_year": 1956
      },
      "geometry": {
        "type": "Point",
        "coordinates": [
          10.59122,
          59.95075
        ]
      }
    },
    {
      "type": "Feature",
      "properties": {
        "name": "Park Site 0312",
        "category": "park",
        "visitors_per_year": 71660,
        "opened_year": 2018
      },
      "geometry": {
        "type": "Point",
        "coordinates": [
          10.79289,
          59.97982
        ]
      }
    },
    {
      "type": "Feature",
      "properties": {
        "name": "Government Site 0313",
        "category": "government",
        "visitors_per_year": 46527,
        "opened_year": 2007
      },
      "geometry": {
        "type": "Point",
        "coordinates": [
          10.70821,
          59.96683
        ]
      }
    },
    {
      "type": "Feature",
      "properties": {
        "name": "Museum Site 0314",
        "category": "museum",
        "visitors_per_year": 372503,
        "opened_year": 1816
      },
      "geometry": {
        "type": "Point",
        "coordinates": [
          10.88865,
          59.97825
        ]
      }
    },
    {
      "type": "Feature",
      "properties": {
        "name": "Sport Site 0315",
        "category": "sport",
        "visitors_per_year": 373692,
        "opened_year": 1981
      },
      "geometry": {
        "type": "Point",
        "coordinates": [
          10.73976,
          59.96587
        ]
      }
    },
    {
      "type": "Feature",
      "properties": {
        "name": "Museum Site 0316",
        "category": "museum",
        "visitors_per_year": 64128,
        "opened_year": 1851
      },
      "geometry": {
        "type": "Point",
        "coordinates": [
          10.7732,
          59.95318
        ]
      }
    },
    {
      "type": "Feature",
      "properties": {
        "name": "Landmark Site 0317",
        "category": "landmark",
        "visitors_per_year": 300538,
        "opened_year": 1894
      },
      "geometry": {
        "type": "Point",
        "coordinates": [
          10.63286,
          59.91422
        ]
      }
    },
    {
      "type": "Feature",
      "properties": {
        "name": "Culture Site 0318",
        "category": "culture",
        "visitors_per_year": 45701,
        "opened_year": 1816
      },
      "geometry": {
        "type": "Point",
        "coordinates": [
          10.83128,
          59.92171
        ]
      }
    },
    {
      "type": "Feature",
      "properties": {
        "name": "Park Site 0319",
        "category": "park",
        "visitors_per_year": 215874,
        "opened_year": 1996
      },
      "geometry": {
        "type": "Point",
        "coordinates": [
          10.68936,
          59.9432
        ]
      }
    },
    {
      "type": "Feature",
      "properties": {
        "name": "Culture Site 0320",
        "category": "culture",
        "visitors_per_year": 337270,
        "opened_year": 1818
      },
      "geometry": {
        "type": "Point",
        "coordinates": [
          10.83817,
          59.85959
        ]
      }
    },
    {
      "type": "Feature",
      "properties": {
        "name": "Culture Site 0321",
        "category": "culture",
        "visitors_per_year": 1656167,
        "opened_year": 1963
      },
      "geometry": {
        "type": "Point",
        "coordinates": [
          10.71304,
          59.91726
        ]
      }
    },
    {
      "type": "Feature",
      "properties": {
        "name": "Sport Site 0322",
        "category": "sport",
        "visitors_per_year": 29552,
        "opened_year": 2012
      },
      "geometry": {
        "type": "Point",
        "coordinates": [
          10.61369,
          59.97561
        ]
      }
    },
    {
      "type": "Feature",
      "properties": {
        "name": "Government Site 0323",
        "category": "government",
        "visitors_per_year": 372394,
        "opened_year": 1857
      },
      "geometry": {
        "type": "Point",
        "coordinates": [
          10.73134,
          59.88954
        ]
      }
    },
    {
      "type": "Feature",
      "properties": {
        "name": "Park Site 0324",
        "category": "park",
        "visitors_per_year": 41845,
        "opened_year": 1864
      },
      "geometry": {
        "type": "Point",
        "coordinates": [
          10.88162,
          59.91746
        ]
      }
    },
    {
      "type": "Feature",
      "properties": {
        "name": "Landmark Site 0325",
        "category": "landmark",
        "visitors_per_year": 1135069,
        "opened_year": 1957
      },
      "geometry": {
        "type": "Point",
        "coordinates": [
          10.77227,
          59.92161
        ]
      }
    },
    {
      "type": "Feature",
      "properties": {
        "name": "Sport Site 0326",
        "category": "sport",
        "visitors_per_year": 304925,
        "opened_year": 1839
      },
      "geometry": {
        "type": "Point",
        "coordinates": [
          10.5827,
          59.93333
        ]
      }
    },
    {
      "type": "Feature",
      "properties": {
        "name": "Landmark Site 0327",
        "category": "landmark",
        "visitors_per_year": 295998,
        "opened_year": 1810
      },
      "geometry": {
        "type": "Point",
        "coordinates": [
          10.78056,
          59.94368
        ]
      }
    },
    {
      "type": "Feature",
      "properties": {
        "name": "Government Site 0328",
        "category": "government",
        "visitors_per_year": 139255,
        "opened_year": 1966
      },
      "geometry": {
        "type": "Point",
        "coordinates": [
          10.57843,
          59.97331
        ]
      }
    },
    {
      "type": "Feature",
      "properties": {
        "name": "Landmark Site 0329",
        "category": "landmark",
        "visitors_per_year": 261615,
        "opened_year": 1960
      },
      "geometry": {
        "type": "Point",
        "coordinates": [
          10.81844,
          59.90416
        ]
      }
    },
    {
      "type": "Feature",
      "properties": {
        "name": "Sport Site 0330",
        "category": "sport",
        "visitors_per_year": 359632,
        "opened_year": 1903
      },
      "geometry": {
        "type": "Point",
        "coordinates": [
          10.65139,
          59.97436
        ]
      }
    },
    {
      "type": "Feature",
      "properties": {
        "name": "Park Site 0331",
        "category": "park",
        "visitors_per_year": 218405,
        "opened_year": 1923
      },
      "geometry": {
        "type": "Point",
        "coordinates": [
          10.70874,
          59.93952
        ]
      }
    },
    {
      "type": "Feature",
      "properties": {
        "name": "Culture Site 0332",
        "category": "culture",
        "visitors_per_year": 377129,
        "opened_year": 1881
      },
      "geometry": {
        "type": "Point",
        "coordinates": [
          10.62141,
          59.92887
        ]
      }
    },
    {
      "type": "Feature",
      "properties": {
        "name": "Museum Site 0333",
        "category": "museum",
        "visitors_per_year": 399307,
        "opened_year": 1894
      },
      "geometry": {
        "type": "Point",
        "coordinates": [
          10.89581,
          59.8949
        ]
      }
    },
    {
      "type": "Feature",
      "properties": {
        "name": "Sport Site 0334",
        "category": "sport",
        "visitors_per_year": 140732,
        "opened_year": 1915
      },
      "geometry": {
        "type": "Point",
        "coordinates": [
          10.74658,
          59.89149
        ]
      }
    },
    {
      "type": "Feature",
      "properties": {
        "name": "Landmark Site 0335",
        "category": "landmark",
        "visitors_per_year": 323135,
        "opened_year": 1907
      },
      "geometry": {
        "type": "Point",
        "coordinates": [
          10.59931,
          59.85658
        ]
      }
    },
    {
      "type": "Feature",
      "properties": {
        "name": "Landmark Site 0336",
        "category": "landmark",
        "visitors_per_year": 303374,
        "opened_year": 1984
      },
      "geometry": {
        "type": "Point",
        "coordinates": [
          10.88694,
          59.9673
        ]
      }
    },
    {
      "type": "Feature",
      "properties": {
        "name": "Park Site 0337",
        "category": "park",
        "visitors_per_year": 245245,
        "opened_year": 1927
      },
      "geometry": {
        "type": "Point",
        "coordinates": [
          10.61644,
          59.87071
        ]
      }
    },
    {
      "type": "Feature",
      "properties": {
        "name": "Park Site 0338",
        "category": "park",
        "visitors_per_year": 240220,
        "opened_year": 1861
      },
      "geometry": {
        "type": "Point",
        "coordinates": [
          10.72408,
          59.86171
        ]
      }
    },
    {
      "type": "Feature",
      "properties": {
        "name": "Landmark Site 0339",
        "category": "landmark",
        "visitors_per_year": 313771,
        "opened_year": 2015
      },
      "geometry": {
        "type": "Point",
        "coordinates": [
          10.75417,
          59.85633
        ]
      }
    },
    {
      "type": "Feature",
      "properties": {
        "name": "Museum Site 0340",
        "category": "museum",
        "visitors_per_year": 725437,
        "opened_year": 1910
      },
      "geometry": {
        "type": "Point",
        "coordinates": [
          10.78538,
          59.88715
        ]
      }
    },
    {
      "type": "Feature",
      "properties": {
        "name": "Landmark Site 0341",
        "category": "landmark",
        "visitors_per_year": 192356,
        "opened_year": 1811
      },
      "geometry": {
        "type": "Point",
        "coordinates": [
          10.85886,
          59.94458
        ]
      }
    },
    {
      "type": "Feature",
      "properties": {
        "name": "Culture Site 0342",
        "category": "culture",
        "visitors_per_year": 151810,
        "opened_year": 1818
      },
      "geometry": {
        "type": "Point",
        "coordinates": [
          10.56791,
          59.92304
        ]
      }
    },
    {
      "type": "Feature",
      "properties": {
        "name": "Culture Site 0343",
        "category": "culture",
        "visitors_per_year": 327258,
        "opened_year": 1974
      },
      "geometry": {
        "type": "Point",
        "coordinates": [
          10.72649,
          59.94937
        ]
      }
    },
    {
      "type": "Feature",
      "properties": {
        "name": "Sport Site 0344",
        "category": "sport",
        "visitors_per_year": 178278,
        "opened_year": 1942
      },
      "geometry": {
        "type": "Point",
        "coordinates": [
          10.59158,
          59.97676
        ]
      }
    },
    {
      "type": "Feature",
      "properties": {
        "name": "Park Site 0345",
        "category": "park",
        "visitors_per_year": 262684,
        "opened_year": 1810
      },
      "geometry": {
        "type": "Point",
        "coordinates": [
          10.81424,
          59.87588
        ]
      }
    },
    {
      "type": "Feature",
      "properties": {
        "name": "Government Site 0346",
        "category": "government",
        "visitors_per_year": 272779,
        "opened_year": 1916
      },
      "geometry": {
        "type": "Point",
        "coordinates": [
          10.56362,
          59.94277
        ]
      }
    },
    {
      "type": "Feature",
      "properties": {
        "name": "Landmark Site 0347",
        "category": "landmark",
        "visitors_per_year": 321924,
        "opened_year": 1881
      },
      "geometry": {
        "type": "Point",
        "coordinates": [
          10.76219,
          59.91702
        ]
      }
    },
    {
      "type": "Feature",
      "properties": {
        "name": "Landmark Site 0348",
        "category": "landmark",
        "visitors_per_year": 311782,
        "opened_year": 1886
      },
      "geometry": {
        "type": "Point",
        "coordinates": [
          10.68753,
          59.93015
        ]
      }
    },
    {
      "type": "Feature",
      "properties": {
        "name": "Sport Site 0349",
        "category": "sport",
        "visitors_per_year": 157676,
        "opened_year": 1921
      },
      "geometry": {
        "type": "Point",
        "coordinates": [
          10.8399,
          59.9192
        ]
      }
    },
    {
      "type": "Feature",
      "properties": {
        "name": "Government Site 0350",
        "category": "government",
        "visitors_per_year": 306528,
        "opened_year": 1878
      },
      "geometry": {
        "type": "Point",
        "coordinates": [
          10.67893,
          59.93759
        ]
      }
    },
    {
      "type": "Feature",
      "properties": {
        "name": "Museum Site 0351",
        "category": "museum",
        "visitors_per_year": 139714,
        "opened_year": 1967
      },
      "geometry": {
        "type": "Point",
        "coordinates": [
          10.85523,
          59.9318
        ]
      }
    },
    {
      "type": "Feature",
      "properties": {
        "name": "Sport Site 0352",
        "category": "sport",
        "visitors_per_year": 89897,
        "opened_year": 1934
      },
      "geometry": {
        "type": "Point",
        "coordinates": [
          10.75217,
          59.94378
        ]
      }
    },
    {
      "type": "Feature",
      "properties": {
        "name": "Museum Site 0353",
        "category": "museum",
        "visitors_per_year": 357396,
        "opened_year": 1862
      },
      "geometry": {
        "type": "Point",
        "coordinates": [
          10.80241,
          59.9507
        ]
      }
    },
    {
      "type": "Feature",
      "properties": {
        "name": "Government Site 0354",
        "category": "government",
        "visitors_per_year": 231731,
        "opened_year": 1880
      },
      "geometry": {
        "type": "Point",
        "coordinates": [
          10.7504,
          59.94107
        ]
      }
    },
    {
      "type": "Feature",
      "properties": {
        "name": "Culture Site 0355",
        "category": "culture",
        "visitors_per_year": 321090,
        "opened_year": 1920
      },
      "geometry": {
        "type": "Point",
        "coordinates": [
          10.603,
          59.93977
        ]
      }
    },
    {
      "type": "Feature",
      "properties": {
        "name": "Museum Site 0356",
        "category": "museum",
        "visitors_per_year": 294566,
        "opened_year": 1883
      },
      "geometry": {
        "type": "Point",
        "coordinates": [
          10.80459,
          59.94175
        ]
      }
    },
    {
      "type": "Feature",
      "properties": {
        "name": "Museum Site 0357",
        "category": "museum",
        "visitors_per_year": 241496,
        "opened_year": 1936
      },
      "geometry": {
        "type": "Point",
        "coordinates": [
          10.71743,
          59.89899
        ]
      }
    },
    {
      "type": "Feature",
      "properties": {
        "name": "Park Site 0358",
        "category": "park",
        "visitors_per_year": 357406,
        "opened_year": 1964
      },
      "geometry": {
        "type": "Point",
        "coordinates": [
          10.7412,
          59.93786
        ]
      }
    },
    {
      "type": "Feature",
      "properties": {
        "name": "Museum Site 0359",
        "category": "museum",
        "visitors_per_year": 146779,
        "opened_year": 1942
      },
      "geometry": {
        "type": "Point",
        "coordinates": [
          10.64253,
          59.91294
        ]
      }
    },
    {
      "type": "Feature",
      "properties": {
        "name": "Park Site 0360",
        "category": "park",
        "visitors_per_year": 152021,
        "opened_year": 1980
      },
      "geometry": {
        "type": "Point",
        "coordinates": [
          10.6287,
          59.97648
        ]
      }
    },
    {
      "type": "Feature",
      "properties": {
        "name": "Landmark Site 0361",
        "category": "landmark",
        "visitors_per_year": 294356,
        "opened_year": 2003
      },
      "geometry": {
        "type": "Point",
        "coordinates": [
          10.79158,
          59.91357
        ]
      }
    },
    {
      "type": "Feature",
      "properties": {
        "name": "Museum Site 0362",
        "category": "museum",
        "visitors_per_year": 199569,
        "opened_year": 1901
      },
      "geometry": {
        "type": "Point",
        "coordinates": [
          10.64571,
          59.86584
        ]
      }
    },
    {
      "type": "Feature",
      "properties": {
        "name": "Park Site 0363",
        "category": "park",
        "visitors_per_year": 151301,
        "opened_year": 1982
      },
      "geometry": {
        "type": "Point",
        "coordinates": [
          10.88411,
          59.9546
        ]
      }
    },
    {
      "type": "Feature",
      "properties": {
        "name": "Government Site 0364",
        "category": "government",
        "visitors_per_year": 251675,
        "opened_year": 1854
      },
      "geometry": {
        "type": "Point",
        "coordinates": [
          10.67123,
          59.90751
        ]
      }
    },
    {
      "type": "Feature",
      "properties": {
        "name": "Landmark Site 0365",
        "category": "landmark",
        "visitors_per_year": 142907,
        "opened_year": 1835
      },
      "geometry": {
        "type": "Point",
        "coordinates": [
          10.83978,
          59.88525
        ]
      }
    },
    {
      "type": "Feature",
      "properties": {
        "name": "Government Site 0366",
        "category": "government",
        "visitors_per_year": 351685,
        "opened_year": 1935
      },
      "geometry": {
        "type": "Point",
        "coordinates": [
          10.76549,
          59.92629
        ]
      }
    },
    {
      "type": "Feature",
      "properties": {
        "name": "Landmark Site 0367",
        "category": "landmark",
        "visitors_per_year": 376602,
        "opened_year": 1920
      },
      "geometry": {
        "type": "Point",
        "coordinates": [
          10.77328,
          59.85682
        ]
      }
    },
    {
      "type": "Feature",
      "properties": {
        "name": "Government Site 0368",
        "category": "government",
        "visitors_per_year": 83306,
        "opened_year": 1904
      },
      "geometry": {
        "type": "Point",
        "coordinates": [
          10.78842,
          59.86787
        ]
      }
    },
    {
      "type": "Feature",
      "properties": {
        "name": "Museum Site 0369",
        "category": "museum",
        "visitors_per_year": 105072,
        "opened_year": 1993
      },
      "geometry": {
        "type": "Point",
        "coordinates": [
          10.87726,
          59.96419
        ]
      }
    },
    {
      "type": "Feature",
      "properties": {
        "name": "Park Site 0370",
        "category": "park",
        "visitors_per_year": 47403,
        "opened_year": 1966
      },
      "geometry": {
        "type": "Point",
        "coordinates": [
          10.66241,
          59.93397
        ]
      }
    },
    {
      "type": "Feature",
      "properties": {
        "name": "Sport Site 0371",
        "category": "sport",
        "visitors_per_year": 20055,
        "opened_year": 1844
      },
      "geometry": {
        "type": "Point",
        "coordinates": [
          10.63128,
          59.94603
        ]
      }
    },
    {
      "type": "Feature",
      "properties": {
        "name": "Culture Site 0372",
        "category": "culture",
        "visitors_per_year": 208639,
        "opened_year": 2001
      },
      "geometry": {
        "type": "Point",
        "coordinates": [
          10.85879,
          59.87285
        ]
      }
    },
    {
      "type": "Feature",
      "properties": {
        "name": "Culture Site 0373",
        "category": "culture",
        "visitors_per_year": 152264,
        "opened_year": 2024
      },
      "geometry": {
        "type": "Point",
        "coordinates": [
          10.61521,
          59.94737
        ]
      }
    },
    {
      "type": "Feature",
      "properties": {
        "name": "Government Site 0374",
        "category": "government",
        "visitors_per_year": 1202634,
        "opened_year": 1872
      },
      "geometry": {
        "type": "Point",
        "coordinates": [
          10.55324,
          59.92384
        ]
      }
    },
    {
      "type": "Feature",
      "properties": {
        "name": "Culture Site 0375",
        "category": "culture",
        "visitors_per_year": 70859,
        "opened_year": 2017
      },
      "geometry": {
        "type": "Point",
        "coordinates": [
          10.89618,
          59.92063
        ]
      }
    },
    {
      "type": "Feature",
      "properties": {
        "name": "Sport Site 0376",
        "category": "sport",
        "visitors_per_year": 840775,
        "opened_year": 1987
      },
      "geometry": {
        "type": "Point",
        "coordinates": [
          10.71381,
          59.87507
        ]
      }
    },
    {
      "type": "Feature",
      "properties": {
        "name": "Culture Site 0377",
        "category": "culture",
        "visitors_per_year": 1206975,
        "opened_year": 2002
      },
      "geometry": {
        "type": "Point",
        "coordinates": [
          10.7769,
          59.94342
        ]
      }
    },
    {
      "type": "Feature",
      "properties": {
        "name": "Park Site 0378",
        "category": "park",
        "visitors_per_year": 335376,
        "opened_year": 1903
      },
      "geometry": {
        "type": "Point",
        "coordinates": [
          10.74872,
          59.94845
        ]
      }
    },
    {
      "type": "Feature",
      "properties": {
        "name": "Culture Site 0379",
        "category": "culture",
        "visitors_per_year": 97378,
        "opened_year": 1835
      },
      "geometry": {
        "type": "Point",
        "coordinates": [
          10.73035,
          59.86128
        ]
      }
    },
    {
      "type": "Feature",
      "properties": {
        "name": "Culture Site 0380",
        "category": "culture",
        "visitors_per_year": 123980,
        "opened_year": 1914
      },
      "geometry": {
        "type": "Point",
        "coordinates": [
          10.66326,
          59.88225
        ]
      }
    },
    {
      "type": "Feature",
      "properties": {
        "name": "Park Site 0381",
        "category": "park",
        "visitors_per_year": 6495,
        "opened_year": 1866
      },
      "geometry": {
        "type": "Point",
        "coordinates": [
          10.88391,
          59.88925
        ]
      }
    },
    {
      "type": "Feature",
      "properties": {
        "name": "Museum Site 0382",
        "category": "museum",
        "visitors_per_year": 244501,
        "opened_year": 1878
      },
      "geometry": {
        "type": "Point",
        "coordinates": [
          10.67584,
          59.88072
        ]
      }
    },
    {
      "type": "Feature",
      "properties": {
        "name": "Landmark Site 0383",
        "category": "landmark",
        "visitors_per_year": 369366,
        "opened_year": 1997
      },
      "geometry": {
        "type": "Point",
        "coordinates": [
          10.6919,
          59.91533
        ]
      }
    },
    {
      "type": "Feature",
      "properties": {
        "name": "Park Site 0384",
        "category": "park",
        "visitors_per_year": 193198,
        "opened_year": 1957
      },
      "geometry": {
        "type": "Point",
        "coordinates": [
          10.7916,
          59.93303
        ]
      }
    },
    {
      "type": "Feature",
      "properties": {
        "name": "Landmark Site 0385",
        "category": "landmark",
        "visitors_per_year": 392528,
        "opened_year": 1955
      },
      "geometry": {
        "type": "Point",
        "coordinates": [
          10.6267,
          59.86736
        ]
      }
    },
    {
      "type": "Feature",
      "properties": {
        "name": "Park Site 0386",
        "category": "park",
        "visitors_per_year": 282314,
        "opened_year": 2005
      },
      "geometry": {
        "type": "Point",
        "coordinates": [
          10.69555,
          59.9214
        ]
      }
    },
    {
      "type": "Feature",
      "properties": {
        "name": "Museum Site 0387",
        "category": "museum",
        "visitors_per_year": 312878,
        "opened_year": 2023
      },
      "geometry": {
        "type": "Point",
        "coordinates": [
          10.83896,
          59.94904
        ]
      }
    },
    {
      "type": "Feature",
      "properties": {
        "name": "Government Site 0388",
        "category": "government",
        "visitors_per_year": 296286,
        "opened_year": 1828
      },
      "geometry": {
        "type": "Point",
        "coordinates": [
          10.73393,
          59.91866
        ]
      }
    },
    {
      "type": "Feature",
      "properties": {
        "name": "Government Site 0389",
        "category": "government",
        "visitors_per_year": 281864,
        "opened_year": 1838
      },
      "geometry": {
        "type": "Point",
        "coordinates": [
          10.84007,
          59.96738
        ]
      }
    },
    {
      "type": "Feature",
      "properties": {
        "name": "Landmark Site 0390",
        "category": "landmark",
        "visitors_per_year": 930758,
        "opened_year": 1983
      },
      "geometry": {
        "type": "Point",
        "coordinates": [
          10.66484,
          59.91764
        ]
      }
    },
    {
      "type": "Feature",
      "properties": {
        "name": "Sport Site 0391",
        "category": "sport",
        "visitors_per_year": 29669,
        "opened_year": 1916
      },
      "geometry": {
        "type": "Point",
        "coordinates": [
          10.72109,
          59.96686
        ]
      }
    },
    {
      "type": "Feature",
      "properties": {
        "name": "Landmark Site 0392",
        "category": "landmark",
        "visitors_per_year": 1469677,
        "opened_year": 1972
      },
      "geometry": {
        "type": "Point",
        "coordinates": [
          10.72964,
          59.90938
        ]
      }
    },
    {
      "type": "Feature",
      "properties": {
        "name": "Park Site 0393",
        "category": "park",
        "visitors_per_year": 391516,
        "opened_year": 1855
      },
      "geometry": {
        "type": "Point",
        "coordinates": [
          10.80315,
          59.90147
        ]
      }
    },
    {
      "type": "Feature",
      "properties": {
        "name": "Sport Site 0394",
        "category": "sport",
        "visitors_per_year": 284225,
        "opened_year": 1815
      },
      "geometry": {
        "type": "Point",
        "coordinates": [
          10.57556,
          59.90508
        ]
      }
    },
    {
      "type": "Feature",
      "properties": {
        "name": "Government Site 0395",
        "category": "government",
        "visitors_per_year": 94862,
        "opened_year": 1996
      },
      "geometry": {
        "type": "Point",
        "coordinates": [
          10.89515,
          59.91137
        ]
      }
    },
    {
      "type": "Feature",
      "properties": {
        "name": "Landmark Site 0396",
        "category": "landmark",
        "visitors_per_year": 220890,
        "opened_year": 1895
      },
      "geometry": {
        "type": "Point",
        "coordinates": [
          10.81804,
          59.97718
        ]
      }
    },
    {
      "type": "Feature",
      "properties": {
        "name": "Culture Site 0397",
        "category": "culture",
        "visitors_per_year": 42574,
        "opened_year": 1974
      },
      "geometry": {
        "type": "Point",
        "coordinates": [
          10.70699,
          59.96922
        ]
      }
    },
    {
      "type": "Feature",
      "properties": {
        "name": "Museum Site 0398",
        "category": "museum",
        "visitors_per_year": 62697,
        "opened_year": 1845
      },
      "geometry": {
        "type": "Point",
        "coordinates": [
          10.85609,
          59.86729
        ]
      }
    },
    {
      "type": "Feature",
      "properties": {
        "name": "Sport Site 0399",
        "category": "sport",
        "visitors_per_year": 2321,
        "opened_year": 1993
      },
      "geometry": {
        "type": "Point",
        "coordinates": [
          10.68757,
          59.86656
        ]
      }
    },
    {
      "type": "Feature",
      "properties": {
        "name": "Government Site 0400",
        "category": "government",
        "visitors_per_year": 222865,
        "opened_year": 1936
      },
      "geometry": {
        "type": "Point",
        "coordinates": [
          10.89247,
          59.91019
        ]
      }
    },
    {
      "type": "Feature",
      "properties": {
        "name": "Culture Site 0401",
        "category": "culture",
        "visitors_per_year": 145019,
        "opened_year": 1848
      },
      "geometry": {
        "type": "Point",
        "coordinates": [
          10.83818,
          59.88218
        ]
      }
    },
    {
      "type": "Feature",
      "properties": {
        "name": "Museum Site 0402",
        "category": "museum",
        "visitors_per_year": 322896,
        "opened_year": 1996
      },
      "geometry": {
        "type": "Point",
        "coordinates": [
          10.81792,
          59.85419
        ]
      }
    },
    {
      "type": "Feature",
      "properties": {
        "name": "Government Site 0403",
        "category": "government",
        "visitors_per_year": 234563,
        "opened_year": 1953
      },
      "geometry": {
        "type": "Point",
        "coordinates": [
          10.63423,
          59.85875
        ]
      }
    },
    {
      "type": "Feature",
      "properties": {
        "name": "Museum Site 0404",
        "category": "museum",
        "visitors_per_year": 211402,
        "opened_year": 1912
      },
      "geometry": {
        "type": "Point",
        "coordinates": [
          10.79615,
          59.85633
        ]
      }
    },
    {
      "type": "Feature",
      "properties": {
        "name": "Landmark Site 0405",
        "category": "landmark",
        "visitors_per_year": 73971,
        "opened_year": 1928
      },
      "geometry": {
        "type": "Point",
        "coordinates": [
          10.73892,
          59.94807
        ]
      }
    },
    {
      "type": "Feature",
      "properties": {
        "name": "Park Site 0406",
        "category": "park",
        "visitors_per_year": 303263,
        "opened_year": 1953
      },
      "geometry": {
        "type": "Point",
        "coordinates": [
          10.63196,
          59.96913
        ]
      }
    },
    {
      "type": "Feature",
      "properties": {
        "name": "Museum Site 0407",
        "category": "museum",
        "visitors_per_year": 346641,
        "opened_year": 1933
      },
      "geometry": {
        "type": "Point",
        "coordinates": [
          10.83643,
          59.8808
        ]
      }
    },
    {
      "type": "Feature",
      "properties": {
        "name": "Landmark Site 0408",
        "category": "landmark",
        "visitors_per_year": 310703,
        "opened_year": 1988
      },
      "geometry": {
        "type": "Point",
        "coordinates": [
          10.69475,
          59.88577
        ]
      }
    },
    {
      "type": "Feature",
      "properties": {
        "name": "Landmark Site 0409",
        "category": "landmark",
        "visitors_per_year": 181072,
        "opened_year": 1964
      },
      "geometry": {
        "type": "Point",
        "coordinates": [
          10.7691,
          59.90554
        ]
      }
    },
    {
      "type": "Feature",
      "properties": {
        "name": "Museum Site 0410",
        "category": "museum",
        "visitors_per_year": 214545,
        "opened_year": 1838
      },
      "geometry": {
        "type": "Point",
        "coordinates": [
          10.6834,
          59.91818
        ]
      }
    },
    {
      "type": "Feature",
      "properties": {
        "name": "Park Site 0411",
        "category": "park",
        "visitors_per_year": 118645,
        "opened_year": 1876
      },
      "geometry": {
        "type": "Point",
        "coordinates": [
          10.68176,
          59.94807
        ]
      }
    },
    {
      "type": "Feature",
      "properties": {
        "name": "Museum Site 0412",
        "category": "museum",
        "visitors_per_year": 1365447,
        "opened_year": 1906
      },
      "geometry": {
        "type": "Point",
        "coordinates": [
          10.60052,
          59.91019
        ]
      }
    },
    {
      "type": "Feature",
      "properties": {
        "name": "Sport Site 0413",
        "category": "sport",
        "visitors_per_year": 173652,
        "opened_year": 1965
      },
      "geometry": {
        "type": "Point",
        "coordinates": [
          10.7355,
          59.90049
        ]
      }
    },
    {
      "type": "Feature",
      "properties": {
        "name": "Government Site 0414",
        "category": "government",
        "visitors_per_year": 899468,
        "opened_year": 1813
      },
      "geometry": {
        "type": "Point",
        "coordinates": [
          10.87278,
          59.96013
        ]
      }
    },
    {
      "type": "Feature",
      "properties": {
        "name": "Park Site 0415",
        "category": "park",
        "visitors_per_year": 652639,
        "opened_year": 1848
      },
      "geometry": {
        "type": "Point",
        "coordinates": [
          10.68201,
          59.92865
        ]
      }
    },
    {
      "type": "Feature",
      "properties": {
        "name": "Sport Site 0416",
        "category": "sport",
        "visitors_per_year": 175069,
        "opened_year": 1877
      },
      "geometry": {
        "type": "Point",
        "coordinates": [
          10.80351,
          59.92265
        ]
      }
    },
    {
      "type": "Feature",
      "properties": {
        "name": "Government Site 0417",
        "category": "government",
        "visitors_per_year": 392079,
        "opened_year": 1993
      },
      "geometry": {
        "type": "Point",
        "coordinates": [
          10.62413,
          59.8747
        ]
      }
    },
    {
      "type": "Feature",
      "properties": {
        "name": "Culture Site 0418",
        "category": "culture",
        "visitors_per_year": 208449,
        "opened_year": 1861
      },
      "geometry": {
        "type": "Point",
        "coordinates": [
          10.87005,
          59.94043
        ]
      }
    },
    {
      "type": "Feature",
      "properties": {
        "name": "Sport Site 0419",
        "category": "sport",
        "visitors_per_year": 340616,
        "opened_year": 1891
      },
      "geometry": {
        "type": "Point",
        "coordinates": [
          10.66257,
          59.8868
        ]
      }
    },
    {
      "type": "Feature",
      "properties": {
        "name": "Park Site 0420",
        "category": "park",
        "visitors_per_year": 52199,
        "opened_year": 2005
      },
      "geometry": {
        "type": "Point",
        "coordinates": [
          10.64155,
          59.91667
        ]
      }
    },
    {
      "type": "Feature",
      "properties": {
        "name": "Museum Site 0421",
        "category": "museum",
        "visitors_per_year": 194856,
        "opened_year": 1880
      },
      "geometry": {
        "type": "Point",
        "coordinates": [
          10.71432,
          59.95917
        ]
      }
    },
    {
      "type": "Feature",
      "properties": {
        "name": "Culture Site 0422",
        "category": "culture",
        "visitors_per_year": 9003,
        "opened_year": 1866
      },
      "geometry": {
        "type": "Point",
        "coordinates": [
          10.566,
          59.96233
        ]
      }
    },
    {
      "type": "Feature",
      "properties": {
        "name": "Sport Site 0423",
        "category": "sport",
        "visitors_per_year": 80407,
        "opened_year": 1850
      },
      "geometry": {
        "type": "Point",
        "coordinates": [
          10.87717,
          59.92529
        ]
      }
    },
    {
      "type": "Feature",
      "properties": {
        "name": "Park Site 0424",
        "category": "park",
        "visitors_per_year": 289195,
        "opened_year": 1967
      },
      "geometry": {
        "type": "Point",
        "coordinates": [
          10.63051,
          59.92407
        ]
      }
    },
    {
      "type": "Feature",
      "properties": {
        "name": "Museum Site 0425",
        "category": "museum",
        "visitors_per_year": 379852,
        "opened_year": 1964
      },
      "geometry": {
        "type": "Point",
        "coordinates": [
          10.66815,
          59.94924
        ]
      }
    },
    {
      "type": "Feature",
      "properties": {
        "name": "Museum Site 0426",
        "category": "museum",
        "visitors_per_year": 89243,
        "opened_year": 1835
      },
      "geometry": {
        "type": "Point",
        "coordinates": [
          10.72171,
          59.87187
        ]
      }
    },
    {
      "type": "Feature",
      "properties": {
        "name": "Museum Site 0427",
        "category": "museum",
        "visitors_per_year": 336992,
        "opened_year": 1815
      },
      "geometry": {
        "type": "Point",
        "coordinates": [
          10.74129,
          59.87393
        ]
      }
    },
    {
      "type": "Feature",
      "properties": {
        "name": "Sport Site 0428",
        "category": "sport",
        "visitors_per_year": 350837,
        "opened_year": 1812
      },
      "geometry": {
        "type": "Point",
        "coordinates": [
          10.56184,
          59.96007
        ]
      }
    },
    {
      "type": "Feature",
      "properties": {
        "name": "Government Site 0429",
        "category": "government",
        "visitors_per_year": 371260,
        "opened_year": 1838
      },
      "geometry": {
        "type": "Point",
        "coordinates": [
          10.69434,
          59.95953
        ]
      }
    },
    {
      "type": "Feature",
      "properties": {
        "name": "Government Site 0430",
        "category": "government",
        "visitors_per_year": 1837413,
        "opened_year": 1970
      },
      "geometry": {
        "type": "Point",
        "coordinates": [
          10.62655,
          59.90928
        ]
      }
    },
    {
      "type": "Feature",
      "properties": {
        "name": "Sport Site 0431",
        "category": "sport",
        "visitors_per_year": 1616130,
        "opened_year": 1941
      },
      "geometry": {
        "type": "Point",
        "coordinates": [
          10.86946,
          59.93571
        ]
      }
    },
    {
      "type": "Feature",
      "properties": {
        "name": "Culture Site 0432",
        "category": "culture",
        "visitors_per_year": 150807,
        "opened_year": 1804
      },
      "geometry": {
        "type": "Point",
        "coordinates": [
          10.55415,
          59.91882
        ]
      }
    },
    {
      "type": "Feature",
      "properties": {
        "name": "Sport Site 0433",
        "category": "sport",
        "visitors_per_year": 94487,
        "opened_year": 1827
      },
      "geometry": {
        "type": "Point",
        "coordinates": [
          10.83461,
          59.93762
        ]
      }
    },
    {
      "type": "Feature",
      "properties": {
        "name": "Government Site 0434",
        "category": "government",
        "visitors_per_year": 132839,
        "opened_year": 2008
      },
      "geometry": {
        "type": "Point",
        "coordinates": [
          10.73353,
          59.88133
        ]
      }
    },
    {
      "type": "Feature",
      "properties": {
        "name": "Park Site 0435",
        "category": "park",
        "visitors_per_year": 213375,
        "opened_year": 1917
      },
      "geometry": {
        "type": "Point",
        "coordinates": [
          10.64356,
          59.9016
        ]
      }
    },
    {
      "type": "Feature",
      "properties": {
        "name": "Sport Site 0436",
        "category": "sport",
        "visitors_per_year": 42766,
        "opened_year": 1967
      },
      "geometry": {
        "type": "Point",
        "coordinates": [
          10.63512,
          59.94064
        ]
      }
    },
    {
      "type": "Feature",
      "properties": {
        "name": "Museum Site 0437",
        "category": "museum",
        "visitors_per_year": 290274,
        "opened_year": 1921
      },
      "geometry": {
        "type": "Point",
        "coordinates": [
          10.81586,
          59.86216
        ]
      }
    },
    {
      "type": "Feature",
      "properties": {
        "name": "Government Site 0438",
        "category": "government",
        "visitors_per_year": 1409974,
        "opened_year": 1965
      },
      "geometry": {
        "type": "Point",
        "coordinates": [
          10.77286,
          59.94137
        ]
      }
    },
    {
      "type": "Feature",
      "properties": {
        "name": "Park Site 0439",
        "category": "park",
        "visitors_per_year": 1607630,
        "opened_year": 1810
      },
      "geometry": {
        "type": "Point",
        "coordinates": [
          10.74805,
          59.96153
        ]
      }
    },
    {
      "type": "Feature",
      "properties": {
        "name": "Landmark Site 0440",
        "category": "landmark",
        "visitors_per_year": 249799,
        "opened_year": 1869
      },
      "geometry": {
        "type": "Point",
        "coordinates": [
          10.624,
          59.96286
        ]
      }
    },
    {
      "type": "Feature",
      "properties": {
        "name": "Government Site 0441",
        "category": "government",
        "visitors_per_year": 285204,
        "opened_year": 1944
      },
      "geometry": {
        "type": "Point",
        "coordinates": [
          10.87346,
          59.93898
        ]
      }
    },
    {
      "type": "Feature",
      "properties": {
        "name": "Museum Site 0442",
        "category": "museum",
        "visitors_per_year": 109110,
        "opened_year": 1950
      },
      "geometry": {
        "type": "Point",
        "coordinates": [
          10.56152,
          59.97074
        ]
      }
    },
    {
      "type": "Feature",
      "properties": {
        "name": "Landmark Site 0443",
        "category": "landmark",
        "visitors_per_year": 40837,
        "opened_year": 1876
      },
      "geometry": {
        "type": "Point",
        "coordinates": [
          10.81329,
          59.94265
        ]
      }
    },
    {
      "type": "Feature",
      "properties": {
        "name": "Landmark Site 0444",
        "category": "landmark",
        "visitors_per_year": 355461,
        "opened_year": 1938
      },
      "geometry": {
        "type": "Point",
        "coordinates": [
          10.74739,
          59.92367
        ]
      }
    },
    {
      "type": "Feature",
      "properties": {
        "name": "Park Site 0445",
        "category": "park",
        "visitors_per_year": 361897,
        "opened_year": 1985
      },
      "geometry": {
        "type": "Point",
        "coordinates": [
          10.68435,
          59.94617
        ]
      }
    },
    {
      "type": "Feature",
      "properties": {
        "name": "Government Site 0446",
        "category": "government",
        "visitors_per_year": 1416640,
        "opened_year": 1859
      },
      "geometry": {
        "type": "Point",
        "coordinates": [
          10.72528,
          59.97666
        ]
      }
    },
    {
      "type": "Feature",
      "properties": {
        "name": "Government Site 0447",
        "category": "government",
        "visitors_per_year": 208486,
        "opened_year": 1998
      },
      "geometry": {
        "type": "Point",
        "coordinates": [
          10.66921,
          59.94997
        ]
      }
    },
    {
      "type": "Feature",
      "properties": {
        "name": "Park Site 0448",
        "category": "park",
        "visitors_per_year": 257717,
        "opened_year": 1858
      },
      "geometry": {
        "type": "Point",
        "coordinates": [
          10.56037,
          59.88553
        ]
      }
    },
    {
      "type": "Feature",
      "properties": {
        "name": "Park Site 0449",
        "category": "park",
        "visitors_per_year": 307667,
        "opened_year": 1969
      },
      "geometry": {
        "type": "Point",
        "coordinates": [
          10.74356,
          59.89881
        ]
      }
    },
    {
      "type": "Feature",
      "properties": {
        "name": "Culture Site 0450",
        "category": "culture",
        "visitors_per_year": 374374,
        "opened_year": 1818
      },
      "geometry": {
        "type": "Point",
        "coordinates": [
          10.57999,
          59.93042
        ]
      }
    },
    {
      "type": "Feature",
      "properties": {
        "name": "Government Site 0451",
        "category": "government",
        "visitors_per_year": 81385,
        "opened_year": 1989
      },
      "geometry": {
        "type": "Point",
        "coordinates": [
          10.64379,
          59.8994
        ]
      }
    },
    {
      "type": "Feature",
      "properties": {
        "name": "Culture Site 0452",
        "category": "culture",
        "visitors_per_year": 1146483,
        "opened_year": 1913
      },
      "geometry": {
        "type": "Point",
        "coordinates": [
          10.66084,
          59.86385
        ]
      }
    },
    {
      "type": "Feature",
      "properties": {
        "name": "Park Site 0453",
        "category": "park",
        "visitors_per_year": 1403829,
        "opened_year": 1914
      },
      "geometry": {
        "type": "Point",
        "coordinates": [
          10.81647,
          59.86329
        ]
      }
    },
    {
      "type": "Feature",
      "properties": {
        "name": "Sport Site 0454",
        "category": "sport",
        "visitors_per_year": 1242212,
        "opened_year": 1941
      },
      "geometry": {
        "type": "Point",
        "coordinates": [
          10.74416,
          59.90305
        ]
      }
    },
    {
      "type": "Feature",
      "properties": {
        "name": "Government Site 0455",
        "category": "government",
        "visitors_per_year": 6970,
        "opened_year": 1874
      },
      "geometry": {
        "type": "Point",
        "coordinates": [
          10.75892,
          59.95198
        ]
      }
    },
    {
      "type": "Feature",
      "properties": {
        "name": "Culture Site 0456",
        "category": "culture",
        "visitors_per_year": 127766,
        "opened_year": 1946
      },
      "geometry": {
        "type": "Point",
        "coordinates": [
          10.68573,
          59.86101
        ]
      }
    },
    {
      "type": "Feature",
      "properties": {
        "name": "Sport Site 0457",
        "category": "sport",
        "visitors_per_year": 1131518,
        "opened_year": 1868
      },
      "geometry": {
        "type": "Point",
        "coordinates": [
          10.60935,
          59.8995
        ]
      }
    },
    {
      "type": "Feature",
      "properties": {
        "name": "Culture Site 0458",
        "category": "culture",
        "visitors_per_year": 157656,
        "opened_year": 1923
      },
      "geometry": {
        "type": "Point",
        "coordinates": [
          10.60108,
          59.87174
        ]
      }
    },
    {
      "type": "Feature",
      "properties": {
        "name": "Government Site 0459",
        "category": "government",
        "visitors_per_year": 260443,
        "opened_year": 1952
      },
      "geometry": {
        "type": "Point",
        "coordinates": [
          10.67639,
          59.97275
        ]
      }
    },
    {
      "type": "Feature",
      "properties": {
        "name": "Sport Site 0460",
        "category": "sport",
        "visitors_per_year": 207956,
        "opened_year": 1885
      },
      "geometry": {
        "type": "Point",
        "coordinates": [
          10.61844,
          59.86391
        ]
      }
    },
    {
      "type": "Feature",
      "properties": {
        "name": "Sport Site 0461",
        "category": "sport",
        "visitors_per_year": 226266,
        "opened_year": 2008
      },
      "geometry": {
        "type": "Point",
        "coordinates": [
          10.68296,
          59.96209
        ]
      }
    },
    {
      "type": "Feature",
      "properties": {
        "name": "Museum Site 0462",
        "category": "museum",
        "visitors_per_year": 365033,
        "opened_year": 1851
      },
      "geometry": {
        "type": "Point",
        "coordinates": [
          10.89098,
          59.8677
        ]
      }
    },
    {
      "type": "Feature",
      "properties": {
        "name": "Culture Site 0463",
        "category": "culture",
        "visitors_per_year": 153302,
        "opened_year": 1988
      },
      "geometry": {
        "type": "Point",
        "coordinates": [
          10.65996,
          59.97539
        ]
      }
    },
    {
      "type": "Feature",
      "properties": {
        "name": "Museum Site 0464",
        "category": "museum",
        "visitors_per_year": 171358,
        "opened_year": 1896
      },
      "geometry": {
        "type": "Point",
        "coordinates": [
          10.77152,
          59.97581
        ]
      }
    },
    {
      "type": "Feature",
      "properties": {
        "name": "Park Site 0465",
        "category": "park",
        "visitors_per_year": 1682480,
        "opened_year": 1851
      },
      "geometry": {
        "type": "Point",
        "coordinates": [
          10.83577,
          59.90108
        ]
      }
    },
    {
      "type": "Feature",
      "properties": {
        "name": "Sport Site 0466",
        "category": "sport",
        "visitors_per_year": 14611,
        "opened_year": 1986
      },
      "geometry": {
        "type": "Point",
        "coordinates": [
          10.89904,
          59.87339
        ]
      }
    },
    {
      "type": "Feature",
      "properties": {
        "name": "Culture Site 0467",
        "category": "culture",
        "visitors_per_year": 363745,
        "opened_year": 1817
      },
      "geometry": {
        "type": "Point",
        "coordinates": [
          10.88004,
          59.87725
        ]
      }
    },
    {
      "type": "Feature",
      "properties": {
        "name": "Culture Site 0468",
        "category": "culture",
        "visitors_per_year": 132977,
        "opened_year": 1968
      },
      "geometry": {
        "type": "Point",
        "coordinates": [
          10.78554,
          59.86809
        ]
      }
    },
    {
      "type": "Feature",
      "properties": {
        "name": "Landmark Site 0469",
        "category": "landmark",
        "visitors_per_year": 1753958,
        "opened_year": 1922
      },
      "geometry": {
        "type": "Point",
        "coordinates": [
          10.80033,
          59.95258
        ]
      }
    },
    {
      "type": "Feature",
      "properties": {
        "name": "Sport Site 0470",
        "category": "sport",
        "visitors_per_year": 363154,
        "opened_year": 1907
      },
      "geometry": {
        "type": "Point",
        "coordinates": [
          10.69028,
          59.91586
        ]
      }
    },
    {
      "type": "Feature",
      "properties": {
        "name": "Sport Site 0471",
        "category": "sport",
        "visitors_per_year": 281993,
        "opened_year": 1952
      },
      "geometry": {
        "type": "Point",
        "coordinates": [
          10.56287,
          59.9759
        ]
      }
    },
    {
      "type": "Feature",
      "properties": {
        "name": "Museum Site 0472",
        "category": "museum",
        "visitors_per_year": 348991,
        "opened_year": 1890
      },
      "geometry": {
        "type": "Point",
        "coordinates": [
          10.87004,
          59.86422
        ]
      }
    },
    {
      "type": "Feature",
      "properties": {
        "name": "Landmark Site 0473",
        "category": "landmark",
        "visitors_per_year": 355690,
        "opened_year": 1965
      },
      "geometry": {
        "type": "Point",
        "coordinates": [
          10.77645,
          59.85576
        ]
      }
    },
    {
      "type": "Feature",
      "properties": {
        "name": "Culture Site 0474",
        "category": "culture",
        "visitors_per_year": 56045,
        "opened_year": 1802
      },
      "geometry": {
        "type": "Point",
        "coordinates": [
          10.88838,
          59.89311
        ]
      }
    },
    {
      "type": "Feature",
      "properties": {
        "name": "Government Site 0475",
        "category": "government",
        "visitors_per_year": 304858,
        "opened_year": 1976
      },
      "geometry": {
        "type": "Point",
        "coordinates": [
          10.64056,
          59.91639
        ]
      }
    },
    {
      "type": "Feature",
      "properties": {
        "name": "Sport Site 0476",
        "category": "sport",
        "visitors_per_year": 356782,
        "opened_year": 1950
      },
      "geometry": {
        "type": "Point",
        "coordinates": [
          10.62736,
          59.89864
        ]
      }
    },
    {
      "type": "Feature",
      "properties": {
        "name": "Museum Site 0477",
        "category": "museum",
        "visitors_per_year": 719255,
        "opened_year": 1875
      },
      "geometry": {
        "type": "Point",
        "coordinates": [
          10.72516,
          59.89485
        ]
      }
    },
    {
      "type": "Feature",
      "properties": {
        "name": "Culture Site 0478",
        "category": "culture",
        "visitors_per_year": 383309,
        "opened_year": 1836
      },
      "geometry": {
        "type": "Point",
        "coordinates": [
          10.87219,
          59.86116
        ]
      }
    },
    {
      "type": "Feature",
      "properties": {
        "name": "Park Site 0479",
        "category": "park",
        "visitors_per_year": 253692,
        "opened_year": 1889
      },
      "geometry": {
        "type": "Point",
        "coordinates": [
          10.65916,
          59.90919
        ]
      }
    },
    {
      "type": "Feature",
      "properties": {
        "name": "Culture Site 0480",
        "category": "culture",
        "visitors_per_year": 35718,
        "opened_year": 1876
      },
      "geometry": {
        "type": "Point",
        "coordinates": [
          10.58417,
          59.94386
        ]
      }
    },
    {
      "type": "Feature",
      "properties": {
        "name": "Government Site 0481",
        "category": "government",
        "visitors_per_year": 340222,
        "opened_year": 1827
      },
      "geometry": {
        "type": "Point",
        "coordinates": [
          10.83357,
          59.86496
        ]
      }
    },
    {
      "type": "Feature",
      "properties": {
        "name": "Museum Site 0482",
        "category": "museum",
        "visitors_per_year": 271029,
        "opened_year": 1844
      },
      "geometry": {
        "type": "Point",
        "coordinates": [
          10.83002,
          59.97089
        ]
      }
    },
    {
      "type": "Feature",
      "properties": {
        "name": "Sport Site 0483",
        "category": "sport",
        "visitors_per_year": 122059,
        "opened_year": 2004
      },
      "geometry": {
        "type": "Point",
        "coordinates": [
          10.60605,
          59.92278
        ]
      }
    },
    {
      "type": "Feature",
      "properties": {
        "name": "Culture Site 0484",
        "category": "culture",
        "visitors_per_year": 207899,
        "opened_year": 1807
      },
      "geometry": {
        "type": "Point",
        "coordinates": [
          10.77042,
          59.87423
        ]
      }
    },
    {
      "type": "Feature",
      "properties": {
        "name": "Museum Site 0485",
        "category": "museum",
        "visitors_per_year": 204361,
        "opened_year": 1801
      },
      "geometry": {
        "type": "Point",
        "coordinates": [
          10.76494,
          59.87565
        ]
      }
    },
    {
      "type": "Feature",
      "properties": {
        "name": "Museum Site 0486",
        "category": "museum",
        "visitors_per_year": 33301,
        "opened_year": 1947
      },
      "geometry": {
        "type": "Point",
        "coordinates": [
          10.62518,
          59.88618
        ]
      }
    },
    {
      "type": "Feature",
      "properties": {
        "name": "Government Site 0487",
        "category": "government",
        "visitors_per_year": 103823,
        "opened_year": 1917
      },
      "geometry": {
        "type": "Point",
        "coordinates": [
          10.82983,
          59.9198
        ]
      }
    },
    {
      "type": "Feature",
      "properties": {
        "name": "Government Site 0488",
        "category": "government",
        "visitors_per_year": 335576,
        "opened_year": 1880
      },
      "geometry": {
        "type": "Point",
        "coordinates": [
          10.64182,
          59.96214
        ]
      }
    },
    {
      "type": "Feature",
      "properties": {
        "name": "Sport Site 0489",
        "category": "sport",
        "visitors_per_year": 1238165,
        "opened_year": 2016
      },
      "geometry": {
        "type": "Point",
        "coordinates": [
          10.68602,
          59.90103
        ]
      }
    },
    {
      "type": "Feature",
      "properties": {
        "name": "Culture Site 0490",
        "category": "culture",
        "visitors_per_year": 156446,
        "opened_year": 1957
      },
      "geometry": {
        "type": "Point",
        "coordinates": [
          10.76608,
          59.95579
        ]
      }
    },
    {
      "type": "Feature",
      "properties": {
        "name": "Sport Site 0491",
        "category": "sport",
        "visitors_per_year": 1140428,
        "opened_year": 1829
      },
      "geometry": {
        "type": "Point",
        "coordinates": [
          10.57966,
          59.86741
        ]
      }
    },
    {
      "type": "Feature",
      "properties": {
        "name": "Landmark Site 0492",
        "category": "landmark",
        "visitors_per_year": 313198,
        "opened_year": 1835
      },
      "geometry": {
        "type": "Point",
        "coordinates": [
          10.68066,
          59.86838
        ]
      }
    },
    {
      "type": "Feature",
      "properties": {
        "name": "Sport Site 0493",
        "category": "sport",
        "visitors_per_year": 364058,
        "opened_year": 1965
      },
      "geometry": {
        "type": "Point",
        "coordinates": [
          10.6843,
          59.87415
        ]
      }
    },
    {
      "type": "Feature",
      "properties": {
        "name": "Landmark Site 0494",
        "category": "landmark",
        "visitors_per_year": 1159722,
        "opened_year": 2015
      },
      "geometry": {
        "type": "Point",
        "coordinates": [
          10.74422,
          59.91365
        ]
      }
    },
    {
      "type": "Feature",
      "properties": {
        "name": "Culture Site 0495",
        "category": "culture",
        "visitors_per_year": 254574,
        "opened_year": 1834
      },
      "geometry": {
        "type": "Point",
        "coordinates": [
          10.76679,
          59.96252
        ]
      }
    },
    {
      "type": "Feature",
      "properties": {
        "name": "Landmark Site 0496",
        "category": "landmark",
        "visitors_per_year": 260006,
        "opened_year": 1904
      },
      "geometry": {
        "type": "Point",
        "coordinates": [
          10.83533,
          59.9753
        ]
      }
    },
    {
      "type": "Feature",
      "properties": {
        "name": "Museum Site 0497",
        "category": "museum",
        "visitors_per_year": 88188,
        "opened_year": 1821
      },
      "geometry": {
        "type": "Point",
        "coordinates": [
          10.7221,
          59.94232
        ]
      }
    },
    {
      "type": "Feature",
      "properties": {
        "name": "Sport Site 0498",
        "category": "sport",
        "visitors_per_year": 144602,
        "opened_year": 1857
      },
      "geometry": {
        "type": "Point",
        "coordinates": [
          10.5608,
          59.94894
        ]
      }
    },
    {
      "type": "Feature",
      "properties": {
        "name": "Sport Site 0499",
        "category": "sport",
        "visitors_per_year": 260186,
        "opened_year": 1940
      },
      "geometry": {
        "type": "Point",
        "coordinates": [
          10.65103,
          59.9515
        ]
      }
    },
    {
      "type": "Feature",
      "properties": {
        "name": "Sport Site 0500",
        "category": "sport",
        "visitors_per_year": 192841,
        "opened_year": 1938
      },
      "geometry": {
        "type": "Point",
        "coordinates": [
          10.58962,
          59.86485
        ]
      }
    },
    {
      "type": "Feature",
      "properties": {
        "name": "Government Site 0501",
        "category": "government",
        "visitors_per_year": 223403,
        "opened_year": 1826
      },
      "geometry": {
        "type": "Point",
        "coordinates": [
          10.816,
          59.90738
        ]
      }
    },
    {
      "type": "Feature",
      "properties": {
        "name": "Museum Site 0502",
        "category": "museum",
        "visitors_per_year": 17398,
        "opened_year": 1915
      },
      "geometry": {
        "type": "Point",
        "coordinates": [
          10.84052,
          59.94767
        ]
      }
    },
    {
      "type": "Feature",
      "properties": {
        "name": "Park Site 0503",
        "category": "park",
        "visitors_per_year": 62044,
        "opened_year": 1998
      },
      "geometry": {
        "type": "Point",
        "coordinates": [
          10.672,
          59.95617
        ]
      }
    },
    {
      "type": "Feature",
      "properties": {
        "name": "Landmark Site 0504",
        "category": "landmark",
        "visitors_per_year": 373139,
        "opened_year": 1956
      },
      "geometry": {
        "type": "Point",
        "coordinates": [
          10.62346,
          59.94589
        ]
      }
    },
    {
      "type": "Feature",
      "properties": {
        "name": "Museum Site 0505",
        "category": "museum",
        "visitors_per_year": 108997,
        "opened_year": 2006
      },
      "geometry": {
        "type": "Point",
        "coordinates": [
          10.69986,
          59.9301
        ]
      }
    },
    {
      "type": "Feature",
      "properties": {
        "name": "Government Site 0506",
        "category": "government",
        "visitors_per_year": 88778,
        "opened_year": 1882
      },
      "geometry": {
        "type": "Point",
        "coordinates": [
          10.74953,
          59.9192
        ]
      }
    },
    {
      "type": "Feature",
      "properties": {
        "name": "Museum Site 0507",
        "category": "museum",
        "visitors_per_year": 270201,
        "opened_year": 1973
      },
      "geometry": {
        "type": "Point",
        "coordinates": [
          10.65242,
          59.92446
        ]
      }
    },
    {
      "type": "Feature",
      "properties": {
        "name": "Government Site 0508",
        "category": "government",
        "visitors_per_year": 31582,
        "opened_year": 1870
      },
      "geometry": {
        "type": "Point",
        "coordinates": [
          10.59746,
          59.94751
        ]
      }
    },
    {
      "type": "Feature",
      "properties": {
        "name": "Museum Site 0509",
        "category": "museum",
        "visitors_per_year": 373475,
        "opened_year": 1882
      },
      "geometry": {
        "type": "Point",
        "coordinates": [
          10.59441,
          59.96259
        ]
      }
    },
    {
      "type": "Feature",
      "properties": {
        "name": "Landmark Site 0510",
        "category": "landmark",
        "visitors_per_year": 303237,
        "opened_year": 1961
      },
      "geometry": {
        "type": "Point",
        "coordinates": [
          10.81652,
          59.93791
        ]
      }
    },
    {
      "type": "Feature",
      "properties": {
        "name": "Park Site 0511",
        "category": "park",
        "visitors_per_year": 695233,
        "opened_year": 1903
      },
      "geometry": {
        "type": "Point",
        "coordinates": [
          10.76973,
          59.89877
        ]
      }
    },
    {
      "type": "Feature",
      "properties": {
        "name": "Sport Site 0512",
        "category": "sport",
        "visitors_per_year": 238891,
        "opened_year": 1924
      },
      "geometry": {
        "type": "Point",
        "coordinates": [
          10.81243,
          59.94031
        ]
      }
    },
    {
      "type": "Feature",
      "properties": {
        "name": "Park Site 0513",
        "category": "park",
        "visitors_per_year": 49333,
        "opened_year": 1987
      },
      "geometry": {
        "type": "Point",
        "coordinates": [
          10.75368,
          59.96296
        ]
      }
    },
    {
      "type": "Feature",
      "properties": {
        "name": "Culture Site 0514",
        "category": "culture",
        "visitors_per_year": 280692,
        "opened_year": 1901
      },
      "geometry": {
        "type": "Point",
        "coordinates": [
          10.77219,
          59.94065
        ]
      }
    },
    {
      "type": "Feature",
      "properties": {
        "name": "Landmark Site 0515",
        "category": "landmark",
        "visitors_per_year": 169774,
        "opened_year": 2012
      },
      "geometry": {
        "type": "Point",
        "coordinates": [
          10.88885,
          59.95723
        ]
      }
    },
    {
      "type": "Feature",
      "properties": {
        "name": "Park Site 0516",
        "category": "park",
        "visitors_per_year": 254956,
        "opened_year": 2001
      },
      "geometry": {
        "type": "Point",
        "coordinates": [
          10.66821,
          59.92513
        ]
      }
    },
    {
      "type": "Feature",
      "properties": {
        "name": "Park Site 0517",
        "category": "park",
        "visitors_per_year": 1813193,
        "opened_year": 2000
      },
      "geometry": {
        "type": "Point",
        "coordinates": [
          10.86295,
          59.94909
        ]
      }
    },
    {
      "type": "Feature",
      "properties": {
        "name": "Culture Site 0518",
        "category": "culture",
        "visitors_per_year": 239846,
        "opened_year": 1800
      },
      "geometry": {
        "type": "Point",
        "coordinates": [
          10.5557,
          59.97083
        ]
      }
    },
    {
      "type": "Feature",
      "properties": {
        "name": "Culture Site 0519",
        "category": "culture",
        "visitors_per_year": 1863142,
        "opened_year": 1877
      },
      "geometry": {
        "type": "Point",
        "coordinates": [
          10.62081,
          59.93952
        ]
      }
    },
    {
      "type": "Feature",
      "properties": {
        "name": "Landmark Site 0520",
        "category": "landmark",
        "visitors_per_year": 1255887,
        "opened_year": 1864
      },
      "geometry": {
        "type": "Point",
        "coordinates": [
          10.85605,
          59.96396
        ]
      }
    },
    {
      "type": "Feature",
      "properties": {
        "name": "Government Site 0521",
        "category": "government",
        "visitors_per_year": 208297,
        "opened_year": 1960
      },
      "geometry": {
        "type": "Point",
        "coordinates": [
          10.68015,
          59.96749
        ]
      }
    },
    {
      "type": "Feature",
      "properties": {
        "name": "Park Site 0522",
        "category": "park",
        "visitors_per_year": 48314,
        "opened_year": 1980
      },
      "geometry": {
        "type": "Point",
        "coordinates": [
          10.8041,
          59.94818
        ]
      }
    },
    {
      "type": "Feature",
      "properties": {
        "name": "Government Site 0523",
        "category": "government",
        "visitors_per_year": 974356,
        "opened_year": 1932
      },
      "geometry": {
        "type": "Point",
        "coordinates": [
          10.55038,
          59.91198
        ]
      }
    },
    {
      "type": "Feature",
      "properties": {
        "name": "Museum Site 0524",
        "category": "museum",
        "visitors_per_year": 63725,
        "opened_year": 2020
      },
      "geometry": {
        "type": "Point",
        "coordinates": [
          10.70577,
          59.85105
        ]
      }
    },
    {
      "type": "Feature",
      "properties": {
        "name": "Culture Site 0525",
        "category": "culture",
        "visitors_per_year": 47335,
        "opened_year": 1987
      },
      "geometry": {
        "type": "Point",
        "coordinates": [
          10.79291,
          59.9121
        ]
      }
    },
    {
      "type": "Feature",
      "properties": {
        "name": "Government Site 0526",
        "category": "government",
        "visitors_per_year": 201156,
        "opened_year": 1998
      },
      "geometry": {
        "type": "Point",
        "coordinates": [
          10.58612,
          59.89778
        ]
      }
    },
    {
      "type": "Feature",
      "properties": {
        "name": "Landmark Site 0527",
        "category": "landmark",
        "visitors_per_year": 1681307,
        "opened_year": 1802
      },
      "geometry": {
        "type": "Point",
        "coordinates": [
          10.77455,
          59.93803
        ]
      }
    },
    {
      "type": "Feature",
      "properties": {
        "name": "Sport Site 0528",
        "category": "sport",
        "visitors_per_year": 329794,
        "opened_year": 1991
      },
      "geometry": {
        "type": "Point",
        "coordinates": [
          10.77751,
          59.90721
        ]
      }
    },
    {
      "type": "Feature",
      "properties": {
        "name": "Landmark Site 0529",
        "category": "landmark",
        "visitors_per_year": 114398,
        "opened_year": 1822
      },
      "geometry": {
        "type": "Point",
        "coordinates": [
          10.87196,
          59.93009
        ]
      }
    },
    {
      "type": "Feature",
      "properties": {
        "name": "Government Site 0530",
        "category": "government",
        "visitors_per_year": 184805,
        "opened_year": 1909
      },
      "geometry": {
        "type": "Point",
        "coordinates": [
          10.599,
          59.86601
        ]
      }
    },
    {
      "type": "Feature",
      "properties": {
        "name": "Park Site 0531",
        "category": "park",
        "visitors_per_year": 130610,
        "opened_year": 1941
      },
      "geometry": {
        "type": "Point",
        "coordinates": [
          10.82688,
          59.88221
        ]
      }
    },
    {
      "type": "Feature",
      "properties": {
        "name": "Sport Site 0532",
        "category": "sport",
        "visitors_per_year": 362508,
        "opened_year": 1806
      },
      "geometry": {
        "type": "Point",
        "coordinates": [
          10.76,
          59.92899
        ]
      }
    },
    {
      "type": "Feature",
      "properties": {
        "name": "Museum Site 0533",
        "category": "museum",
        "visitors_per_year": 99405,
        "opened_year": 1991
      },
      "geometry": {
        "type": "Point",
        "coordinates": [
          10.85654,
          59.87671
        ]
      }
    },
    {
      "type": "Feature",
      "properties": {
        "name": "Culture Site 0534",
        "category": "culture",
        "visitors_per_year": 125983,
        "opened_year": 1926
      },
      "geometry": {
        "type": "Point",
        "coordinates": [
          10.65344,
          59.85709
        ]
      }
    },
    {
      "type": "Feature",
      "properties": {
        "name": "Culture Site 0535",
        "category": "culture",
        "visitors_per_year": 277474,
        "opened_year": 1803
      },
      "geometry": {
        "type": "Point",
        "coordinates": [
          10.58946,
          59.91495
        ]
      }
    },
    {
      "type": "Feature",
      "properties": {
        "name": "Park Site 0536",
        "category": "park",
        "visitors_per_year": 298495,
        "opened_year": 1907
      },
      "geometry": {
        "type": "Point",
        "coordinates": [
          10.87687,
          59.86716
        ]
      }
    },
    {
      "type": "Feature",
      "properties": {
        "name": "Park Site 0537",
        "category": "park",
        "visitors_per_year": 38768,
        "opened_year": 1804
      },
      "geometry": {
        "type": "Point",
        "coordinates": [
          10.74122,
          59.87246
        ]
      }
    },
    {
      "type": "Feature",
      "properties": {
        "name": "Sport Site 0538",
        "category": "sport",
        "visitors_per_year": 626812,
        "opened_year": 2002
      },
      "geometry": {
        "type": "Point",
        "coordinates": [
          10.57364,
          59.88408
        ]
      }
    },
    {
      "type": "Feature",
      "properties": {
        "name": "Culture Site 0539",
        "category": "culture",
        "visitors_per_year": 218306,
        "opened_year": 1908
      },
      "geometry": {
        "type": "Point",
        "coordinates": [
          10.72731,
          59.93171
        ]
      }
    },
    {
      "type": "Feature",
      "properties": {
        "name": "Museum Site 0540",
        "category": "museum",
        "visitors_per_year": 80548,
        "opened_year": 1871
      },
      "geometry": {
        "type": "Point",
        "coordinates": [
          10.6908,
          59.93327
        ]
      }
    },
    {
      "type": "Feature",
      "properties": {
        "name": "Government Site 0541",
        "category": "government",
        "visitors_per_year": 81962,
        "opened_year": 1937
      },
      "geometry": {
        "type": "Point",
        "coordinates": [
          10.65847,
          59.91647
        ]
      }
    },
    {
      "type": "Feature",
      "properties": {
        "name": "Park Site 0542",
        "category": "park",
        "visitors_per_year": 357569,
        "opened_year": 1964
      },
      "geometry": {
        "type": "Point",
        "coordinates": [
          10.68676,
          59.93246
        ]
      }
    },
    {
      "type": "Feature",
      "properties": {
        "name": "Government Site 0543",
        "category": "government",
        "visitors_per_year": 125614,
        "opened_year": 1814
      },
      "geometry": {
        "type": "Point",
        "coordinates": [
          10.65856,
          59.90687
        ]
      }
    },
    {
      "type": "Feature",
      "properties": {
        "name": "Landmark Site 0544",
        "category": "landmark",
        "visitors_per_year": 319703,
        "opened_year": 1814
      },
      "geometry": {
        "type": "Point",
        "coordinates": [
          10.58017,
          59.90648
        ]
      }
    },
    {
      "type": "Feature",
      "properties": {
        "name": "Park Site 0545",
        "category": "park",
        "visitors_per_year": 7140,
        "opened_year": 1981
      },
      "geometry": {
        "type": "Point",
        "coordinates": [
          10.78313,
          59.93555
        ]
      }
    },
    {
      "type": "Feature",
      "properties": {
        "name": "Landmark Site 0546",
        "category": "landmark",
        "visitors_per_year": 274705,
        "opened_year": 1932
      },
      "geometry": {
        "type": "Point",
        "coordinates": [
          10.79552,
          59.8713
        ]
      }
    },
    {
      "type": "Feature",
      "properties": {
        "name": "Museum Site 0547",
        "category": "museum",
        "visitors_per_year": 141409,
        "opened_year": 1987
      },
      "geometry": {
        "type": "Point",
        "coordinates": [
          10.64074,
          59.89834
        ]
      }
    },
    {
      "type": "Feature",
      "properties": {
        "name": "Government Site 0548",
        "category": "government",
        "visitors_per_year": 143096,
        "opened_year": 1934
      },
      "geometry": {
        "type": "Point",
        "coordinates": [
          10.82,
          59.85382
        ]
      }
    },
    {
      "type": "Feature",
      "properties": {
        "name": "Government Site 0549",
        "category": "government",
        "visitors_per_year": 260624,
        "opened_year": 1916
      },
      "geometry": {
        "type": "Point",
        "coordinates": [
          10.64203,
          59.97676
        ]
      }
    },
    {
      "type": "Feature",
      "properties": {
        "name": "Sport Site 0550",
        "category": "sport",
        "visitors_per_year": 193274,
        "opened_year": 1840
      },
      "geometry": {
        "type": "Point",
        "coordinates": [
          10.67604,
          59.91495
        ]
      }
    },
    {
      "type": "Feature",
      "properties": {
        "name": "Park Site 0551",
        "category": "park",
        "visitors_per_year": 60968,
        "opened_year": 1858
      },
      "geometry": {
        "type": "Point",
        "coordinates": [
          10.82067,
          59.96625
        ]
      }
    },
    {
      "type": "Feature",
      "properties": {
        "name": "Museum Site 0552",
        "category": "museum",
        "visitors_per_year": 128715,
        "opened_year": 1811
      },
      "geometry": {
        "type": "Point",
        "coordinates": [
          10.72809,
          59.85572
        ]
      }
    },
    {
      "type": "Feature",
      "properties": {
        "name": "Culture Site 0553",
        "category": "culture",
        "visitors_per_year": 19040,
        "opened_year": 1941
      },
      "geometry": {
        "type": "Point",
        "coordinates": [
          10.67739,
          59.96963
        ]
      }
    },
    {
      "type": "Feature",
      "properties": {
        "name": "Museum Site 0554",
        "category": "museum",
        "visitors_per_year": 218738,
        "opened_year": 1984
      },
      "geometry": {
        "type": "Point",
        "coordinates": [
          10.80923,
          59.90452
        ]
      }
    },
    {
      "type": "Feature",
      "properties": {
        "name": "Park Site 0555",
        "category": "park",
        "visitors_per_year": 263714,
        "opened_year": 1972
      },
      "geometry": {
        "type": "Point",
        "coordinates": [
          10.64494,
          59.86013
        ]
      }
    },
    {
      "type": "Feature",
      "properties": {
        "name": "Government Site 0556",
        "category": "government",
        "visitors_per_year": 210700,
        "opened_year": 1817
      },
      "geometry": {
        "type": "Point",
        "coordinates": [
          10.61277,
          59.95456
        ]
      }
    },
    {
      "type": "Feature",
      "properties": {
        "name": "Culture Site 0557",
        "category": "culture",
        "visitors_per_year": 45790,
        "opened_year": 1941
      },
      "geometry": {
        "type": "Point",
        "coordinates": [
          10.85311,
          59.95056
        ]
      }
    },
    {
      "type": "Feature",
      "properties": {
        "name": "Culture Site 0558",
        "category": "culture",
        "visitors_per_year": 159836,
        "opened_year": 1989
      },
      "geometry": {
        "type": "Point",
        "coordinates": [
          10.55279,
          59.87609
        ]
      }
    },
    {
      "type": "Feature",
      "properties": {
        "name": "Sport Site 0559",
        "category": "sport",
        "visitors_per_year": 102957,
        "opened_year": 1987
      },
      "geometry": {
        "type": "Point",
        "coordinates": [
          10.6349,
          59.89788
        ]
      }
    },
    {
      "type": "Feature",
      "properties": {
        "name": "Sport Site 0560",
        "category": "sport",
        "visitors_per_year": 1359908,
        "opened_year": 1806
      },
      "geometry": {
        "type": "Point",
        "coordinates": [
          10.81617,
          59.88187
        ]
      }
    },
    {
      "type": "Feature",
      "properties": {
        "name": "Landmark Site 0561",
        "category": "landmark",
        "visitors_per_year": 5530,
        "opened_year": 1885
      },
      "geometry": {
        "type": "Point",
        "coordinates": [
          10.73954,
          59.93267
        ]
      }
    },
    {
      "type": "Feature",
      "properties": {
        "name": "Government Site 0562",
        "category": "government",
        "visitors_per_year": 161724,
        "opened_year": 1826
      },
      "geometry": {
        "type": "Point",
        "coordinates": [
          10.81563,
          59.89892
        ]
      }
    },
    {
      "type": "Feature",
      "properties": {
        "name": "Landmark Site 0563",
        "category": "landmark",
        "visitors_per_year": 31902,
        "opened_year": 1836
      },
      "geometry": {
        "type": "Point",
        "coordinates": [
          10.73544,
          59.88096
        ]
      }
    },
    {
      "type": "Feature",
      "properties": {
        "name": "Museum Site 0564",
        "category": "museum",
        "visitors_per_year": 273003,
        "opened_year": 1905
      },
      "geometry": {
        "type": "Point",
        "coordinates": [
          10.64794,
          59.85571
        ]
      }
    },
    {
      "type": "Feature",
      "properties": {
        "name": "Museum Site 0565",
        "category": "museum",
        "visitors_per_year": 304991,
        "opened_year": 1824
      },
      "geometry": {
        "type": "Point",
        "coordinates": [
          10.86345,
          59.9096
        ]
      }
    },
    {
      "type": "Feature",
      "properties": {
        "name": "Sport Site 0566",
        "category": "sport",
        "visitors_per_year": 1690806,
        "opened_year": 1815
      },
      "geometry": {
        "type": "Point",
        "coordinates": [
          10.59673,
          59.9566
        ]
      }
    },
    {
      "type": "Feature",
      "properties": {
        "name": "Culture Site 0567",
        "category": "culture",
        "visitors_per_year": 165655,
        "opened_year": 2005
      },
      "geometry": {
        "type": "Point",
        "coordinates": [
          10.78186,
          59.86699
        ]
      }
    },
    {
      "type": "Feature",
      "properties": {
        "name": "Culture Site 0568",
        "category": "culture",
        "visitors_per_year": 143083,
        "opened_year": 1859
      },
      "geometry": {
        "type": "Point",
        "coordinates": [
          10.79525,
          59.9456
        ]
      }
    },
    {
      "type": "Feature",
      "properties": {
        "name": "Government Site 0569",
        "category": "government",
        "visitors_per_year": 57633,
        "opened_year": 1839
      },
      "geometry": {
        "type": "Point",
        "coordinates": [
          10.88024,
          59.86769
        ]
      }
    },
    {
      "type": "Feature",
      "properties": {
        "name": "Government Site 0570",
        "category": "government",
        "visitors_per_year": 281478,
        "opened_year": 1891
      },
      "geometry": {
        "type": "Point",
        "coordinates": [
          10.60753,
          59.91059
        ]
      }
    },
    {
      "type": "Feature",
      "properties": {
        "name": "Landmark Site 0571",
        "category": "landmark",
        "visitors_per_year": 47906,
        "opened_year": 1840
      },
      "geometry": {
        "type": "Point",
        "coordinates": [
          10.70817,
          59.91024
        ]
      }
    },
    {
      "type": "Feature",
      "properties": {
        "name": "Museum Site 0572",
        "category": "museum",
        "visitors_per_year": 113232,
        "opened_year": 2013
      },
      "geometry": {
        "type": "Point",
        "coordinates": [
          10.65648,
          59.94161
        ]
      }
    },
    {
      "type": "Feature",
      "properties": {
        "name": "Park Site 0573",
        "category": "park",
        "visitors_per_year": 208246,
        "opened_year": 1931
      },
      "geometry": {
        "type": "Point",
        "coordinates": [
          10.60191,
          59.94245
        ]
      }
    },
    {
      "type": "Feature",
      "properties": {
        "name": "Government Site 0574",
        "category": "government",
        "visitors_per_year": 16795,
        "opened_year": 1903
      },
      "geometry": {
        "type": "Point",
        "coordinates": [
          10.78701,
          59.88382
        ]
      }
    },
    {
      "type": "Feature",
      "properties": {
        "name": "Culture Site 0575",
        "category": "culture",
        "visitors_per_year": 713715,
        "opened_year": 2005
      },
      "geometry": {
        "type": "Point",
        "coordinates": [
          10.74458,
          59.92152
        ]
      }
    },
    {
      "type": "Feature",
      "properties": {
        "name": "Landmark Site 0576",
        "category": "landmark",
        "visitors_per_year": 117043,
        "opened_year": 1833
      },
      "geometry": {
        "type": "Point",
        "coordinates": [
          10.59251,
          59.85802
        ]
      }
    },
    {
      "type": "Feature",
      "properties": {
        "name": "Landmark Site 0577",
        "category": "landmark",
        "visitors_per_year": 338500,
        "opened_year": 1821
      },
      "geometry": {
        "type": "Point",
        "coordinates": [
          10.83829,
          59.89839
        ]
      }
    },
    {
      "type": "Feature",
      "properties": {
        "name": "Sport Site 0578",
        "category": "sport",
        "visitors_per_year": 635207,
        "opened_year": 1850
      },
      "geometry": {
        "type": "Point",
        "coordinates": [
          10.75514,
          59.96927
        ]
      }
    },
    {
      "type": "Feature",
      "properties": {
        "name": "Museum Site 0579",
        "category": "museum",
        "visitors_per_year": 174327,
        "opened_year": 1831
      },
      "geometry": {
        "type": "Point",
        "coordinates": [
          10.7052,
          59.86674
        ]
      }
    },
    {
      "type": "Feature",
      "properties": {
        "name": "Government Site 0580",
        "category": "government",
        "visitors_per_year": 227598,
        "opened_year": 2010
      },
      "geometry": {
        "type": "Point",
        "coordinates": [
          10.8798,
          59.85658
        ]
      }
    },
    {
      "type": "Feature",
      "properties": {
        "name": "Museum Site 0581",
        "category": "museum",
        "visitors_per_year": 91100,
        "opened_year": 1890
      },
      "geometry": {
        "type": "Point",
        "coordinates": [
          10.68825,
          59.85383
        ]
      }
    },
    {
      "type": "Feature",
      "properties": {
        "name": "Landmark Site 0582",
        "category": "landmark",
        "visitors_per_year": 78425,
        "opened_year": 1808
      },
      "geometry": {
        "type": "Point",
        "coordinates": [
          10.86791,
          59.88575
        ]
      }
    },
    {
      "type": "Feature",
      "properties": {
        "name": "Sport Site 0583",
        "category": "sport",
        "visitors_per_year": 216502,
        "opened_year": 1940
      },
      "geometry": {
        "type": "Point",
        "coordinates": [
          10.76671,
          59.88195
        ]
      }
    },
    {
      "type": "Feature",
      "properties": {
        "name": "Culture Site 0584",
        "category": "culture",
        "visitors_per_year": 918293,
        "opened_year": 1964
      },
      "geometry": {
        "type": "Point",
        "coordinates": [
          10.57134,
          59.88637
        ]
      }
    },
    {
      "type": "Feature",
      "properties": {
        "name": "Sport Site 0585",
        "category": "sport",
        "visitors_per_year": 10739,
        "opened_year": 1897
      },
      "geometry": {
        "type": "Point",
        "coordinates": [
          10.6372,
          59.97923
        ]
      }
    },
    {
      "type": "Feature",
      "properties": {
        "name": "Museum Site 0586",
        "category": "museum",
        "visitors_per_year": 297064,
        "opened_year": 1928
      },
      "geometry": {
        "type": "Point",
        "coordinates": [
          10.67569,
          59.92079
        ]
      }
    },
    {
      "type": "Feature",
      "properties": {
        "name": "Park Site 0587",
        "category": "park",
        "visitors_per_year": 115329,
        "opened_year": 1807
      },
      "geometry": {
        "type": "Point",
        "coordinates": [
          10.68593,
          59.87338
        ]
      }
    },
    {
      "type": "Feature",
      "properties": {
        "name": "Park Site 0588",
        "category": "park",
        "visitors_per_year": 306678,
        "opened_year": 1859
      },
      "geometry": {
        "type": "Point",
        "coordinates": [
          10.57051,
          59.9789
        ]
      }
    },
    {
      "type": "Feature",
      "properties": {
        "name": "Landmark Site 0589",
        "category": "landmark",
        "visitors_per_year": 386931,
        "opened_year": 1814
      },
      "geometry": {
        "type": "Point",
        "coordinates": [
          10.58505,
          59.93539
        ]
      }
    },
    {
      "type": "Feature",
      "properties": {
        "name": "Landmark Site 0590",
        "category": "landmark",
        "visitors_per_year": 91575,
        "opened_year": 1845
      },
      "geometry": {
        "type": "Point",
        "coordinates": [
          10.75149,
          59.97775
        ]
      }
    },
    {
      "type": "Feature",
      "properties": {
        "name": "Landmark Site 0591",
        "category": "landmark",
        "visitors_per_year": 310649,
        "opened_year": 1807
      },
      "geometry": {
        "type": "Point",
        "coordinates": [
          10.75738,
          59.95481
        ]
      }
    },
    {
      "type": "Feature",
      "properties": {
        "name": "Museum Site 0592",
        "category": "museum",
        "visitors_per_year": 295731,
        "opened_year": 1848
      },
      "geometry": {
        "type": "Point",
        "coordinates": [
          10.7952,
          59.97318
        ]
      }
    },
    {
      "type": "Feature",
      "properties": {
        "name": "Culture Site 0593",
        "category": "culture",
        "visitors_per_year": 617792,
        "opened_year": 1859
      },
      "geometry": {
        "type": "Point",
        "coordinates": [
          10.73974,
          59.87282
        ]
      }
    },
    {
      "type": "Feature",
      "properties": {
        "name": "Sport Site 0594",
        "category": "sport",
        "visitors_per_year": 1787933,
        "opened_year": 1851
      },
      "geometry": {
        "type": "Point",
        "coordinates": [
          10.62658,
          59.91844
        ]
      }
    },
    {
      "type": "Feature",
      "properties": {
        "name": "Landmark Site 0595",
        "category": "landmark",
        "visitors_per_year": 170153,
        "opened_year": 1815
      },
      "geometry": {
        "type": "Point",
        "coordinates": [
          10.66927,
          59.87307
        ]
      }
    },
    {
      "type": "Feature",
      "properties": {
        "name": "Government Site 0596",
        "category": "government",
        "visitors_per_year": 732617,
        "opened_year": 2016
      },
      "geometry": {
        "type": "Point",
        "coordinates": [
          10.6017,
          59.94161
        ]
      }
    },
    {
      "type": "Feature",
      "properties": {
        "name": "Sport Site 0597",
        "category": "sport",
        "visitors_per_year": 347651,
        "opened_year": 1901
      },
      "geometry": {
        "type": "Point",
        "coordinates": [
          10.85123,
          59.97487
        ]
      }
    },
    {
      "type": "Feature",
      "properties": {
        "name": "Sport Site 0598",
        "category": "sport",
        "visitors_per_year": 830309,
        "opened_year": 1987
      },
      "geometry": {
        "type": "Point",
        "coordinates": [
          10.58536,
          59.88923
        ]
      }
    },
    {
      "type": "Feature",
      "properties": {
        "name": "Culture Site 0599",
        "category": "culture",
        "visitors_per_year": 91832,
        "opened_year": 1981
      },
      "geometry": {
        "type": "Point",
        "coordinates": [
          10.82714,
          59.97489
        ]
      }
    },
    {
      "type": "Feature",
      "properties": {
        "name": "Sport Site 0600",
        "category": "sport",
        "visitors_per_year": 117540,
        "opened_year": 1970
      },
      "geometry": {
        "type": "Point",
        "coordinates": [
          10.79275,
          59.97075
        ]
      }
    },
    {
      "type": "Feature",
      "properties": {
        "name": "Sport Site 0601",
        "category": "sport",
        "visitors_per_year": 154911,
        "opened_year": 1832
      },
      "geometry": {
        "type": "Point",
        "coordinates": [
          10.83506,
          59.89919
        ]
      }
    },
    {
      "type": "Feature",
      "properties": {
        "name": "Landmark Site 0602",
        "category": "landmark",
        "visitors_per_year": 205811,
        "opened_year": 2017
      },
      "geometry": {
        "type": "Point",
        "coordinates": [
          10.80509,
          59.97334
        ]
      }
    },
    {
      "type": "Feature",
      "properties": {
        "name": "Sport Site 0603",
        "category": "sport",
        "visitors_per_year": 321039,
        "opened_year": 1856
      },
      "geometry": {
        "type": "Point",
        "coordinates": [
          10.56133,
          59.92831
        ]
      }
    },
    {
      "type": "Feature",
      "properties": {
        "name": "Museum Site 0604",
        "category": "museum",
        "visitors_per_year": 663172,
        "opened_year": 1860
      },
      "geometry": {
        "type": "Point",
        "coordinates": [
          10.74794,
          59.97177
        ]
      }
    },
    {
      "type": "Feature",
      "properties": {
        "name": "Park Site 0605",
        "category": "park",
        "visitors_per_year": 47017,
        "opened_year": 2010
      },
      "geometry": {
        "type": "Point",
        "coordinates": [
          10.89383,
          59.87183
        ]
      }
    },
    {
      "type": "Feature",
      "properties": {
        "name": "Museum Site 0606",
        "category": "museum",
        "visitors_per_year": 6474,
        "opened_year": 1867
      },
      "geometry": {
        "type": "Point",
        "coordinates": [
          10.78451,
          59.94481
        ]
      }
    },
    {
      "type": "Feature",
      "properties": {
        "name": "Landmark Site 0607",
        "category": "landmark",
        "visitors_per_year": 57141,
        "opened_year": 1984
      },
      "geometry": {
        "type": "Point",
        "coordinates": [
          10.63734,
          59.85881
        ]
      }
    },
    {
      "type": "Feature",
      "properties": {
        "name": "Government Site 0608",
        "category": "government",
        "visitors_per_year": 87709,
        "opened_year": 1905
      },
      "geometry": {
        "type": "Point",
        "coordinates": [
          10.56685,
          59.90697
        ]
      }
    },
    {
      "type": "Feature",
      "properties": {
        "name": "Culture Site 0609",
        "category": "culture",
        "visitors_per_year": 251890,
        "opened_year": 2001
      },
      "geometry": {
        "type": "Point",
        "coordinates": [
          10.85862,
          59.89566
        ]
      }
    },
    {
      "type": "Feature",
      "properties": {
        "name": "Sport Site 0610",
        "category": "sport",
        "visitors_per_year": 39144,
        "opened_year": 2004
      },
      "geometry": {
        "type": "Point",
        "coordinates": [
          10.77784,
          59.93933
        ]
      }
    },
    {
      "type": "Feature",
      "properties": {
        "name": "Government Site 0611",
        "category": "government",
        "visitors_per_year": 39402,
        "opened_year": 1887
      },
      "geometry": {
        "type": "Point",
        "coordinates": [
          10.65322,
          59.89143
        ]
      }
    },
    {
      "type": "Feature",
      "properties": {
        "name": "Landmark Site 0612",
        "category": "landmark",
        "visitors_per_year": 695254,
        "opened_year": 1886
      },
      "geometry": {
        "type": "Point",
        "coordinates": [
          10.86078,
          59.87092
        ]
      }
    },
    {
      "type": "Feature",
      "properties": {
        "name": "Sport Site 0613",
        "category": "sport",
        "visitors_per_year": 226637,
        "opened_year": 1967
      },
      "geometry": {
        "type": "Point",
        "coordinates": [
          10.89485,
          59.96612
        ]
      }
    },
    {
      "type": "Feature",
      "properties": {
        "name": "Landmark Site 0614",
        "category": "landmark",
        "visitors_per_year": 1194355,
        "opened_year": 1852
      },
      "geometry": {
        "type": "Point",
        "coordinates": [
          10.76256,
          59.90645
        ]
      }
    },
    {
      "type": "Feature",
      "properties": {
        "name": "Landmark Site 0615",
        "category": "landmark",
        "visitors_per_year": 283681,
        "opened_year": 1867
      },
      "geometry": {
        "type": "Point",
        "coordinates": [
          10.69325,
          59.92203
        ]
      }
    },
    {
      "type": "Feature",
      "properties": {
        "name": "Museum Site 0616",
        "category": "museum",
        "visitors_per_year": 1699088,
        "opened_year": 1940
      },
      "geometry": {
        "type": "Point",
        "coordinates": [
          10.64853,
          59.88088
        ]
      }
    },
    {
      "type": "Feature",
      "properties": {
        "name": "Culture Site 0617",
        "category": "culture",
        "visitors_per_year": 154928,
        "opened_year": 2010
      },
      "geometry": {
        "type": "Point",
        "coordinates": [
          10.60376,
          59.89691
        ]
      }
    },
    {
      "type": "Feature",
      "properties": {
        "name": "Museum Site 0618",
        "category": "museum",
        "visitors_per_year": 934011,
        "opened_year": 1843
      },
      "geometry": {
        "type": "Point",
        "coordinates": [
          10.76878,
          59.91244
        ]
      }
    },
    {
      "type": "Feature",
      "properties": {
        "name": "Museum Site 0619",
        "category": "museum",
        "visitors_per_year": 162165,
        "opened_year": 2000
      },
      "geometry": {
        "type": "Point",
        "coordinates": [
          10.65213,
          59.86065
        ]
      }
    },
    {
      "type": "Feature",
      "properties": {
        "name": "Culture Site 0620",
        "category": "culture",
        "visitors_per_year": 337022,
        "opened_year": 1939
      },
      "geometry": {
        "type": "Point",
        "coordinates": [
          10.71483,
          59.96633
        ]
      }
    },
    {
      "type": "Feature",
      "properties": {
        "name": "Culture Site 0621",
        "category": "culture",
        "visitors_per_year": 234214,
        "opened_year": 1811
      },
      "geometry": {
        "type": "Point",
        "coordinates": [
          10.61471,
          59.96511
        ]
      }
    },
    {
      "type": "Feature",
      "properties": {
        "name": "Park Site 0622",
        "category": "park",
        "visitors_per_year": 296327,
        "opened_year": 1815
      },
      "geometry": {
        "type": "Point",
        "coordinates": [
          10.70391,
          59.88424
        ]
      }
    },
    {
      "type": "Feature",
      "properties": {
        "name": "Landmark Site 0623",
        "category": "landmark",
        "visitors_per_year": 1220982,
        "opened_year": 2006
      },
      "geometry": {
        "type": "Point",
        "coordinates": [
          10.81328,
          59.93677
        ]
      }
    },
    {
      "type": "Feature",
      "properties": {
        "name": "Sport Site 0624",
        "category": "sport",
        "visitors_per_year": 32473,
        "opened_year": 2015
      },
      "geometry": {
        "type": "Point",
        "coordinates": [
          10.6949,
          59.94834
        ]
      }
    },
    {
      "type": "Feature",
      "properties": {
        "name": "Culture Site 0625",
        "category": "culture",
        "visitors_per_year": 249444,
        "opened_year": 1946
      },
      "geometry": {
        "type": "Point",
        "coordinates": [
          10.83644,
          59.90442
        ]
      }
    },
    {
      "type": "Feature",
      "properties": {
        "name": "Landmark Site 0626",
        "category": "landmark",
        "visitors_per_year": 375001,
        "opened_year": 1808
      },
      "geometry": {
        "type": "Point",
        "coordinates": [
          10.71669,
          59.86026
        ]
      }
    },
    {
      "type": "Feature",
      "properties": {
        "name": "Sport Site 0627",
        "category": "sport",
        "visitors_per_year": 325701,
        "opened_year": 1837
      },
      "geometry": {
        "type": "Point",
        "coordinates": [
          10.74993,
          59.91719
        ]
      }
    },
    {
      "type": "Feature",
      "properties": {
        "name": "Government Site 0628",
        "category": "government",
        "visitors_per_year": 88142,
        "opened_year": 1854
      },
      "geometry": {
        "type": "Point",
        "coordinates": [
          10.88224,
          59.90838
        ]
      }
    },
    {
      "type": "Feature",
      "properties": {
        "name": "Landmark Site 0629",
        "category": "landmark",
        "visitors_per_year": 228771,
        "opened_year": 1851
      },
      "geometry": {
        "type": "Point",
        "coordinates": [
          10.59417,
          59.90504
        ]
      }
    },
    {
      "type": "Feature",
      "properties": {
        "name": "Museum Site 0630",
        "category": "museum",
        "visitors_per_year": 381711,
        "opened_year": 2006
      },
      "geometry": {
        "type": "Point",
        "coordinates": [
          10.60176,
          59.92736
        ]
      }
    },
    {
      "type": "Feature",
      "properties": {
        "name": "Government Site 0631",
        "category": "government",
        "visitors_per_year": 145308,
        "opened_year": 1933
      },
      "geometry": {
        "type": "Point",
        "coordinates": [
          10.58046,
          59.92233
        ]
      }
    },
    {
      "type": "Feature",
      "properties": {
        "name": "Culture Site 0632",
        "category": "culture",
        "visitors_per_year": 308559,
        "opened_year": 1933
      },
      "geometry": {
        "type": "Point",
        "coordinates": [
          10.87101,
          59.85161
        ]
      }
    },
    {
      "type": "Feature",
      "properties": {
        "name": "Culture Site 0633",
        "category": "culture",
        "visitors_per_year": 305990,
        "opened_year": 1994
      },
      "geometry": {
        "type": "Point",
        "coordinates": [
          10.58938,
          59.86945
        ]
      }
    },
    {
      "type": "Feature",
      "properties": {
        "name": "Government Site 0634",
        "category": "government",
        "visitors_per_year": 1099980,
        "opened_year": 2022
      },
      "geometry": {
        "type": "Point",
        "coordinates": [
          10.87372,
          59.92315
        ]
      }
    },
    {
      "type": "Feature",
      "properties": {
        "name": "Sport Site 0635",
        "category": "sport",
        "visitors_per_year": 343797,
        "opened_year": 1924
      },
      "geometry": {
        "type": "Point",
        "coordinates": [
          10.85805,
          59.96413
        ]
      }
    },
    {
      "type": "Feature",
      "properties": {
        "name": "Sport Site 0636",
        "category": "sport",
        "visitors_per_year": 75920,
        "opened_year": 1958
      },
      "geometry": {
        "type": "Point",
        "coordinates": [
          10.76314,
          59.85487
        ]
      }
    },
    {
      "type": "Feature",
      "properties": {
        "name": "Sport Site 0637",
        "category": "sport",
        "visitors_per_year": 174298,
        "opened_year": 1976
      },
      "geometry": {
        "type": "Point",
        "coordinates": [
          10.78828,
          59.90222
        ]
      }
    },
    {
      "type": "Feature",
      "properties": {
        "name": "Landmark Site 0638",
        "category": "landmark",
        "visitors_per_year": 195766,
        "opened_year": 1805
      },
      "geometry": {
        "type": "Point",
        "coordinates": [
          10.56725,
          59.91178
        ]
      }
    },
    {
      "type": "Feature",
      "properties": {
        "name": "Park Site 0639",
        "category": "park",
        "visitors_per_year": 258250,
        "opened_year": 2019
      },
      "geometry": {
        "type": "Point",
        "coordinates": [
          10.83609,
          59.8894
        ]
      }
    },
    {
      "type": "Feature",
      "properties": {
        "name": "Museum Site 0640",
        "category": "museum",
        "visitors_per_year": 158038,
        "opened_year": 1990
      },
      "geometry": {
        "type": "Point",
        "coordinates": [
          10.7897,
          59.97642
        ]
      }
    },
    {
      "type": "Feature",
      "properties": {
        "name": "Culture Site 0641",
        "category": "culture",
        "visitors_per_year": 317683,
        "opened_year": 1965
      },
      "geometry": {
        "type": "Point",
        "coordinates": [
          10.82091,
          59.89171
        ]
      }
    },
    {
      "type": "Feature",
      "properties": {
        "name": "Government Site 0642",
        "category": "government",
        "visitors_per_year": 388968,
        "opened_year": 1924
      },
      "geometry": {
        "type": "Point",
        "coordinates": [
          10.61578,
          59.87748
        ]
      }
    },
    {
      "type": "Feature",
      "properties": {
        "name": "Sport Site 0643",
        "category": "sport",
        "visitors_per_year": 83847,
        "opened_year": 1816
      },
      "geometry": {
        "type": "Point",
        "coordinates": [
          10.85352,
          59.95673
        ]
      }
    },
    {
      "type": "Feature",
      "properties": {
        "name": "Park Site 0644",
        "category": "park",
        "visitors_per_year": 275376,
        "opened_year": 1945
      },
      "geometry": {
        "type": "Point",
        "coordinates": [
          10.79835,
          59.90244
        ]
      }
    },
    {
      "type": "Feature",
      "properties": {
        "name": "Government Site 0645",
        "category": "government",
        "visitors_per_year": 30713,
        "opened_year": 1863
      },
      "geometry": {
        "type": "Point",
        "coordinates": [
          10.61081,
          59.96377
        ]
      }
    },
    {
      "type": "Feature",
      "properties": {
        "name": "Government Site 0646",
        "category": "government",
        "visitors_per_year": 144143,
        "opened_year": 1894
      },
      "geometry": {
        "type": "Point",
        "coordinates": [
          10.70976,
          59.96934
        ]
      }
    },
    {
      "type": "Feature",
      "properties": {
        "name": "Culture Site 0647",
        "category": "culture",
        "visitors_per_year": 564095,
        "opened_year": 1861
      },
      "geometry": {
        "type": "Point",
        "coordinates": [
          10.72679,
          59.9326
        ]
      }
    },
    {
      "type": "Feature",
      "properties": {
        "name": "Park Site 0648",
        "category": "park",
        "visitors_per_year": 249317,
        "opened_year": 1950
      },
      "geometry": {
        "type": "Point",
        "coordinates": [
          10.72108,
          59.90799
        ]
      }
    },
    {
      "type": "Feature",
      "properties": {
        "name": "Sport Site 0649",
        "category": "sport",
        "visitors_per_year": 393171,
        "opened_year": 2012
      },
      "geometry": {
        "type": "Point",
        "coordinates": [
          10.67242,
          59.87126
        ]
      }
    },
    {
      "type": "Feature",
      "properties": {
        "name": "Museum Site 0650",
        "category": "museum",
        "visitors_per_year": 1700112,
        "opened_year": 1999
      },
      "geometry": {
        "type": "Point",
        "coordinates": [
          10.58164,
          59.85357
        ]
      }
    },
    {
      "type": "Feature",
      "properties": {
        "name": "Landmark Site 0651",
        "category": "landmark",
        "visitors_per_year": 141577,
        "opened_year": 1966
      },
      "geometry": {
        "type": "Point",
        "coordinates": [
          10.84999,
          59.93416
        ]
      }
    },
    {
      "type": "Feature",
      "properties": {
        "name": "Culture Site 0652",
        "category": "culture",
        "visitors_per_year": 358169,
        "opened_year": 1802
      },
      "geometry": {
        "type": "Point",
        "coordinates": [
          10.72965,
          59.9624
        ]
      }
    },
    {
      "type": "Feature",
      "properties": {
        "name": "Culture Site 0653",
        "category": "culture",
        "visitors_per_year": 4937,
        "opened_year": 1857
      },
      "geometry": {
        "type": "Point",
        "coordinates": [
          10.86903,
          59.93416
        ]
      }
    },
    {
      "type": "Feature",
      "properties": {
        "name": "Park Site 0654",
        "category": "park",
        "visitors_per_year": 372413,
        "opened_year": 1964
      },
      "geometry": {
        "type": "Point",
        "coordinates": [
          10.76292,
          59.97259
        ]
      }
    },
    {
      "type": "Feature",
      "properties": {
        "name": "Park Site 0655",
        "category": "park",
        "visitors_per_year": 132619,
        "opened_year": 1855
      },
      "geometry": {
        "type": "Point",
        "coordinates": [
          10.69833,
          59.89894
        ]
      }
    },
    {
      "type": "Feature",
      "properties": {
        "name": "Culture Site 0656",
        "category": "culture",
        "visitors_per_year": 306939,
        "opened_year": 1826
      },
      "geometry": {
        "type": "Point",
        "coordinates": [
          10.65575,
          59.91768
        ]
      }
    },
    {
      "type": "Feature",
      "properties": {
        "name": "Government Site 0657",
        "category": "government",
        "visitors_per_year": 196704,
        "opened_year": 1943
      },
      "geometry": {
        "type": "Point",
        "coordinates": [
          10.72903,
          59.93611
        ]
      }
    },
    {
      "type": "Feature",
      "properties": {
        "name": "Museum Site 0658",
        "category": "museum",
        "visitors_per_year": 253069,
        "opened_year": 1816
      },
      "geometry": {
        "type": "Point",
        "coordinates": [
          10.75782,
          59.88675
        ]
      }
    },
    {
      "type": "Feature",
      "properties": {
        "name": "Park Site 0659",
        "category": "park",
        "visitors_per_year": 137416,
        "opened_year": 1967
      },
      "geometry": {
        "type": "Point",
        "coordinates": [
          10.89593,
          59.93328
        ]
      }
    },
    {
      "type": "Feature",
      "properties": {
        "name": "Museum Site 0660",
        "category": "museum",
        "visitors_per_year": 271710,
        "opened_year": 1995
      },
      "geometry": {
        "type": "Point",
        "coordinates": [
          10.88327,
          59.93469
        ]
      }
    },
    {
      "type": "Feature",
      "properties": {
        "name": "Landmark Site 0661",
        "category": "landmark",
        "visitors_per_year": 315090,
        "opened_year": 1903
      },
      "geometry": {
        "type": "Point",
        "coordinates": [
          10.86489,
          59.95471
        ]
      }
    },
    {
      "type": "Feature",
      "properties": {
        "name": "Museum Site 0662",
        "category": "museum",
        "visitors_per_year": 1543066,
        "opened_year": 1875
      },
      "geometry": {
        "type": "Point",
        "coordinates": [
          10.66186,
          59.86819
        ]
      }
    },
    {
      "type": "Feature",
      "properties": {
        "name": "Park Site 0663",
        "category": "park",
        "visitors_per_year": 306172,
        "opened_year": 1981
      },
      "geometry": {
        "type": "Point",
        "coordinates": [
          10.86742,
          59.9026
        ]
      }
    },
    {
      "type": "Feature",
      "properties": {
        "name": "Sport Site 0664",
        "category": "sport",
        "visitors_per_year": 360328,
        "opened_year": 1936
      },
      "geometry": {
        "type": "Point",
        "coordinates": [
          10.83561,
          59.89461
        ]
      }
    },
    {
      "type": "Feature",
      "properties": {
        "name": "Museum Site 0665",
        "category": "museum",
        "visitors_per_year": 266479,
        "opened_year": 1876
      },
      "geometry": {
        "type": "Point",
        "coordinates": [
          10.82471,
          59.96785
        ]
      }
    },
    {
      "type": "Feature",
      "properties": {
        "name": "Landmark Site 0666",
        "category": "landmark",
        "visitors_per_year": 51672,
        "opened_year": 1920
      },
      "geometry": {
        "type": "Point",
        "coordinates": [
          10.84422,
          59.96394
        ]
      }
    },
    {
      "type": "Feature",
      "properties": {
        "name": "Landmark Site 0667",
        "category": "landmark",
        "visitors_per_year": 96480,
        "opened_year": 1974
      },
      "geometry": {
        "type": "Point",
        "coordinates": [
          10.80932,
          59.94427
        ]
      }
    },
    {
      "type": "Feature",
      "properties": {
        "name": "Park Site 0668",
        "category": "park",
        "visitors_per_year": 161501,
        "opened_year": 1907
      },
      "geometry": {
        "type": "Point",
        "coordinates": [
          10.77905,
          59.87889
        ]
      }
    },
    {
      "type": "Feature",
      "properties": {
        "name": "Park Site 0669",
        "category": "park",
        "visitors_per_year": 62251,
        "opened_year": 1920
      },
      "geometry": {
        "type": "Point",
        "coordinates": [
          10.68009,
          59.92612
        ]
      }
    },
    {
      "type": "Feature",
      "properties": {
        "name": "Government Site 0670",
        "category": "government",
        "visitors_per_year": 37837,
        "opened_year": 1920
      },
      "geometry": {
        "type": "Point",
        "coordinates": [
          10.85324,
          59.92586
        ]
      }
    },
    {
      "type": "Feature",
      "properties": {
        "name": "Landmark Site 0671",
        "category": "landmark",
        "visitors_per_year": 156924,
        "opened_year": 1905
      },
      "geometry": {
        "type": "Point",
        "coordinates": [
          10.72517,
          59.96277
        ]
      }
    },
    {
      "type": "Feature",
      "properties": {
        "name": "Government Site 0672",
        "category": "government",
        "visitors_per_year": 180157,
        "opened_year": 1904
      },
      "geometry": {
        "type": "Point",
        "coordinates": [
          10.8548,
          59.8696
        ]
      }
    },
    {
      "type": "Feature",
      "properties": {
        "name": "Sport Site 0673",
        "category": "sport",
        "visitors_per_year": 878235,
        "opened_year": 1999
      },
      "geometry": {
        "type": "Point",
        "coordinates": [
          10.8625,
          59.97826
        ]
      }
    },
    {
      "type": "Feature",
      "properties": {
        "name": "Government Site 0674",
        "category": "government",
        "visitors_per_year": 333160,
        "opened_year": 1814
      },
      "geometry": {
        "type": "Point",
        "coordinates": [
          10.72065,
          59.93203
        ]
      }
    },
    {
      "type": "Feature",
      "properties": {
        "name": "Government Site 0675",
        "category": "government",
        "visitors_per_year": 302636,
        "opened_year": 1995
      },
      "geometry": {
        "type": "Point",
        "coordinates": [
          10.70822,
          59.87722
        ]
      }
    },
    {
      "type": "Feature",
      "properties": {
        "name": "Landmark Site 0676",
        "category": "landmark",
        "visitors_per_year": 1788657,
        "opened_year": 1911
      },
      "geometry": {
        "type": "Point",
        "coordinates": [
          10.72135,
          59.94926
        ]
      }
    },
    {
      "type": "Feature",
      "properties": {
        "name": "Museum Site 0677",
        "category": "museum",
        "visitors_per_year": 2947,
        "opened_year": 1809
      },
      "geometry": {
        "type": "Point",
        "coordinates": [
          10.70029,
          59.90577
        ]
      }
    },
    {
      "type": "Feature",
      "properties": {
        "name": "Sport Site 0678",
        "category": "sport",
        "visitors_per_year": 1175729,
        "opened_year": 1993
      },
      "geometry": {
        "type": "Point",
        "coordinates": [
          10.61979,
          59.8985
        ]
      }
    },
    {
      "type": "Feature",
      "properties": {
        "name": "Sport Site 0679",
        "category": "sport",
        "visitors_per_year": 130954,
        "opened_year": 1857
      },
      "geometry": {
        "type": "Point",
        "coordinates": [
          10.6167,
          59.93798
        ]
      }
    },
    {
      "type": "Feature",
      "properties": {
        "name": "Museum Site 0680",
        "category": "museum",
        "visitors_per_year": 1555573,
        "opened_year": 1950
      },
      "geometry": {
        "type": "Point",
        "coordinates": [
          10.85694,
          59.89057
        ]
      }
    },
    {
      "type": "Feature",
      "properties": {
        "name": "Park Site 0681",
        "category": "park",
        "visitors_per_year": 152977,
        "opened_year": 1916
      },
      "geometry": {
        "type": "Point",
        "coordinates": [
          10.60846,
          59.9571
        ]
      }
    },
    {
      "type": "Feature",
      "properties": {
        "name": "Museum Site 0682",
        "category": "museum",
        "visitors_per_year": 360570,
        "opened_year": 1834
      },
      "geometry": {
        "type": "Point",
        "coordinates": [
          10.7321,
          59.91814
        ]
      }
    },
    {
      "type": "Feature",
      "properties": {
        "name": "Park Site 0683",
        "category": "park",
        "visitors_per_year": 86946,
        "opened_year": 2007
      },
      "geometry": {
        "type": "Point",
        "coordinates": [
          10.89865,
          59.91372
        ]
      }
    },
    {
      "type": "Feature",
      "properties": {
        "name": "Culture Site 0684",
        "category": "culture",
        "visitors_per_year": 111224,
        "opened_year": 1987
      },
      "geometry": {
        "type": "Point",
        "coordinates": [
          10.55669,
          59.87916
        ]
      }
    },
    {
      "type": "Feature",
      "properties": {
        "name": "Government Site 0685",
        "category": "government",
        "visitors_per_year": 341570,
        "opened_year": 2002
      },
      "geometry": {
        "type": "Point",
        "coordinates": [
          10.75639,
          59.87197
        ]
      }
    },
    {
      "type": "Feature",
      "properties": {
        "name": "Government Site 0686",
        "category": "government",
        "visitors_per_year": 327202,
        "opened_year": 1812
      },
      "geometry": {
        "type": "Point",
        "coordinates": [
          10.68132,
          59.93324
        ]
      }
    },
    {
      "type": "Feature",
      "properties": {
        "name": "Sport Site 0687",
        "category": "sport",
        "visitors_per_year": 10850,
        "opened_year": 1812
      },
      "geometry": {
        "type": "Point",
        "coordinates": [
          10.89814,
          59.93606
        ]
      }
    },
    {
      "type": "Feature",
      "properties": {
        "name": "Museum Site 0688",
        "category": "museum",
        "visitors_per_year": 1030030,
        "opened_year": 1921
      },
      "geometry": {
        "type": "Point",
        "coordinates": [
          10.59053,
          59.90776
        ]
      }
    },
    {
      "type": "Feature",
      "properties": {
        "name": "Museum Site 0689",
        "category": "museum",
        "visitors_per_year": 158371,
        "opened_year": 1907
      },
      "geometry": {
        "type": "Point",
        "coordinates": [
          10.60359,
          59.94037
        ]
      }
    },
    {
      "type": "Feature",
      "properties": {
        "name": "Museum Site 0690",
        "category": "museum",
        "visitors_per_year": 367882,
        "opened_year": 1835
      },
      "geometry": {
        "type": "Point",
        "coordinates": [
          10.58534,
          59.91764
        ]
      }
    },
    {
      "type": "Feature",
      "properties": {
        "name": "Culture Site 0691",
        "category": "culture",
        "visitors_per_year": 62226,
        "opened_year": 1872
      },
      "geometry": {
        "type": "Point",
        "coordinates": [
          10.84073,
          59.86364
        ]
      }
    },
    {
      "type": "Feature",
      "properties": {
        "name": "Government Site 0692",
        "category": "government",
        "visitors_per_year": 138384,
        "opened_year": 2012
      },
      "geometry": {
        "type": "Point",
        "coordinates": [
          10.82467,
          59.91471
        ]
      }
    },
    {
      "type": "Feature",
      "properties": {
        "name": "Sport Site 0693",
        "category": "sport",
        "visitors_per_year": 84581,
        "opened_year": 1810
      },
      "geometry": {
        "type": "Point",
        "coordinates": [
          10.89059,
          59.89653
        ]
      }
    },
    {
      "type": "Feature",
      "properties": {
        "name": "Sport Site 0694",
        "category": "sport",
        "visitors_per_year": 173831,
        "opened_year": 1860
      },
      "geometry": {
        "type": "Point",
        "coordinates": [
          10.72372,
          59.877
        ]
      }
    },
    {
      "type": "Feature",
      "properties": {
        "name": "Government Site 0695",
        "category": "government",
        "visitors_per_year": 1704085,
        "opened_year": 1971
      },
      "geometry": {
        "type": "Point",
        "coordinates": [
          10.55446,
          59.86157
        ]
      }
    },
    {
      "type": "Feature",
      "properties": {
        "name": "Culture Site 0696",
        "category": "culture",
        "visitors_per_year": 379855,
        "opened_year": 1985
      },
      "geometry": {
        "type": "Point",
        "coordinates": [
          10.6022,
          59.86171
        ]
      }
    },
    {
      "type": "Feature",
      "properties": {
        "name": "Government Site 0697",
        "category": "government",
        "visitors_per_year": 155700,
        "opened_year": 1867
      },
      "geometry": {
        "type": "Point",
        "coordinates": [
          10.86667,
          59.93376
        ]
      }
    },
    {
      "type": "Feature",
      "properties": {
        "name": "Culture Site 0698",
        "category": "culture",
        "visitors_per_year": 152840,
        "opened_year": 1892
      },
      "geometry": {
        "type": "Point",
        "coordinates": [
          10.56753,
          59.95571
        ]
      }
    },
    {
      "type": "Feature",
      "properties": {
        "name": "Museum Site 0699",
        "category": "museum",
        "visitors_per_year": 596236,
        "opened_year": 1802
      },
      "geometry": {
        "type": "Point",
        "coordinates": [
          10.65945,
          59.94601
        ]
      }
    },
    {
      "type": "Feature",
      "properties": {
        "name": "Landmark Site 0700",
        "category": "landmark",
        "visitors_per_year": 229988,
        "opened_year": 1959
      },
      "geometry": {
        "type": "Point",
        "coordinates": [
          10.78217,
          59.87217
        ]
      }
    },
    {
      "type": "Feature",
      "properties": {
        "name": "Park Site 0701",
        "category": "park",
        "visitors_per_year": 96376,
        "opened_year": 1829
      },
      "geometry": {
        "type": "Point",
        "coordinates": [
          10.85747,
          59.86208
        ]
      }
    },
    {
      "type": "Feature",
      "properties": {
        "name": "Culture Site 0702",
        "category": "culture",
        "visitors_per_year": 362207,
        "opened_year": 2017
      },
      "geometry": {
        "type": "Point",
        "coordinates": [
          10.69009,
          59.90935
        ]
      }
    },
    {
      "type": "Feature",
      "properties": {
        "name": "Culture Site 0703",
        "category": "culture",
        "visitors_per_year": 59774,
        "opened_year": 1833
      },
      "geometry": {
        "type": "Point",
        "coordinates": [
          10.82996,
          59.93435
        ]
      }
    },
    {
      "type": "Feature",
      "properties": {
        "name": "Museum Site 0704",
        "category": "museum",
        "visitors_per_year": 54875,
        "opened_year": 1906
      },
      "geometry": {
        "type": "Point",
        "coordinates": [
          10.80424,
          59.9776
        ]
      }
    },
    {
      "type": "Feature",
      "properties": {
        "name": "Sport Site 0705",
        "category": "sport",
        "visitors_per_year": 321009,
        "opened_year": 1897
      },
      "geometry": {
        "type": "Point",
        "coordinates": [
          10.71894,
          59.92396
        ]
      }
    },
    {
      "type": "Feature",
      "properties": {
        "name": "Park Site 0706",
        "category": "park",
        "visitors_per_year": 381803,
        "opened_year": 1833
      },
      "geometry": {
        "type": "Point",
        "coordinates": [
          10.76398,
          59.96213
        ]
      }
    },
    {
      "type": "Feature",
      "properties": {
        "name": "Culture Site 0707",
        "category": "culture",
        "visitors_per_year": 24602,
        "opened_year": 1816
      },
      "geometry": {
        "type": "Point",
        "coordinates": [
          10.87214,
          59.86468
        ]
      }
    },
    {
      "type": "Feature",
      "properties": {
        "name": "Park Site 0708",
        "category": "park",
        "visitors_per_year": 275655,
        "opened_year": 1996
      },
      "geometry": {
        "type": "Point",
        "coordinates": [
          10.77924,
          59.85161
        ]
      }
    },
    {
      "type": "Feature",
      "properties": {
        "name": "Museum Site 0709",
        "category": "museum",
        "visitors_per_year": 351691,
        "opened_year": 2023
      },
      "geometry": {
        "type": "Point",
        "coordinates": [
          10.75183,
          59.92345
        ]
      }
    },
    {
      "type": "Feature",
      "properties": {
        "name": "Park Site 0710",
        "category": "park",
        "visitors_per_year": 227436,
        "opened_year": 1969
      },
      "geometry": {
        "type": "Point",
        "coordinates": [
          10.73168,
          59.93947
        ]
      }
    },
    {
      "type": "Feature",
      "properties": {
        "name": "Museum Site 0711",
        "category": "museum",
        "visitors_per_year": 202286,
        "opened_year": 1838
      },
      "geometry": {
        "type": "Point",
        "coordinates": [
          10.637,
          59.89495
        ]
      }
    },
    {
      "type": "Feature",
      "properties": {
        "name": "Sport Site 0712",
        "category": "sport",
        "visitors_per_year": 829100,
        "opened_year": 1929
      },
      "geometry": {
        "type": "Point",
        "coordinates": [
          10.86222,
          59.92968
        ]
      }
    },
    {
      "type": "Feature",
      "properties": {
        "name": "Culture Site 0713",
        "category": "culture",
        "visitors_per_year": 1531060,
        "opened_year": 1882
      },
      "geometry": {
        "type": "Point",
        "coordinates": [
          10.84815,
          59.96302
        ]
      }
    },
    {
      "type": "Feature",
      "properties": {
        "name": "Landmark Site 0714",
        "category": "landmark",
        "visitors_per_year": 289118,
        "opened_year": 1964
      },
      "geometry": {
        "type": "Point",
        "coordinates": [
          10.66581,
          59.88616
        ]
      }
    },
    {
      "type": "Feature",
      "properties": {
        "name": "Culture Site 0715",
        "category": "culture",
        "visitors_per_year": 300935,
        "opened_year": 1914
      },
      "geometry": {
        "type": "Point",
        "coordinates": [
          10.69115,
          59.88055
        ]
      }
    },
    {
      "type": "Feature",
      "properties": {
        "name": "Government Site 0716",
        "category": "government",
        "visitors_per_year": 1543067,
        "opened_year": 1990
      },
      "geometry": {
        "type": "Point",
        "coordinates": [
          10.84981,
          59.90812
        ]
      }
    },
    {
      "type": "Feature",
      "properties": {
        "name": "Museum Site 0717",
        "category": "museum",
        "visitors_per_year": 1651543,
        "opened_year": 1800
      },
      "geometry": {
        "type": "Point",
        "coordinates": [
          10.55622,
          59.90245
        ]
      }
    },
    {
      "type": "Feature",
      "properties": {
        "name": "Government Site 0718",
        "category": "government",
        "visitors_per_year": 267015,
        "opened_year": 1943
      },
      "geometry": {
        "type": "Point",
        "coordinates": [
          10.82712,
          59.97521
        ]
      }
    },
    {
      "type": "Feature",
      "properties": {
        "name": "Landmark Site 0719",
        "category": "landmark",
        "visitors_per_year": 28955,
        "opened_year": 2009
      },
      "geometry": {
        "type": "Point",
        "coordinates": [
          10.77911,
          59.90931
        ]
      }
    },
    {
      "type": "Feature",
      "properties": {
        "name": "Landmark Site 0720",
        "category": "landmark",
        "visitors_per_year": 315047,
        "opened_year": 1921
      },
      "geometry": {
        "type": "Point",
        "coordinates": [
          10.84551,
          59.89316
        ]
      }
    },
    {
      "type": "Feature",
      "properties": {
        "name": "Museum Site 0721",
        "category": "museum",
        "visitors_per_year": 1881834,
        "opened_year": 1856
      },
      "geometry": {
        "type": "Point",
        "coordinates": [
          10.78001,
          59.94307
        ]
      }
    },
    {
      "type": "Feature",
      "properties": {
        "name": "Government Site 0722",
        "category": "government",
        "visitors_per_year": 153583,
        "opened_year": 1940
      },
      "geometry": {
        "type": "Point",
        "coordinates": [
          10.66947,
          59.95788
        ]
      }
    },
    {
      "type": "Feature",
      "properties": {
        "name": "Sport Site 0723",
        "category": "sport",
        "visitors_per_year": 258671,
        "opened_year": 1835
      },
      "geometry": {
        "type": "Point",
        "coordinates": [
          10.68086,
          59.86382
        ]
      }
    },
    {
      "type": "Feature",
      "properties": {
        "name": "Museum Site 0724",
        "category": "museum",
        "visitors_per_year": 103219,
        "opened_year": 1848
      },
      "geometry": {
        "type": "Point",
        "coordinates": [
          10.80988,
          59.9032
        ]
      }
    },
    {
      "type": "Feature",
      "properties": {
        "name": "Government Site 0725",
        "category": "government",
        "visitors_per_year": 100418,
        "opened_year": 1983
      },
      "geometry": {
        "type": "Point",
        "coordinates": [
          10.87558,
          59.90108
        ]
      }
    },
    {
      "type": "Feature",
      "properties": {
        "name": "Park Site 0726",
        "category": "park",
        "visitors_per_year": 352895,
        "opened_year": 1950
      },
      "geometry": {
        "type": "Point",
        "coordinates": [
          10.58772,
          59.90388
        ]
      }
    },
    {
      "type": "Feature",
      "properties": {
        "name": "Government Site 0727",
        "category": "government",
        "visitors_per_year": 264844,
        "opened_year": 1834
      },
      "geometry": {
        "type": "Point",
        "coordinates": [
          10.82025,
          59.90857
        ]
      }
    },
    {
      "type": "Feature",
      "properties": {
        "name": "Culture Site 0728",
        "category": "culture",
        "visitors_per_year": 227417,
        "opened_year": 2014
      },
      "geometry": {
        "type": "Point",
        "coordinates": [
          10.55152,
          59.94571
        ]
      }
    },
    {
      "type": "Feature",
      "properties": {
        "name": "Sport Site 0729",
        "category": "sport",
        "visitors_per_year": 93405,
        "opened_year": 1977
      },
      "geometry": {
        "type": "Point",
        "coordinates": [
          10.71903,
          59.91608
        ]
      }
    },
    {
      "type": "Feature",
      "properties": {
        "name": "Sport Site 0730",
        "category": "sport",
        "visitors_per_year": 1878923,
        "opened_year": 1953
      },
      "geometry": {
        "type": "Point",
        "coordinates": [
          10.61078,
          59.95598
        ]
      }
    },
    {
      "type": "Feature",
      "properties": {
        "name": "Sport Site 0731",
        "category": "sport",
        "visitors_per_year": 319788,
        "opened_year": 1977
      },
      "geometry": {
        "type": "Point",
        "coordinates": [
          10.85894,
          59.91553
        ]
      }
    },
    {
      "type": "Feature",
      "properties": {
        "name": "Landmark Site 0732",
        "category": "landmark",
        "visitors_per_year": 237921,
        "opened_year": 2006
      },
      "geometry": {
        "type": "Point",
        "coordinates": [
          10.64576,
          59.97527
        ]
      }
    },
    {
      "type": "Feature",
      "properties": {
        "name": "Landmark Site 0733",
        "category": "landmark",
        "visitors_per_year": 269089,
        "opened_year": 1876
      },
      "geometry": {
        "type": "Point",
        "coordinates": [
          10.59836,
          59.92833
        ]
      }
    },
    {
      "type": "Feature",
      "properties": {
        "name": "Museum Site 0734",
        "category": "museum",
        "visitors_per_year": 290736,
        "opened_year": 1961
      },
      "geometry": {
        "type": "Point",
        "coordinates": [
          10.74173,
          59.89081
        ]
      }
    },
    {
      "type": "Feature",
      "properties": {
        "name": "Landmark Site 0735",
        "category": "landmark",
        "visitors_per_year": 181533,
        "opened_year": 1972
      },
      "geometry": {
        "type": "Point",
        "coordinates": [
          10.62031,
          59.93114
        ]
      }
    },
    {
      "type": "Feature",
      "properties": {
        "name": "Landmark Site 0736",
        "category": "landmark",
        "visitors_per_year": 264685,
        "opened_year": 1938
      },
      "geometry": {
        "type": "Point",
        "coordinates": [
          10.89347,
          59.93451
        ]
      }
    },
    {
      "type": "Feature",
      "properties": {
        "name": "Museum Site 0737",
        "category": "museum",
        "visitors_per_year": 295296,
        "opened_year": 1922
      },
      "geometry": {
        "type": "Point",
        "coordinates": [
          10.77291,
          59.94235
        ]
      }
    },
    {
      "type": "Feature",
      "properties": {
        "name": "Sport Site 0738",
        "category": "sport",
        "visitors_per_year": 392598,
        "opened_year": 2015
      },
      "geometry": {
        "type": "Point",
        "coordinates": [
          10.74972,
          59.93673
        ]
      }
    },
    {
      "type": "Feature",
      "properties": {
        "name": "Sport Site 0739",
        "category": "sport",
        "visitors_per_year": 274561,
        "opened_year": 1827
      },
      "geometry": {
        "type": "Point",
        "coordinates": [
          10.65007,
          59.96015
        ]
      }
    },
    {
      "type": "Feature",
      "properties": {
        "name": "Government Site 0740",
        "category": "government",
        "visitors_per_year": 1059894,
        "opened_year": 1992
      },
      "geometry": {
        "type": "Point",
        "coordinates": [
          10.6833,
          59.8569
        ]
      }
    },
    {
      "type": "Feature",
      "properties": {
        "name": "Landmark Site 0741",
        "category": "landmark",
        "visitors_per_year": 630092,
        "opened_year": 1976
      },
      "geometry": {
        "type": "Point",
        "coordinates": [
          10.89424,
          59.93884
        ]
      }
    },
    {
      "type": "Feature",
      "properties": {
        "name": "Park Site 0742",
        "category": "park",
        "visitors_per_year": 237789,
        "opened_year": 1826
      },
      "geometry": {
        "type": "Point",
        "coordinates": [
          10.6214,
          59.92035
        ]
      }
    },
    {
      "type": "Feature",
      "properties": {
        "name": "Sport Site 0743",
        "category": "sport",
        "visitors_per_year": 389738,
        "opened_year": 1965
      },
      "geometry": {
        "type": "Point",
        "coordinates": [
          10.85381,
          59.94613
        ]
      }
    },
    {
      "type": "Feature",
      "properties": {
        "name": "Sport Site 0744",
        "category": "sport",
        "visitors_per_year": 365471,
        "opened_year": 1873
      },
      "geometry": {
        "type": "Point",
        "coordinates": [
          10.68611,
          59.91642
        ]
      }
    },
    {
      "type": "Feature",
      "properties": {
        "name": "Museum Site 0745",
        "category": "museum",
        "visitors_per_year": 359715,
        "opened_year": 1880
      },
      "geometry": {
        "type": "Point",
        "coordinates": [
          10.78257,
          59.97044
        ]
      }
    },
    {
      "type": "Feature",
      "properties": {
        "name": "Sport Site 0746",
        "category": "sport",
        "visitors_per_year": 232793,
        "opened_year": 2012
      },
      "geometry": {
        "type": "Point",
        "coordinates": [
          10.56883,
          59.94668
        ]
      }
    },
    {
      "type": "Feature",
      "properties": {
        "name": "Landmark Site 0747",
        "category": "landmark",
        "visitors_per_year": 396393,
        "opened_year": 1950
      },
      "geometry": {
        "type": "Point",
        "coordinates": [
          10.86902,
          59.9416
        ]
      }
    },
    {
      "type": "Feature",
      "properties": {
        "name": "Sport Site 0748",
        "category": "sport",
        "visitors_per_year": 101948,
        "opened_year": 1875
      },
      "geometry": {
        "type": "Point",
        "coordinates": [
          10.80846,
          59.87554
        ]
      }
    },
    {
      "type": "Feature",
      "properties": {
        "name": "Culture Site 0749",
        "category": "culture",
        "visitors_per_year": 91618,
        "opened_year": 1988
      },
      "geometry": {
        "type": "Point",
        "coordinates": [
          10.6121,
          59.93875
        ]
      }
    },
    {
      "type": "Feature",
      "properties": {
        "name": "Sport Site 0750",
        "category": "sport",
        "visitors_per_year": 139037,
        "opened_year": 1833
      },
      "geometry": {
        "type": "Point",
        "coordinates": [
          10.59177,
          59.85528
        ]
      }
    },
    {
      "type": "Feature",
      "properties": {
        "name": "Landmark Site 0751",
        "category": "landmark",
        "visitors_per_year": 372581,
        "opened_year": 1839
      },
      "geometry": {
        "type": "Point",
        "coordinates": [
          10.7544,
          59.88315
        ]
      }
    },
    {
      "type": "Feature",
      "properties": {
        "name": "Government Site 0752",
        "category": "government",
        "visitors_per_year": 1811488,
        "opened_year": 1957
      },
      "geometry": {
        "type": "Point",
        "coordinates": [
          10.6038,
          59.89194
        ]
      }
    },
    {
      "type": "Feature",
      "properties": {
        "name": "Museum Site 0753",
        "category": "museum",
        "visitors_per_year": 38710,
        "opened_year": 2000
      },
      "geometry": {
        "type": "Point",
        "coordinates": [
          10.6554,
          59.95269
        ]
      }
    },
    {
      "type": "Feature",
      "properties": {
        "name": "Museum Site 0754",
        "category": "museum",
        "visitors_per_year": 36244,
        "opened_year": 2001
      },
      "geometry": {
        "type": "Point",
        "coordinates": [
          10.66125,
          59.8786
        ]
      }
    },
    {
      "type": "Feature",
      "properties": {
        "name": "Sport Site 0755",
        "category": "sport",
        "visitors_per_year": 183687,
        "opened_year": 1856
      },
      "geometry": {
        "type": "Point",
        "coordinates": [
          10.60578,
          59.9206
        ]
      }
    },
    {
      "type": "Feature",
      "properties": {
        "name": "Landmark Site 0756",
        "category": "landmark",
        "visitors_per_year": 395108,
        "opened_year": 1958
      },
      "geometry": {
        "type": "Point",
        "coordinates": [
          10.78217,
          59.89304
        ]
      }
    },
    {
      "type": "Feature",
      "properties": {
        "name": "Sport Site 0757",
        "category": "sport",
        "visitors_per_year": 340920,
        "opened_year": 1802
      },
      "geometry": {
        "type": "Point",
        "coordinates": [
          10.7162,
          59.92297
        ]
      }
    },
    {
      "type": "Feature",
      "properties": {
        "name": "Government Site 0758",
        "category": "government",
        "visitors_per_year": 322256,
        "opened_year": 1959
      },
      "geometry": {
        "type": "Point",
        "coordinates": [
          10.78413,
          59.90794
        ]
      }
    },
    {
      "type": "Feature",
      "properties": {
        "name": "Landmark Site 0759",
        "category": "landmark",
        "visitors_per_year": 59940,
        "opened_year": 1898
      },
      "geometry": {
        "type": "Point",
        "coordinates": [
          10.88561,
          59.93873
        ]
      }
    },
    {
      "type": "Feature",
      "properties": {
        "name": "Park Site 0760",
        "category": "park",
        "visitors_per_year": 197086,
        "opened_year": 1931
      },
      "geometry": {
        "type": "Point",
        "coordinates": [
          10.73908,
          59.88677
        ]
      }
    },
    {
      "type": "Feature",
      "properties": {
        "name": "Sport Site 0761",
        "category": "sport",
        "visitors_per_year": 101431,
        "opened_year": 1882
      },
      "geometry": {
        "type": "Point",
        "coordinates": [
          10.70594,
          59.8557
        ]
      }
    },
    {
      "type": "Feature",
      "properties": {
        "name": "Sport Site 0762",
        "category": "sport",
        "visitors_per_year": 282553,
        "opened_year": 1936
      },
      "geometry": {
        "type": "Point",
        "coordinates": [
          10.57882,
          59.86247
        ]
      }
    },
    {
      "type": "Feature",
      "properties": {
        "name": "Government Site 0763",
        "category": "government",
        "visitors_per_year": 112265,
        "opened_year": 2021
      },
      "geometry": {
        "type": "Point",
        "coordinates": [
          10.76943,
          59.8774
        ]
      }
    },
    {
      "type": "Feature",
      "properties": {
        "name": "Museum Site 0764",
        "category": "museum",
        "visitors_per_year": 368939,
        "opened_year": 2024
      },
      "geometry": {
        "type": "Point",
        "coordinates": [
          10.69847,
          59.86351
        ]
      }
    },
    {
      "type": "Feature",
      "properties": {
        "name": "Museum Site 0765",
        "category": "museum",
        "visitors_per_year": 392085,
        "opened_year": 1975
      },
      "geometry": {
        "type": "Point",
        "coordinates": [
          10.82132,
          59.93405
        ]
      }
    },
    {
      "type": "Feature",
      "properties": {
        "name": "Landmark Site 0766",
        "category": "landmark",
        "visitors_per_year": 653612,
        "opened_year": 1813
      },
      "geometry": {
        "type": "Point",
        "coordinates": [
          10.55831,
          59.94319
        ]
      }
    },
    {
      "type": "Feature",
      "properties": {
        "name": "Landmark Site 0767",
        "category": "landmark",
        "visitors_per_year": 119851,
        "opened_year": 1866
      },
      "geometry": {
        "type": "Point",
        "coordinates": [
          10.82798,
          59.92255
        ]
      }
    },
    {
      "type": "Feature",
      "properties": {
        "name": "Culture Site 0768",
        "category": "culture",
        "visitors_per_year": 9355,
        "opened_year": 1899
      },
      "geometry": {
        "type": "Point",
        "coordinates": [
          10.68581,
          59.93193
        ]
      }
    },
    {
      "type": "Feature",
      "properties": {
        "name": "Museum Site 0769",
        "category": "museum",
        "visitors_per_year": 33654,
        "opened_year": 1993
      },
      "geometry": {
        "type": "Point",
        "coordinates": [
          10.59141,
          59.85077
        ]
      }
    },
    {
      "type": "Feature",
      "properties": {
        "name": "Museum Site 0770",
        "category": "museum",
        "visitors_per_year": 1554525,
        "opened_year": 1827
      },
      "geometry": {
        "type": "Point",
        "coordinates": [
          10.75496,
          59.94111
        ]
      }
    },
    {
      "type": "Feature",
      "properties": {
        "name": "Park Site 0771",
        "category": "park",
        "visitors_per_year": 1417873,
        "opened_year": 1897
      },
      "geometry": {
        "type": "Point",
        "coordinates": [
          10.82541,
          59.88918
        ]
      }
    },
    {
      "type": "Feature",
      "properties": {
        "name": "Culture Site 0772",
        "category": "culture",
        "visitors_per_year": 115772,
        "opened_year": 1834
      },
      "geometry": {
        "type": "Point",
        "coordinates": [
          10.83774,
          59.85401
        ]
      }
    },
    {
      "type": "Feature",
      "properties": {
        "name": "Museum Site 0773",
        "category": "museum",
        "visitors_per_year": 332922,
        "opened_year": 1836
      },
      "geometry": {
        "type": "Point",
        "coordinates": [
          10.68685,
          59.95367
        ]
      }
    },
    {
      "type": "Feature",
      "properties": {
        "name": "Park Site 0774",
        "category": "park",
        "visitors_per_year": 382876,
        "opened_year": 1965
      },
      "geometry": {
        "type": "Point",
        "coordinates": [
          10.78705,
          59.96884
        ]
      }
    },
    {
      "type": "Feature",
      "properties": {
        "name": "Park Site 0775",
        "category": "park",
        "visitors_per_year": 74620,
        "opened_year": 1831
      },
      "geometry": {
        "type": "Point",
        "coordinates": [
          10.88509,
          59.85145
        ]
      }
    },
    {
      "type": "Feature",
      "properties": {
        "name": "Government Site 0776",
        "category": "government",
        "visitors_per_year": 45130,
        "opened_year": 1878
      },
      "geometry": {
        "type": "Point",
        "coordinates": [
          10.55176,
          59.92757
        ]
      }
    },
    {
      "type": "Feature",
      "properties": {
        "name": "Landmark Site 0777",
        "category": "landmark",
        "visitors_per_year": 216849,
        "opened_year": 1965
      },
      "geometry": {
        "type": "Point",
        "coordinates": [
          10.8119,
          59.96746
        ]
      }
    },
    {
      "type": "Feature",
      "properties": {
        "name": "Sport Site 0778",
        "category": "sport",
        "visitors_per_year": 133009,
        "opened_year": 1849
      },
      "geometry": {
        "type": "Point",
        "coordinates": [
          10.59986,
          59.87392
        ]
      }
    },
    {
      "type": "Feature",
      "properties": {
        "name": "Government Site 0779",
        "category": "government",
        "visitors_per_year": 394262,
        "opened_year": 1940
      },
      "geometry": {
        "type": "Point",
        "coordinates": [
          10.61348,
          59.95396
        ]
      }
    },
    {
      "type": "Feature",
      "properties": {
        "name": "Culture Site 0780",
        "category": "culture",
        "visitors_per_year": 131932,
        "opened_year": 1825
      },
      "geometry": {
        "type": "Point",
        "coordinates": [
          10.77564,
          59.85951
        ]
      }
    },
    {
      "type": "Feature",
      "properties": {
        "name": "Landmark Site 0781",
        "category": "landmark",
        "visitors_per_year": 67721,
        "opened_year": 1971
      },
      "geometry": {
        "type": "Point",
        "coordinates": [
          10.80396,
          59.91333
        ]
      }
    },
    {
      "type": "Feature",
      "properties": {
        "name": "Museum Site 0782",
        "category": "museum",
        "visitors_per_year": 905795,
        "opened_year": 1881
      },
      "geometry": {
        "type": "Point",
        "coordinates": [
          10.63209,
          59.88707
        ]
      }
    },
    {
      "type": "Feature",
      "properties": {
        "name": "Culture Site 0783",
        "category": "culture",
        "visitors_per_year": 306773,
        "opened_year": 1839
      },
      "geometry": {
        "type": "Point",
        "coordinates": [
          10.70773,
          59.93012
        ]
      }
    },
    {
      "type": "Feature",
      "properties": {
        "name": "Sport Site 0784",
        "category": "sport",
        "visitors_per_year": 88915,
        "opened_year": 1801
      },
      "geometry": {
        "type": "Point",
        "coordinates": [
          10.7484,
          59.955
        ]
      }
    },
    {
      "type": "Feature",
      "properties": {
        "name": "Park Site 0785",
        "category": "park",
        "visitors_per_year": 229154,
        "opened_year": 1870
      },
      "geometry": {
        "type": "Point",
        "coordinates": [
          10.63616,
          59.8788
        ]
      }
    },
    {
      "type": "Feature",
      "properties": {
        "name": "Park Site 0786",
        "category": "park",
        "visitors_per_year": 243165,
        "opened_year": 1914
      },
      "geometry": {
        "type": "Point",
        "coordinates": [
          10.59701,
          59.94529
        ]
      }
    },
    {
      "type": "Feature",
      "properties": {
        "name": "Park Site 0787",
        "category": "park",
        "visitors_per_year": 1853819,
        "opened_year": 1955
      },
      "geometry": {
        "type": "Point",
        "coordinates": [
          10.82117,
          59.91331
        ]
      }
    },
    {
      "type": "Feature",
      "properties": {
        "name": "Government Site 0788",
        "category": "government",
        "visitors_per_year": 1629563,
        "opened_year": 1850
      },
      "geometry": {
        "type": "Point",
        "coordinates": [
          10.84463,
          59.96163
        ]
      }
    },
    {
      "type": "Feature",
      "properties": {
        "name": "Park Site 0789",
        "category": "park",
        "visitors_per_year": 10267,
        "opened_year": 2017
      },
      "geometry": {
        "type": "Point",
        "coordinates": [
          10.80674,
          59.93146
        ]
      }
    },
    {
      "type": "Feature",
      "properties": {
        "name": "Sport Site 0790",
        "category": "sport",
        "visitors_per_year": 309848,
        "opened_year": 1854
      },
      "geometry": {
        "type": "Point",
        "coordinates": [
          10.77107,
          59.95564
        ]
      }
    },
    {
      "type": "Feature",
      "properties": {
        "name": "Government Site 0791",
        "category": "government",
        "visitors_per_year": 248018,
        "opened_year": 1967
      },
      "geometry": {
        "type": "Point",
        "coordinates": [
          10.74306,
          59.92065
        ]
      }
    },
    {
      "type": "Feature",
      "properties": {
        "name": "Landmark Site 0792",
        "category": "landmark",
        "visitors_per_year": 384922,
        "opened_year": 2019
      },
      "geometry": {
        "type": "Point",
        "coordinates": [
          10.67804,
          59.87903
        ]
      }
    },
    {
      "type": "Feature",
      "properties": {
        "name": "Park Site 0793",
        "category": "park",
        "visitors_per_year": 1263081,
        "opened_year": 1928
      },
      "geometry": {
        "type": "Point",
        "coordinates": [
          10.59686,
          59.91515
        ]
      }
    },
    {
      "type": "Feature",
      "properties": {
        "name": "Government Site 0794",
        "category": "government",
        "visitors_per_year": 322431,
        "opened_year": 1975
      },
      "geometry": {
        "type": "Point",
        "coordinates": [
          10.78194,
          59.96024
        ]
      }
    },
    {
      "type": "Feature",
      "properties": {
        "name": "Landmark Site 0795",
        "category": "landmark",
        "visitors_per_year": 297434,
        "opened_year": 1944
      },
      "geometry": {
        "type": "Point",
        "coordinates": [
          10.81502,
          59.86825
        ]
      }
    },
    {
      "type": "Feature",
      "properties": {
        "name": "Museum Site 0796",
        "category": "museum",
        "visitors_per_year": 188612,
        "opened_year": 1810
      },
      "geometry": {
        "type": "Point",
        "coordinates": [
          10.85527,
          59.86901
        ]
      }
    },
    {
      "type": "Feature",
      "properties": {
        "name": "Landmark Site 0797",
        "category": "landmark",
        "visitors_per_year": 123193,
        "opened_year": 1810
      },
      "geometry": {
        "type": "Point",
        "coordinates": [
          10.81652,
          59.88013
        ]
      }
    },
    {
      "type": "Feature",
      "properties": {
        "name": "Museum Site 0798",
        "category": "museum",
        "visitors_per_year": 246744,
        "opened_year": 1916
      },
      "geometry": {
        "type": "Point",
        "coordinates": [
          10.62237,
          59.968
        ]
      }
    },
    {
      "type": "Feature",
      "properties": {
        "name": "Government Site 0799",
        "category": "government",
        "visitors_per_year": 1593398,
        "opened_year": 1962
      },
      "geometry": {
        "type": "Point",
        "coordinates": [
          10.56397,
          59.93431
        ]
      }
    },
    {
      "type": "Feature",
      "properties": {
        "name": "Park Site 0800",
        "category": "park",
        "visitors_per_year": 91647,
        "opened_year": 1896
      },
      "geometry": {
        "type": "Point",
        "coordinates": [
          10.84221,
          59.88423
        ]
      }
    },
    {
      "type": "Feature",
      "properties": {
        "name": "Museum Site 0801",
        "category": "museum",
        "visitors_per_year": 41309,
        "opened_year": 1932
      },
      "geometry": {
        "type": "Point",
        "coordinates": [
          10.68248,
          59.9264
        ]
      }
    },
    {
      "type": "Feature",
      "properties": {
        "name": "Park Site 0802",
        "category": "park",
        "visitors_per_year": 185520,
        "opened_year": 2009
      },
      "geometry": {
        "type": "Point",
        "coordinates": [
          10.68172,
          59.96794
        ]
      }
    },
    {
      "type": "Feature",
      "properties": {
        "name": "Park Site 0803",
        "category": "park",
        "visitors_per_year": 263607,
        "opened_year": 1835
      },
      "geometry": {
        "type": "Point",
        "coordinates": [
          10.7204,
          59.91267
        ]
      }
    },
    {
      "type": "Feature",
      "properties": {
        "name": "Culture Site 0804",
        "category": "culture",
        "visitors_per_year": 111395,
        "opened_year": 1838
      },
      "geometry": {
        "type": "Point",
        "coordinates": [
          10.60796,
          59.86002
        ]
      }
    },
    {
      "type": "Feature",
      "properties": {
        "name": "Landmark Site 0805",
        "category": "landmark",
        "visitors_per_year": 347111,
        "opened_year": 1858
      },
      "geometry": {
        "type": "Point",
        "coordinates": [
          10.60508,
          59.92826
        ]
      }
    },
    {
      "type": "Feature",
      "properties": {
        "name": "Culture Site 0806",
        "category": "culture",
        "visitors_per_year": 251536,
        "opened_year": 1922
      },
      "geometry": {
        "type": "Point",
        "coordinates": [
          10.83391,
          59.94363
        ]
      }
    },
    {
      "type": "Feature",
      "properties": {
        "name": "Landmark Site 0807",
        "category": "landmark",
        "visitors_per_year": 128253,
        "opened_year": 1811
      },
      "geometry": {
        "type": "Point",
        "coordinates": [
          10.75678,
          59.93414
        ]
      }
    },
    {
      "type": "Feature",
      "properties": {
        "name": "Landmark Site 0808",
        "category": "landmark",
        "visitors_per_year": 21047,
        "opened_year": 1946
      },
      "geometry": {
        "type": "Point",
        "coordinates": [
          10.75072,
          59.87095
        ]
      }
    },
    {
      "type": "Feature",
      "properties": {
        "name": "Landmark Site 0809",
        "category": "landmark",
        "visitors_per_year": 213075,
        "opened_year": 1953
      },
      "geometry": {
        "type": "Point",
        "coordinates": [
          10.56957,
          59.88357
        ]
      }
    },
    {
      "type": "Feature",
      "properties": {
        "name": "Sport Site 0810",
        "category": "sport",
        "visitors_per_year": 149111,
        "opened_year": 1821
      },
      "geometry": {
        "type": "Point",
        "coordinates": [
          10.77317,
          59.96421
        ]
      }
    },
    {
      "type": "Feature",
      "properties": {
        "name": "Landmark Site 0811",
        "category": "landmark",
        "visitors_per_year": 89926,
        "opened_year": 1856
      },
      "geometry": {
        "type": "Point",
        "coordinates": [
          10.70722,
          59.97906
        ]
      }
    },
    {
      "type": "Feature",
      "properties": {
        "name": "Culture Site 0812",
        "category": "culture",
        "visitors_per_year": 95859,
        "opened_year": 1959
      },
      "geometry": {
        "type": "Point",
        "coordinates": [
          10.76029,
          59.9533
        ]
      }
    },
    {
      "type": "Feature",
      "properties": {
        "name": "Museum Site 0813",
        "category": "museum",
        "visitors_per_year": 238248,
        "opened_year": 1952
      },
      "geometry": {
        "type": "Point",
        "coordinates": [
          10.72878,
          59.8718
        ]
      }
    },
    {
      "type": "Feature",
      "properties": {
        "name": "Sport Site 0814",
        "category": "sport",
        "visitors_per_year": 534734,
        "opened_year": 1851
      },
      "geometry": {
        "type": "Point",
        "coordinates": [
          10.5741,
          59.89917
        ]
      }
    },
    {
      "type": "Feature",
      "properties": {
        "name": "Sport Site 0815",
        "category": "sport",
        "visitors_per_year": 78913,
        "opened_year": 1955
      },
      "geometry": {
        "type": "Point",
        "coordinates": [
          10.85086,
          59.91557
        ]
      }
    },
    {
      "type": "Feature",
      "properties": {
        "name": "Government Site 0816",
        "category": "government",
        "visitors_per_year": 279122,
        "opened_year": 1928
      },
      "geometry": {
        "type": "Point",
        "coordinates": [
          10.6121,
          59.96721
        ]
      }
    },
    {
      "type": "Feature",
      "properties": {
        "name": "Government Site 0817",
        "category": "government",
        "visitors_per_year": 283241,
        "opened_year": 2011
      },
      "geometry": {
        "type": "Point",
        "coordinates": [
          10.58262,
          59.93572
        ]
      }
    },
    {
      "type": "Feature",
      "properties": {
        "name": "Government Site 0818",
        "category": "government",
        "visitors_per_year": 274201,
        "opened_year": 1907
      },
      "geometry": {
        "type": "Point",
        "coordinates": [
          10.86394,
          59.95073
        ]
      }
    },
    {
      "type": "Feature",
      "properties": {
        "name": "Park Site 0819",
        "category": "park",
        "visitors_per_year": 253271,
        "opened_year": 2002
      },
      "geometry": {
        "type": "Point",
        "coordinates": [
          10.85619,
          59.94069
        ]
      }
    },
    {
      "type": "Feature",
      "properties": {
        "name": "Culture Site 0820",
        "category": "culture",
        "visitors_per_year": 365775,
        "opened_year": 1947
      },
      "geometry": {
        "type": "Point",
        "coordinates": [
          10.67268,
          59.9546
        ]
      }
    },
    {
      "type": "Feature",
      "properties": {
        "name": "Government Site 0821",
        "category": "government",
        "visitors_per_year": 44444,
        "opened_year": 1872
      },
      "geometry": {
        "type": "Point",
        "coordinates": [
          10.69892,
          59.88309
        ]
      }
    },
    {
      "type": "Feature",
      "properties": {
        "name": "Sport Site 0822",
        "category": "sport",
        "visitors_per_year": 372298,
        "opened_year": 1990
      },
      "geometry": {
        "type": "Point",
        "coordinates": [
          10.85687,
          59.90312
        ]
      }
    },
    {
      "type": "Feature",
      "properties": {
        "name": "Government Site 0823",
        "category": "government",
        "visitors_per_year": 1872682,
        "opened_year": 1852
      },
      "geometry": {
        "type": "Point",
        "coordinates": [
          10.7523,
          59.86532
        ]
      }
    },
    {
      "type": "Feature",
      "properties": {
        "name": "Museum Site 0824",
        "category": "museum",
        "visitors_per_year": 1393536,
        "opened_year": 1966
      },
      "geometry": {
        "type": "Point",
        "coordinates": [
          10.8315,
          59.90315
        ]
      }
    },
    {
      "type": "Feature",
      "properties": {
        "name": "Sport Site 0825",
        "category": "sport",
        "visitors_per_year": 192202,
        "opened_year": 1956
      },
      "geometry": {
        "type": "Point",
        "coordinates": [
          10.63877,
          59.96115
        ]
      }
    },
    {
      "type": "Feature",
      "properties": {
        "name": "Park Site 0826",
        "category": "park",
        "visitors_per_year": 289961,
        "opened_year": 2000
      },
      "geometry": {
        "type": "Point",
        "coordinates": [
          10.89713,
          59.90167
        ]
      }
    },
    {
      "type": "Feature",
      "properties": {
        "name": "Sport Site 0827",
        "category": "sport",
        "visitors_per_year": 133552,
        "opened_year": 1878
      },
      "geometry": {
        "type": "Point",
        "coordinates": [
          10.71886,
          59.89813
        ]
      }
    },
    {
      "type": "Feature",
      "properties": {
        "name": "Sport Site 0828",
        "category": "sport",
        "visitors_per_year": 346154,
        "opened_year": 1830
      },
      "geometry": {
        "type": "Point",
        "coordinates": [
          10.67052,
          59.94171
        ]
      }
    },
    {
      "type": "Feature",
      "properties": {
        "name": "Museum Site 0829",
        "category": "museum",
        "visitors_per_year": 53074,
        "opened_year": 1854
      },
      "geometry": {
        "type": "Point",
        "coordinates": [
          10.63042,
          59.9518
        ]
      }
    },
    {
      "type": "Feature",
      "properties": {
        "name": "Sport Site 0830",
        "category": "sport",
        "visitors_per_year": 365958,
        "opened_year": 1975
      },
      "geometry": {
        "type": "Point",
        "coordinates": [
          10.6902,
          59.894
        ]
      }
    },
    {
      "type": "Feature",
      "properties": {
        "name": "Museum Site 0831",
        "category": "museum",
        "visitors_per_year": 48256,
        "opened_year": 2010
      },
      "geometry": {
        "type": "Point",
        "coordinates": [
          10.56822,
          59.90058
        ]
      }
    },
    {
      "type": "Feature",
      "properties": {
        "name": "Landmark Site 0832",
        "category": "landmark",
        "visitors_per_year": 1051743,
        "opened_year": 1856
      },
      "geometry": {
        "type": "Point",
        "coordinates": [
          10.71508,
          59.92803
        ]
      }
    },
    {
      "type": "Feature",
      "properties": {
        "name": "Park Site 0833",
        "category": "park",
        "visitors_per_year": 210553,
        "opened_year": 1957
      },
      "geometry": {
        "type": "Point",
        "coordinates": [
          10.57801,
          59.85491
        ]
      }
    },
    {
      "type": "Feature",
      "properties": {
        "name": "Museum Site 0834",
        "category": "museum",
        "visitors_per_year": 92392,
        "opened_year": 1963
      },
      "geometry": {
        "type": "Point",
        "coordinates": [
          10.73235,
          59.94251
        ]
      }
    },
    {
      "type": "Feature",
      "properties": {
        "name": "Culture Site 0835",
        "category": "culture",
        "visitors_per_year": 272161,
        "opened_year": 1873
      },
      "geometry": {
        "type": "Point",
        "coordinates": [
          10.70364,
          59.87622
        ]
      }
    },
    {
      "type": "Feature",
      "properties": {
        "name": "Landmark Site 0836",
        "category": "landmark",
        "visitors_per_year": 121962,
        "opened_year": 1957
      },
      "geometry": {
        "type": "Point",
        "coordinates": [
          10.56176,
          59.92794
        ]
      }
    },
    {
      "type": "Feature",
      "properties": {
        "name": "Landmark Site 0837",
        "category": "landmark",
        "visitors_per_year": 83046,
        "opened_year": 1822
      },
      "geometry": {
        "type": "Point",
        "coordinates": [
          10.78591,
          59.89677
        ]
      }
    },
    {
      "type": "Feature",
      "properties": {
        "name": "Park Site 0838",
        "category": "park",
        "visitors_per_year": 307774,
        "opened_year": 1851
      },
      "geometry": {
        "type": "Point",
        "coordinates": [
          10.82289,
          59.89591
        ]
      }
    },
    {
      "type": "Feature",
      "properties": {
        "name": "Sport Site 0839",
        "category": "sport",
        "visitors_per_year": 288644,
        "opened_year": 1872
      },
      "geometry": {
        "type": "Point",
        "coordinates": [
          10.55538,
          59.94147
        ]
      }
    },
    {
      "type": "Feature",
      "properties": {
        "name": "Museum Site 0840",
        "category": "museum",
        "visitors_per_year": 145469,
        "opened_year": 1857
      },
      "geometry": {
        "type": "Point",
        "coordinates": [
          10.84042,
          59.96895
        ]
      }
    },
    {
      "type": "Feature",
      "properties": {
        "name": "Sport Site 0841",
        "category": "sport",
        "visitors_per_year": 2938,
        "opened_year": 1866
      },
      "geometry": {
        "type": "Point",
        "coordinates": [
          10.88707,
          59.90912
        ]
      }
    },
    {
      "type": "Feature",
      "properties": {
        "name": "Landmark Site 0842",
        "category": "landmark",
        "visitors_per_year": 1117090,
        "opened_year": 1887
      },
      "geometry": {
        "type": "Point",
        "coordinates": [
          10.6925,
          59.86384
        ]
      }
    },
    {
      "type": "Feature",
      "properties": {
        "name": "Government Site 0843",
        "category": "government",
        "visitors_per_year": 301909,
        "opened_year": 1864
      },
      "geometry": {
        "type": "Point",
        "coordinates": [
          10.83103,
          59.97437
        ]
      }
    },
    {
      "type": "Feature",
      "properties": {
        "name": "Museum Site 0844",
        "category": "museum",
        "visitors_per_year": 128045,
        "opened_year": 1993
      },
      "geometry": {
        "type": "Point",
        "coordinates": [
          10.70497,
          59.89902
        ]
      }
    },
    {
      "type": "Feature",
      "properties": {
        "name": "Park Site 0845",
        "category": "park",
        "visitors_per_year": 308166,
        "opened_year": 2020
      },
      "geometry": {
        "type": "Point",
        "coordinates": [
          10.88643,
          59.90965
        ]
      }
    },
    {
      "type": "Feature",
      "properties": {
        "name": "Government Site 0846",
        "category": "government",
        "visitors_per_year": 116043,
        "opened_year": 1973
      },
      "geometry": {
        "type": "Point",
        "coordinates": [
          10.71869,
          59.88352
        ]
      }
    },
    {
      "type": "Feature",
      "properties": {
        "name": "Museum Site 0847",
        "category": "museum",
        "visitors_per_year": 271296,
        "opened_year": 1937
      },
      "geometry": {
        "type": "Point",
        "coordinates": [
          10.63048,
          59.89104
        ]
      }
    },
    {
      "type": "Feature",
      "properties": {
        "name": "Government Site 0848",
        "category": "government",
        "visitors_per_year": 209654,
        "opened_year": 1972
      },
      "geometry": {
        "type": "Point",
        "coordinates": [
          10.79529,
          59.88424
        ]
      }
    },
    {
      "type": "Feature",
      "properties": {
        "name": "Museum Site 0849",
        "category": "museum",
        "visitors_per_year": 250352,
        "opened_year": 1880
      },
      "geometry": {
        "type": "Point",
        "coordinates": [
          10.83738,
          59.85988
        ]
      }
    },
    {
      "type": "Feature",
      "properties": {
        "name": "Park Site 0850",
        "category": "park",
        "visitors_per_year": 391700,
        "opened_year": 1974
      },
      "geometry": {
        "type": "Point",
        "coordinates": [
          10.6265,
          59.92458
        ]
      }
    },
    {
      "type": "Feature",
      "properties": {
        "name": "Landmark Site 0851",
        "category": "landmark",
        "visitors_per_year": 139648,
        "opened_year": 1852
      },
      "geometry": {
        "type": "Point",
        "coordinates": [
          10.72465,
          59.87596
        ]
      }
    },
    {
      "type": "Feature",
      "properties": {
        "name": "Landmark Site 0852",
        "category": "landmark",
        "visitors_per_year": 82286,
        "opened_year": 1999
      },
      "geometry": {
        "type": "Point",
        "coordinates": [
          10.62097,
          59.88246
        ]
      }
    },
    {
      "type": "Feature",
      "properties": {
        "name": "Government Site 0853",
        "category": "government",
        "visitors_per_year": 258798,
        "opened_year": 1957
      },
      "geometry": {
        "type": "Point",
        "coordinates": [
          10.59196,
          59.8602
        ]
      }
    },
    {
      "type": "Feature",
      "properties": {
        "name": "Government Site 0854",
        "category": "government",
        "visitors_per_year": 1511439,
        "opened_year": 1895
      },
      "geometry": {
        "type": "Point",
        "coordinates": [
          10.81749,
          59.92039
        ]
      }
    },
    {
      "type": "Feature",
      "properties": {
        "name": "Sport Site 0855",
        "category": "sport",
        "visitors_per_year": 301713,
        "opened_year": 2022
      },
      "geometry": {
        "type": "Point",
        "coordinates": [
          10.6604,
          59.96676
        ]
      }
    },
    {
      "type": "Feature",
      "properties": {
        "name": "Park Site 0856",
        "category": "park",
        "visitors_per_year": 147440,
        "opened_year": 1901
      },
      "geometry": {
        "type": "Point",
        "coordinates": [
          10.72178,
          59.97797
        ]
      }
    },
    {
      "type": "Feature",
      "properties": {
        "name": "Landmark Site 0857",
        "category": "landmark",
        "visitors_per_year": 222366,
        "opened_year": 1922
      },
      "geometry": {
        "type": "Point",
        "coordinates": [
          10.81256,
          59.86667
        ]
      }
    },
    {
      "type": "Feature",
      "properties": {
        "name": "Sport Site 0858",
        "category": "sport",
        "visitors_per_year": 92145,
        "opened_year": 1917
      },
      "geometry": {
        "type": "Point",
        "coordinates": [
          10.5614,
          59.89515
        ]
      }
    },
    {
      "type": "Feature",
      "properties": {
        "name": "Government Site 0859",
        "category": "government",
        "visitors_per_year": 6697,
        "opened_year": 1972
      },
      "geometry": {
        "type": "Point",
        "coordinates": [
          10.79439,
          59.90981
        ]
      }
    },
    {
      "type": "Feature",
      "properties": {
        "name": "Landmark Site 0860",
        "category": "landmark",
        "visitors_per_year": 136657,
        "opened_year": 1847
      },
      "geometry": {
        "type": "Point",
        "coordinates": [
          10.6828,
          59.8631
        ]
      }
    },
    {
      "type": "Feature",
      "properties": {
        "name": "Sport Site 0861",
        "category": "sport",
        "visitors_per_year": 180381,
        "opened_year": 1893
      },
      "geometry": {
        "type": "Point",
        "coordinates": [
          10.642,
          59.88502
        ]
      }
    },
    {
      "type": "Feature",
      "properties": {
        "name": "Landmark Site 0862",
        "category": "landmark",
        "visitors_per_year": 195697,
        "opened_year": 1893
      },
      "geometry": {
        "type": "Point",
        "coordinates": [
          10.72457,
          59.87737
        ]
      }
    },
    {
      "type": "Feature",
      "properties": {
        "name": "Culture Site 0863",
        "category": "culture",
        "visitors_per_year": 1707734,
        "opened_year": 1975
      },
      "geometry": {
        "type": "Point",
        "coordinates": [
          10.64787,
          59.87339
        ]
      }
    },
    {
      "type": "Feature",
      "properties": {
        "name": "Landmark Site 0864",
        "category": "landmark",
        "visitors_per_year": 291658,
        "opened_year": 1910
      },
      "geometry": {
        "type": "Point",
        "coordinates": [
          10.83497,
          59.94371
        ]
      }
    },
    {
      "type": "Feature",
      "properties": {
        "name": "Culture Site 0865",
        "category": "culture",
        "visitors_per_year": 248481,
        "opened_year": 2006
      },
      "geometry": {
        "type": "Point",
        "coordinates": [
          10.61862,
          59.954
        ]
      }
    },
    {
      "type": "Feature",
      "properties": {
        "name": "Government Site 0866",
        "category": "government",
        "visitors_per_year": 331143,
        "opened_year": 1932
      },
      "geometry": {
        "type": "Point",
        "coordinates": [
          10.61181,
          59.91495
        ]
      }
    },
    {
      "type": "Feature",
      "properties": {
        "name": "Sport Site 0867",
        "category": "sport",
        "visitors_per_year": 295222,
        "opened_year": 2019
      },
      "geometry": {
        "type": "Point",
        "coordinates": [
          10.8022,
          59.95209
        ]
      }
    },
    {
      "type": "Feature",
      "properties": {
        "name": "Sport Site 0868",
        "category": "sport",
        "visitors_per_year": 113466,
        "opened_year": 2008
      },
      "geometry": {
        "type": "Point",
        "coordinates": [
          10.5667,
          59.86287
        ]
      }
    },
    {
      "type": "Feature",
      "properties": {
        "name": "Park Site 0869",
        "category": "park",
        "visitors_per_year": 175956,
        "opened_year": 1866
      },
      "geometry": {
        "type": "Point",
        "coordinates": [
          10.71679,
          59.93188
        ]
      }
    },
    {
      "type": "Feature",
      "properties": {
        "name": "Park Site 0870",
        "category": "park",
        "visitors_per_year": 180928,
        "opened_year": 1805
      },
      "geometry": {
        "type": "Point",
        "coordinates": [
          10.67611,
          59.92247
        ]
      }
    },
    {
      "type": "Feature",
      "properties": {
        "name": "Culture Site 0871",
        "category": "culture",
        "visitors_per_year": 104811,
        "opened_year": 1947
      },
      "geometry": {
        "type": "Point",
        "coordinates": [
          10.59243,
          59.96276
        ]
      }
    },
    {
      "type": "Feature",
      "properties": {
        "name": "Sport Site 0872",
        "category": "sport",
        "visitors_per_year": 149716,
        "opened_year": 1890
      },
      "geometry": {
        "type": "Point",
        "coordinates": [
          10.77745,
          59.92
        ]
      }
    },
    {
      "type": "Feature",
      "properties": {
        "name": "Park Site 0873",
        "category": "park",
        "visitors_per_year": 41608,
        "opened_year": 1897
      },
      "geometry": {
        "type": "Point",
        "coordinates": [
          10.78562,
          59.91337
        ]
      }
    },
    {
      "type": "Feature",
      "properties": {
        "name": "Sport Site 0874",
        "category": "sport",
        "visitors_per_year": 851431,
        "opened_year": 1963
      },
      "geometry": {
        "type": "Point",
        "coordinates": [
          10.65028,
          59.93212
        ]
      }
    },
    {
      "type": "Feature",
      "properties": {
        "name": "Park Site 0875",
        "category": "park",
        "visitors_per_year": 37904,
        "opened_year": 1820
      },
      "geometry": {
        "type": "Point",
        "coordinates": [
          10.69764,
          59.9296
        ]
      }
    },
    {
      "type": "Feature",
      "properties": {
        "name": "Landmark Site 0876",
        "category": "landmark",
        "visitors_per_year": 372971,
        "opened_year": 1868
      },
      "geometry": {
        "type": "Point",
        "coordinates": [
          10.67027,
          59.89075
        ]
      }
    },
    {
      "type": "Feature",
      "properties": {
        "name": "Sport Site 0877",
        "category": "sport",
        "visitors_per_year": 190902,
        "opened_year": 1991
      },
      "geometry": {
        "type": "Point",
        "coordinates": [
          10.77563,
          59.88526
        ]
      }
    },
    {
      "type": "Feature",
      "properties": {
        "name": "Sport Site 0878",
        "category": "sport",
        "visitors_per_year": 12611,
        "opened_year": 1832
      },
      "geometry": {
        "type": "Point",
        "coordinates": [
          10.73233,
          59.90854
        ]
      }
    },
    {
      "type": "Feature",
      "properties": {
        "name": "Museum Site 0879",
        "category": "museum",
        "visitors_per_year": 393579,
        "opened_year": 1820
      },
      "geometry": {
        "type": "Point",
        "coordinates": [
          10.63212,
          59.88271
        ]
      }
    },
    {
      "type": "Feature",
      "properties": {
        "name": "Landmark Site 0880",
        "category": "landmark",
        "visitors_per_year": 1492342,
        "opened_year": 1940
      },
      "geometry": {
        "type": "Point",
        "coordinates": [
          10.60842,
          59.86339
        ]
      }
    },
    {
      "type": "Feature",
      "properties": {
        "name": "Government Site 0881",
        "category": "government",
        "visitors_per_year": 44147,
        "opened_year": 1826
      },
      "geometry": {
        "type": "Point",
        "coordinates": [
          10.55923,
          59.90161
        ]
      }
    },
    {
      "type": "Feature",
      "properties": {
        "name": "Park Site 0882",
        "category": "park",
        "visitors_per_year": 204891,
        "opened_year": 1879
      },
      "geometry": {
        "type": "Point",
        "coordinates": [
          10.76634,
          59.86096
        ]
      }
    },
    {
      "type": "Feature",
      "properties": {
        "name": "Landmark Site 0883",
        "category": "landmark",
        "visitors_per_year": 69327,
        "opened_year": 1934
      },
      "geometry": {
        "type": "Point",
        "coordinates": [
          10.63659,
          59.88694
        ]
      }
    },
    {
      "type": "Feature",
      "properties": {
        "name": "Landmark Site 0884",
        "category": "landmark",
        "visitors_per_year": 170999,
        "opened_year": 2021
      },
      "geometry": {
        "type": "Point",
        "coordinates": [
          10.56,
          59.93626
        ]
      }
    },
    {
      "type": "Feature",
      "properties": {
        "name": "Culture Site 0885",
        "category": "culture",
        "visitors_per_year": 288095,
        "opened_year": 1913
      },
      "geometry": {
        "type": "Point",
        "coordinates": [
          10.71352,
          59.96322
        ]
      }
    },
    {
      "type": "Feature",
      "properties": {
        "name": "Landmark Site 0886",
        "category": "landmark",
        "visitors_per_year": 313806,
        "opened_year": 1916
      },
      "geometry": {
        "type": "Point",
        "coordinates": [
          10.88934,
          59.94069
        ]
      }
    },
    {
      "type": "Feature",
      "properties": {
        "name": "Museum Site 0887",
        "category": "museum",
        "visitors_per_year": 335932,
        "opened_year": 1963
      },
      "geometry": {
        "type": "Point",
        "coordinates": [
          10.81212,
          59.96405
        ]
      }
    },
    {
      "type": "Feature",
      "properties": {
        "name": "Sport Site 0888",
        "category": "sport",
        "visitors_per_year": 47452,
        "opened_year": 1913
      },
      "geometry": {
        "type": "Point",
        "coordinates": [
          10.65838,
          59.89513
        ]
      }
    },
    {
      "type": "Feature",
      "properties": {
        "name": "Park Site 0889",
        "category": "park",
        "visitors_per_year": 548,
        "opened_year": 1933
      },
      "geometry": {
        "type": "Point",
        "coordinates": [
          10.67802,
          59.88377
        ]
      }
    },
    {
      "type": "Feature",
      "properties": {
        "name": "Landmark Site 0890",
        "category": "landmark",
        "visitors_per_year": 1531655,
        "opened_year": 1993
      },
      "geometry": {
        "type": "Point",
        "coordinates": [
          10.67036,
          59.911
        ]
      }
    },
    {
      "type": "Feature",
      "properties": {
        "name": "Culture Site 0891",
        "category": "culture",
        "visitors_per_year": 313501,
        "opened_year": 1859
      },
      "geometry": {
        "type": "Point",
        "coordinates": [
          10.65486,
          59.94956
        ]
      }
    },
    {
      "type": "Feature",
      "properties": {
        "name": "Government Site 0892",
        "category": "government",
        "visitors_per_year": 229669,
        "opened_year": 1901
      },
      "geometry": {
        "type": "Point",
        "coordinates": [
          10.74187,
          59.87451
        ]
      }
    },
    {
      "type": "Feature",
      "properties": {
        "name": "Landmark Site 0893",
        "category": "landmark",
        "visitors_per_year": 198868,
        "opened_year": 1856
      },
      "geometry": {
        "type": "Point",
        "coordinates": [
          10.60714,
          59.94583
        ]
      }
    },
    {
      "type": "Feature",
      "properties": {
        "name": "Park Site 0894",
        "category": "park",
        "visitors_per_year": 322001,
        "opened_year": 2006
      },
      "geometry": {
        "type": "Point",
        "coordinates": [
          10.57772,
          59.93129
        ]
      }
    },
    {
      "type": "Feature",
      "properties": {
        "name": "Museum Site 0895",
        "category": "museum",
        "visitors_per_year": 141440,
        "opened_year": 1905
      },
      "geometry": {
        "type": "Point",
        "coordinates": [
          10.78962,
          59.88701
        ]
      }
    },
    {
      "type": "Feature",
      "properties": {
        "name": "Landmark Site 0896",
        "category": "landmark",
        "visitors_per_year": 334415,
        "opened_year": 1916
      },
      "geometry": {
        "type": "Point",
        "coordinates": [
          10.84872,
          59.87371
        ]
      }
    },
    {
      "type": "Feature",
      "properties": {
        "name": "Sport Site 0897",
        "category": "sport",
        "visitors_per_year": 168609,
        "opened_year": 1804
      },
      "geometry": {
        "type": "Point",
        "coordinates": [
          10.70847,
          59.94106
        ]
      }
    },
    {
      "type": "Feature",
      "properties": {
        "name": "Landmark Site 0898",
        "category": "landmark",
        "visitors_per_year": 54120,
        "opened_year": 1872
      },
      "geometry": {
        "type": "Point",
        "coordinates": [
          10.56737,
          59.91955
        ]
      }
    },
    {
      "type": "Feature",
      "properties": {
        "name": "Park Site 0899",
        "category": "park",
        "visitors_per_year": 689156,
        "opened_year": 1838
      },
      "geometry": {
        "type": "Point",
        "coordinates": [
          10.59376,
          59.90699
        ]
      }
    },
    {
      "type": "Feature",
      "properties": {
        "name": "Government Site 0900",
        "category": "government",
        "visitors_per_year": 261802,
        "opened_year": 1895
      },
      "geometry": {
        "type": "Point",
        "coordinates": [
          10.72275,
          59.89445
        ]
      }
    },
    {
      "type": "Feature",
      "properties": {
        "name": "Culture Site 0901",
        "category": "culture",
        "visitors_per_year": 806368,
        "opened_year": 1814
      },
      "geometry": {
        "type": "Point",
        "coordinates": [
          10.79393,
          59.85413
        ]
      }
    },
    {
      "type": "Feature",
      "properties": {
        "name": "Park Site 0902",
        "category": "park",
        "visitors_per_year": 101264,
        "opened_year": 2015
      },
      "geometry": {
        "type": "Point",
        "coordinates": [
          10.82148,
          59.85928
        ]
      }
    },
    {
      "type": "Feature",
      "properties": {
        "name": "Park Site 0903",
        "category": "park",
        "visitors_per_year": 1998797,
        "opened_year": 1863
      },
      "geometry": {
        "type": "Point",
        "coordinates": [
          10.83604,
          59.95767
        ]
      }
    },
    {
      "type": "Feature",
      "properties": {
        "name": "Culture Site 0904",
        "category": "culture",
        "visitors_per_year": 18069,
        "opened_year": 1850
      },
      "geometry": {
        "type": "Point",
        "coordinates": [
          10.81993,
          59.90758
        ]
      }
    },
    {
      "type": "Feature",
      "properties": {
        "name": "Culture Site 0905",
        "category": "culture",
        "visitors_per_year": 109786,
        "opened_year": 1921
      },
      "geometry": {
        "type": "Point",
        "coordinates": [
          10.80736,
          59.86221
        ]
      }
    },
    {
      "type": "Feature",
      "properties": {
        "name": "Culture Site 0906",
        "category": "culture",
        "visitors_per_year": 330363,
        "opened_year": 1986
      },
      "geometry": {
        "type": "Point",
        "coordinates": [
          10.7885,
          59.89057
        ]
      }
    },
    {
      "type": "Feature",
      "properties": {
        "name": "Government Site 0907",
        "category": "government",
        "visitors_per_year": 1509211,
        "opened_year": 1963
      },
      "geometry": {
        "type": "Point",
        "coordinates": [
          10.81065,
          59.92145
        ]
      }
    },
    {
      "type": "Feature",
      "properties": {
        "name": "Park Site 0908",
        "category": "park",
        "visitors_per_year": 114683,
        "opened_year": 1828
      },
      "geometry": {
        "type": "Point",
        "coordinates": [
          10.61955,
          59.96538
        ]
      }
    },
    {
      "type": "Feature",
      "properties": {
        "name": "Landmark Site 0909",
        "category": "landmark",
        "visitors_per_year": 145255,
        "opened_year": 1949
      },
      "geometry": {
        "type": "Point",
        "coordinates": [
          10.77152,
          59.89219
        ]
      }
    },
    {
      "type": "Feature",
      "properties": {
        "name": "Government Site 0910",
        "category": "government",
        "visitors_per_year": 305151,
        "opened_year": 2000
      },
      "geometry": {
        "type": "Point",
        "coordinates": [
          10.68853,
          59.8816
        ]
      }
    },
    {
      "type": "Feature",
      "properties": {
        "name": "Museum Site 0911",
        "category": "museum",
        "visitors_per_year": 47413,
        "opened_year": 1863
      },
      "geometry": {
        "type": "Point",
        "coordinates": [
          10.71634,
          59.92751
        ]
      }
    },
    {
      "type": "Feature",
      "properties": {
        "name": "Landmark Site 0912",
        "category": "landmark",
        "visitors_per_year": 398728,
        "opened_year": 1960
      },
      "geometry": {
        "type": "Point",
        "coordinates": [
          10.72497,
          59.93917
        ]
      }
    },
    {
      "type": "Feature",
      "properties": {
        "name": "Government Site 0913",
        "category": "government",
        "visitors_per_year": 56804,
        "opened_year": 1832
      },
      "geometry": {
        "type": "Point",
        "coordinates": [
          10.57092,
          59.93379
        ]
      }
    },
    {
      "type": "Feature",
      "properties": {
        "name": "Culture Site 0914",
        "category": "culture",
        "visitors_per_year": 397227,
        "opened_year": 1888
      },
      "geometry": {
        "type": "Point",
        "coordinates": [
          10.63144,
          59.97762
        ]
      }
    },
    {
      "type": "Feature",
      "properties": {
        "name": "Culture Site 0915",
        "category": "culture",
        "visitors_per_year": 380293,
        "opened_year": 1834
      },
      "geometry": {
        "type": "Point",
        "coordinates": [
          10.80662,
          59.85278
        ]
      }
    },
    {
      "type": "Feature",
      "properties": {
        "name": "Park Site 0916",
        "category": "park",
        "visitors_per_year": 155015,
        "opened_year": 1938
      },
      "geometry": {
        "type": "Point",
        "coordinates": [
          10.86453,
          59.91309
        ]
      }
    },
    {
      "type": "Feature",
      "properties": {
        "name": "Museum Site 0917",
        "category": "museum",
        "visitors_per_year": 170201,
        "opened_year": 1987
      },
      "geometry": {
        "type": "Point",
        "coordinates": [
          10.72153,
          59.92367
        ]
      }
    },
    {
      "type": "Feature",
      "properties": {
        "name": "Culture Site 0918",
        "category": "culture",
        "visitors_per_year": 291228,
        "opened_year": 1841
      },
      "geometry": {
        "type": "Point",
        "coordinates": [
          10.64636,
          59.95808
        ]
      }
    },
    {
      "type": "Feature",
      "properties": {
        "name": "Government Site 0919",
        "category": "government",
        "visitors_per_year": 284457,
        "opened_year": 1893
      },
      "geometry": {
        "type": "Point",
        "coordinates": [
          10.7359,
          59.90842
        ]
      }
    },
    {
      "type": "Feature",
      "properties": {
        "name": "Culture Site 0920",
        "category": "culture",
        "visitors_per_year": 97773,
        "opened_year": 1804
      },
      "geometry": {
        "type": "Point",
        "coordinates": [
          10.55025,
          59.93294
        ]
      }
    },
    {
      "type": "Feature",
      "properties": {
        "name": "Sport Site 0921",
        "category": "sport",
        "visitors_per_year": 378513,
        "opened_year": 1816
      },
      "geometry": {
        "type": "Point",
        "coordinates": [
          10.84989,
          59.95088
        ]
      }
    },
    {
      "type": "Feature",
      "properties": {
        "name": "Museum Site 0922",
        "category": "museum",
        "visitors_per_year": 358706,
        "opened_year": 1927
      },
      "geometry": {
        "type": "Point",
        "coordinates": [
          10.88851,
          59.95648
        ]
      }
    },
    {
      "type": "Feature",
      "properties": {
        "name": "Sport Site 0923",
        "category": "sport",
        "visitors_per_year": 169333,
        "opened_year": 1828
      },
      "geometry": {
        "type": "Point",
        "coordinates": [
          10.60395,
          59.88681
        ]
      }
    },
    {
      "type": "Feature",
      "properties": {
        "name": "Government Site 0924",
        "category": "government",
        "visitors_per_year": 68539,
        "opened_year": 1845
      },
      "geometry": {
        "type": "Point",
        "coordinates": [
          10.73312,
          59.85867
        ]
      }
    },
    {
      "type": "Feature",
      "properties": {
        "name": "Government Site 0925",
        "category": "government",
        "visitors_per_year": 1697499,
        "opened_year": 1964
      },
      "geometry": {
        "type": "Point",
        "coordinates": [
          10.62073,
          59.9131
        ]
      }
    },
    {
      "type": "Feature",
      "properties": {
        "name": "Culture Site 0926",
        "category": "culture",
        "visitors_per_year": 134685,
        "opened_year": 1812
      },
      "geometry": {
        "type": "Point",
        "coordinates": [
          10.78027,
          59.91836
        ]
      }
    },
    {
      "type": "Feature",
      "properties": {
        "name": "Park Site 0927",
        "category": "park",
        "visitors_per_year": 937755,
        "opened_year": 1967
      },
      "geometry": {
        "type": "Point",
        "coordinates": [
          10.62725,
          59.94332
        ]
      }
    },
    {
      "type": "Feature",
      "properties": {
        "name": "Culture Site 0928",
        "category": "culture",
        "visitors_per_year": 335476,
        "opened_year": 1815
      },
      "geometry": {
        "type": "Point",
        "coordinates": [
          10.87494,
          59.95817
        ]
      }
    },
    {
      "type": "Feature",
      "properties": {
        "name": "Park Site 0929",
        "category": "park",
        "visitors_per_year": 193998,
        "opened_year": 2003
      },
      "geometry": {
        "type": "Point",
        "coordinates": [
          10.74531,
          59.97197
        ]
      }
    },
    {
      "type": "Feature",
      "properties": {
        "name": "Museum Site 0930",
        "category": "museum",
        "visitors_per_year": 385484,
        "opened_year": 1818
      },
      "geometry": {
        "type": "Point",
        "coordinates": [
          10.57041,
          59.9302
        ]
      }
    },
    {
      "type": "Feature",
      "properties": {
        "name": "Park Site 0931",
        "category": "park",
        "visitors_per_year": 53571,
        "opened_year": 1985
      },
      "geometry": {
        "type": "Point",
        "coordinates": [
          10.57728,
          59.87807
        ]
      }
    },
    {
      "type": "Feature",
      "properties": {
        "name": "Landmark Site 0932",
        "category": "landmark",
        "visitors_per_year": 130923,
        "opened_year": 1945
      },
      "geometry": {
        "type": "Point",
        "coordinates": [
          10.73608,
          59.87463
        ]
      }
    },
    {
      "type": "Feature",
      "properties": {
        "name": "Museum Site 0933",
        "category": "museum",
        "visitors_per_year": 391675,
        "opened_year": 1827
      },
      "geometry": {
        "type": "Point",
        "coordinates": [
          10.88163,
          59.9226
        ]
      }
    },
    {
      "type": "Feature",
      "properties": {
        "name": "Museum Site 0934",
        "category": "museum",
        "visitors_per_year": 224410,
        "opened_year": 1826
      },
      "geometry": {
        "type": "Point",
        "coordinates": [
          10.7518,
          59.93768
        ]
      }
    },
    {
      "type": "Feature",
      "properties": {
        "name": "Landmark Site 0935",
        "category": "landmark",
        "visitors_per_year": 345236,
        "opened_year": 1840
      },
      "geometry": {
        "type": "Point",
        "coordinates": [
          10.82736,
          59.9215
        ]
      }
    },
    {
      "type": "Feature",
      "properties": {
        "name": "Sport Site 0936",
        "category": "sport",
        "visitors_per_year": 165731,
        "opened_year": 1940
      },
      "geometry": {
        "type": "Point",
        "coordinates": [
          10.89945,
          59.90759
        ]
      }
    },
    {
      "type": "Feature",
      "properties": {
        "name": "Park Site 0937",
        "category": "park",
        "visitors_per_year": 381063,
        "opened_year": 1882
      },
      "geometry": {
        "type": "Point",
        "coordinates": [
          10.8457,
          59.9036
        ]
      }
    },
    {
      "type": "Feature",
      "properties": {
        "name": "Sport Site 0938",
        "category": "sport",
        "visitors_per_year": 288983,
        "opened_year": 1990
      },
      "geometry": {
        "type": "Point",
        "coordinates": [
          10.63425,
          59.92093
        ]
      }
    },
    {
      "type": "Feature",
      "properties": {
        "name": "Park Site 0939",
        "category": "park",
        "visitors_per_year": 602,
        "opened_year": 1985
      },
      "geometry": {
        "type": "Point",
        "coordinates": [
          10.676,
          59.90881
        ]
      }
    },
    {
      "type": "Feature",
      "properties": {
        "name": "Government Site 0940",
        "category": "government",
        "visitors_per_year": 158751,
        "opened_year": 1801
      },
      "geometry": {
        "type": "Point",
        "coordinates": [
          10.89403,
          59.92745
        ]
      }
    },
    {
      "type": "Feature",
      "properties": {
        "name": "Park Site 0941",
        "category": "park",
        "visitors_per_year": 362111,
        "opened_year": 2010
      },
      "geometry": {
        "type": "Point",
        "coordinates": [
          10.89454,
          59.87793
        ]
      }
    },
    {
      "type": "Feature",
      "properties": {
        "name": "Park Site 0942",
        "category": "park",
        "visitors_per_year": 300189,
        "opened_year": 1839
      },
      "geometry": {
        "type": "Point",
        "coordinates": [
          10.87169,
          59.91647
        ]
      }
    },
    {
      "type": "Feature",
      "properties": {
        "name": "Government Site 0943",
        "category": "government",
        "visitors_per_year": 1269828,
        "opened_year": 1949
      },
      "geometry": {
        "type": "Point",
        "coordinates": [
          10.56321,
          59.89624
        ]
      }
    },
    {
      "type": "Feature",
      "properties": {
        "name": "Landmark Site 0944",
        "category": "landmark",
        "visitors_per_year": 1338437,
        "opened_year": 1945
      },
      "geometry": {
        "type": "Point",
        "coordinates": [
          10.63155,
          59.95544
        ]
      }
    },
    {
      "type": "Feature",
      "properties": {
        "name": "Landmark Site 0945",
        "category": "landmark",
        "visitors_per_year": 91150,
        "opened_year": 1924
      },
      "geometry": {
        "type": "Point",
        "coordinates": [
          10.80699,
          59.94407
        ]
      }
    },
    {
      "type": "Feature",
      "properties": {
        "name": "Museum Site 0946",
        "category": "museum",
        "visitors_per_year": 1846905,
        "opened_year": 1876
      },
      "geometry": {
        "type": "Point",
        "coordinates": [
          10.796,
          59.95654
        ]
      }
    },
    {
      "type": "Feature",
      "properties": {
        "name": "Government Site 0947",
        "category": "government",
        "visitors_per_year": 617278,
        "opened_year": 1997
      },
      "geometry": {
        "type": "Point",
        "coordinates": [
          10.80578,
          59.92492
        ]
      }
    },
    {
      "type": "Feature",
      "properties": {
        "name": "Park Site 0948",
        "category": "park",
        "visitors_per_year": 63697,
        "opened_year": 2022
      },
      "geometry": {
        "type": "Point",
        "coordinates": [
          10.67178,
          59.95623
        ]
      }
    },
    {
      "type": "Feature",
      "properties": {
        "name": "Landmark Site 0949",
        "category": "landmark",
        "visitors_per_year": 332839,
        "opened_year": 1999
      },
      "geometry": {
        "type": "Point",
        "coordinates": [
          10.81169,
          59.96043
        ]
      }
    },
    {
      "type": "Feature",
      "properties": {
        "name": "Museum Site 0950",
        "category": "museum",
        "visitors_per_year": 1632314,
        "opened_year": 1944
      },
      "geometry": {
        "type": "Point",
        "coordinates": [
          10.68387,
          59.88962
        ]
      }
    },
    {
      "type": "Feature",
      "properties": {
        "name": "Landmark Site 0951",
        "category": "landmark",
        "visitors_per_year": 353678,
        "opened_year": 1987
      },
      "geometry": {
        "type": "Point",
        "coordinates": [
          10.66439,
          59.94071
        ]
      }
    },
    {
      "type": "Feature",
      "properties": {
        "name": "Culture Site 0952",
        "category": "culture",
        "visitors_per_year": 47729,
        "opened_year": 1856
      },
      "geometry": {
        "type": "Point",
        "coordinates": [
          10.88986,
          59.94787
        ]
      }
    },
    {
      "type": "Feature",
      "properties": {
        "name": "Culture Site 0953",
        "category": "culture",
        "visitors_per_year": 673109,
        "opened_year": 1921
      },
      "geometry": {
        "type": "Point",
        "coordinates": [
          10.65142,
          59.90126
        ]
      }
    },
    {
      "type": "Feature",
      "properties": {
        "name": "Sport Site 0954",
        "category": "sport",
        "visitors_per_year": 209442,
        "opened_year": 1928
      },
      "geometry": {
        "type": "Point",
        "coordinates": [
          10.81086,
          59.92126
        ]
      }
    },
    {
      "type": "Feature",
      "properties": {
        "name": "Culture Site 0955",
        "category": "culture",
        "visitors_per_year": 1672929,
        "opened_year": 1850
      },
      "geometry": {
        "type": "Point",
        "coordinates": [
          10.82084,
          59.86695
        ]
      }
    },
    {
      "type": "Feature",
      "properties": {
        "name": "Culture Site 0956",
        "category": "culture",
        "visitors_per_year": 386201,
        "opened_year": 1934
      },
      "geometry": {
        "type": "Point",
        "coordinates": [
          10.68836,
          59.92427
        ]
      }
    },
    {
      "type": "Feature",
      "properties": {
        "name": "Landmark Site 0957",
        "category": "landmark",
        "visitors_per_year": 359499,
        "opened_year": 1947
      },
      "geometry": {
        "type": "Point",
        "coordinates": [
          10.63481,
          59.88461
        ]
      }
    },
    {
      "type": "Feature",
      "properties": {
        "name": "Government Site 0958",
        "category": "government",
        "visitors_per_year": 100371,
        "opened_year": 1882
      },
      "geometry": {
        "type": "Point",
        "coordinates": [
          10.58939,
          59.90377
        ]
      }
    },
    {
      "type": "Feature",
      "properties": {
        "name": "Park Site 0959",
        "category": "park",
        "visitors_per_year": 183852,
        "opened_year": 1957
      },
      "geometry": {
        "type": "Point",
        "coordinates": [
          10.75786,
          59.85315
        ]
      }
    },
    {
      "type": "Feature",
      "properties": {
        "name": "Culture Site 0960",
        "category": "culture",
        "visitors_per_year": 122915,
        "opened_year": 1851
      },
      "geometry": {
        "type": "Point",
        "coordinates": [
          10.76811,
          59.90726
        ]
      }
    },
    {
      "type": "Feature",
      "properties": {
        "name": "Museum Site 0961",
        "category": "museum",
        "visitors_per_year": 59415,
        "opened_year": 1989
      },
      "geometry": {
        "type": "Point",
        "coordinates": [
          10.68084,
          59.94851
        ]
      }
    },
    {
      "type": "Feature",
      "properties": {
        "name": "Government Site 0962",
        "category": "government",
        "visitors_per_year": 1103319,
        "opened_year": 1803
      },
      "geometry": {
        "type": "Point",
        "coordinates": [
          10.63507,
          59.93073
        ]
      }
    },
    {
      "type": "Feature",
      "properties": {
        "name": "Park Site 0963",
        "category": "park",
        "visitors_per_year": 12426,
        "opened_year": 1884
      },
      "geometry": {
        "type": "Point",
        "coordinates": [
          10.79283,
          59.86447
        ]
      }
    },
    {
      "type": "Feature",
      "properties": {
        "name": "Landmark Site 0964",
        "category": "landmark",
        "visitors_per_year": 393902,
        "opened_year": 1866
      },
      "geometry": {
        "type": "Point",
        "coordinates": [
          10.809,
          59.87754
        ]
      }
    },
    {
      "type": "Feature",
      "properties": {
        "name": "Sport Site 0965",
        "category": "sport",
        "visitors_per_year": 1965395,
        "opened_year": 1971
      },
      "geometry": {
        "type": "Point",
        "coordinates": [
          10.71906,
          59.94489
        ]
      }
    },
    {
      "type": "Feature",
      "properties": {
        "name": "Government Site 0966",
        "category": "government",
        "visitors_per_year": 134432,
        "opened_year": 1843
      },
      "geometry": {
        "type": "Point",
        "coordinates": [
          10.68181,
          59.96779
        ]
      }
    },
    {
      "type": "Feature",
      "properties": {
        "name": "Government Site 0967",
        "category": "government",
        "visitors_per_year": 28331,
        "opened_year": 1919
      },
      "geometry": {
        "type": "Point",
        "coordinates": [
          10.6494,
          59.95259
        ]
      }
    },
    {
      "type": "Feature",
      "properties": {
        "name": "Museum Site 0968",
        "category": "museum",
        "visitors_per_year": 348093,
        "opened_year": 2018
      },
      "geometry": {
        "type": "Point",
        "coordinates": [
          10.88081,
          59.85866
        ]
      }
    },
    {
      "type": "Feature",
      "properties": {
        "name": "Museum Site 0969",
        "category": "museum",
        "visitors_per_year": 340978,
        "opened_year": 1898
      },
      "geometry": {
        "type": "Point",
        "coordinates": [
          10.67608,
          59.86403
        ]
      }
    },
    {
      "type": "Feature",
      "properties": {
        "name": "Landmark Site 0970",
        "category": "landmark",
        "visitors_per_year": 165889,
        "opened_year": 1924
      },
      "geometry": {
        "type": "Point",
        "coordinates": [
          10.89293,
          59.91611
        ]
      }
    },
    {
      "type": "Feature",
      "properties": {
        "name": "Sport Site 0971",
        "category": "sport",
        "visitors_per_year": 240616,
        "opened_year": 1943
      },
      "geometry": {
        "type": "Point",
        "coordinates": [
          10.73605,
          59.87423
        ]
      }
    },
    {
      "type": "Feature",
      "properties": {
        "name": "Museum Site 0972",
        "category": "museum",
        "visitors_per_year": 175386,
        "opened_year": 1925
      },
      "geometry": {
        "type": "Point",
        "coordinates": [
          10.55752,
          59.88216
        ]
      }
    },
    {
      "type": "Feature",
      "properties": {
        "name": "Culture Site 0973",
        "category": "culture",
        "visitors_per_year": 186820,
        "opened_year": 1960
      },
      "geometry": {
        "type": "Point",
        "coordinates": [
          10.81054,
          59.85239
        ]
      }
    },
    {
      "type": "Feature",
      "properties": {
        "name": "Park Site 0974",
        "category": "park",
        "visitors_per_year": 33010,
        "opened_year": 1960
      },
      "geometry": {
        "type": "Point",
        "coordinates": [
          10.63267,
          59.97717
        ]
      }
    },
    {
      "type": "Feature",
      "properties": {
        "name": "Park Site 0975",
        "category": "park",
        "visitors_per_year": 15948,
        "opened_year": 1942
      },
      "geometry": {
        "type": "Point",
        "coordinates": [
          10.85754,
          59.96575
        ]
      }
    },
    {
      "type": "Feature",
      "properties": {
        "name": "Park Site 0976",
        "category": "park",
        "visitors_per_year": 72464,
        "opened_year": 1822
      },
      "geometry": {
        "type": "Point",
        "coordinates": [
          10.62895,
          59.89443
        ]
      }
    },
    {
      "type": "Feature",
      "properties": {
        "name": "Museum Site 0977",
        "category": "museum",
        "visitors_per_year": 328455,
        "opened_year": 1975
      },
      "geometry": {
        "type": "Point",
        "coordinates": [
          10.68377,
          59.97488
        ]
      }
    },
    {
      "type": "Feature",
      "properties": {
        "name": "Landmark Site 0978",
        "category": "landmark",
        "visitors_per_year": 164278,
        "opened_year": 1954
      },
      "geometry": {
        "type": "Point",
        "coordinates": [
          10.69607,
          59.92448
        ]
      }
    },
    {
      "type": "Feature",
      "properties": {
        "name": "Park Site 0979",
        "category": "park",
        "visitors_per_year": 305127,
        "opened_year": 1938
      },
      "geometry": {
        "type": "Point",
        "coordinates": [
          10.70721,
          59.86713
        ]
      }
    },
    {
      "type": "Feature",
      "properties": {
        "name": "Museum Site 0980",
        "category": "museum",
        "visitors_per_year": 370194,
        "opened_year": 1934
      },
      "geometry": {
        "type": "Point",
        "coordinates": [
          10.83004,
          59.96214
        ]
      }
    },
    {
      "type": "Feature",
      "properties": {
        "name": "Landmark Site 0981",
        "category": "landmark",
        "visitors_per_year": 344554,
        "opened_year": 1944
      },
      "geometry": {
        "type": "Point",
        "coordinates": [
          10.70052,
          59.96817
        ]
      }
    },
    {
      "type": "Feature",
      "properties": {
        "name": "Landmark Site 0982",
        "category": "landmark",
        "visitors_per_year": 62569,
        "opened_year": 1847
      },
      "geometry": {
        "type": "Point",
        "coordinates": [
          10.66112,
          59.92245
        ]
      }
    },
    {
      "type": "Feature",
      "properties": {
        "name": "Park Site 0983",
        "category": "park",
        "visitors_per_year": 1168336,
        "opened_year": 1905
      },
      "geometry": {
        "type": "Point",
        "coordinates": [
          10.84383,
          59.86892
        ]
      }
    },
    {
      "type": "Feature",
      "properties": {
        "name": "Culture Site 0984",
        "category": "culture",
        "visitors_per_year": 334391,
        "opened_year": 1989
      },
      "geometry": {
        "type": "Point",
        "coordinates": [
          10.65617,
          59.94693
        ]
      }
    },
    {
      "type": "Feature",
      "properties": {
        "name": "Park Site 0985",
        "category": "park",
        "visitors_per_year": 554941,
        "opened_year": 1995
      },
      "geometry": {
        "type": "Point",
        "coordinates": [
          10.60318,
          59.87443
        ]
      }
    },
    {
      "type": "Feature",
      "properties": {
        "name": "Sport Site 0986",
        "category": "sport",
        "visitors_per_year": 313164,
        "opened_year": 1859
      },
      "geometry": {
        "type": "Point",
        "coordinates": [
          10.76593,
          59.92873
        ]
      }
    },
    {
      "type": "Feature",
      "properties": {
        "name": "Landmark Site 0987",
        "category": "landmark",
        "visitors_per_year": 250376,
        "opened_year": 1834
      },
      "geometry": {
        "type": "Point",
        "coordinates": [
          10.79058,
          59.8967
        ]
      }
    },
    {
      "type": "Feature",
      "properties": {
        "name": "Sport Site 0988",
        "category": "sport",
        "visitors_per_year": 96956,
        "opened_year": 2018
      },
      "geometry": {
        "type": "Point",
        "coordinates": [
          10.84615,
          59.91094
        ]
      }
    },
    {
      "type": "Feature",
      "properties": {
        "name": "Culture Site 0989",
        "category": "culture",
        "visitors_per_year": 17397,
        "opened_year": 1904
      },
      "geometry": {
        "type": "Point",
        "coordinates": [
          10.72201,
          59.86788
        ]
      }
    },
    {
      "type": "Feature",
      "properties": {
        "name": "Government Site 0990",
        "category": "government",
        "visitors_per_year": 352475,
        "opened_year": 1851
      },
      "geometry": {
        "type": "Point",
        "coordinates": [
          10.8739,
          59.97353
        ]
      }
    },
    {
      "type": "Feature",
      "properties": {
        "name": "Landmark Site 0991",
        "category": "landmark",
        "visitors_per_year": 324016,
        "opened_year": 1925
      },
      "geometry": {
        "type": "Point",
        "coordinates": [
          10.57315,
          59.97052
        ]
      }
    },
    {
      "type": "Feature",
      "properties": {
        "name": "Museum Site 0992",
        "category": "museum",
        "visitors_per_year": 212766,
        "opened_year": 1998
      },
      "geometry": {
        "type": "Point",
        "coordinates": [
          10.66371,
          59.90948
        ]
      }
    },
    {
      "type": "Feature",
      "properties": {
        "name": "Government Site 0993",
        "category": "government",
        "visitors_per_year": 207148,
        "opened_year": 1956
      },
      "geometry": {
        "type": "Point",
        "coordinates": [
          10.76278,
          59.95716
        ]
      }
    },
    {
      "type": "Feature",
      "properties": {
        "name": "Museum Site 0994",
        "category": "museum",
        "visitors_per_year": 369657,
        "opened_year": 2001
      },
      "geometry": {
        "type": "Point",
        "coordinates": [
          10.75018,
          59.9197
        ]
      }
    },
    {
      "type": "Feature",
      "properties": {
        "name": "Government Site 0995",
        "category": "government",
        "visitors_per_year": 22738,
        "opened_year": 2024
      },
      "geometry": {
        "type": "Point",
        "coordinates": [
          10.73223,
          59.90871
        ]
      }
    },
    {
      "type": "Feature",
      "properties": {
        "name": "Landmark Site 0996",
        "category": "landmark",
        "visitors_per_year": 292895,
        "opened_year": 1899
      },
      "geometry": {
        "type": "Point",
        "coordinates": [
          10.73155,
          59.90143
        ]
      }
    },
    {
      "type": "Feature",
      "properties": {
        "name": "Sport Site 0997",
        "category": "sport",
        "visitors_per_year": 230952,
        "opened_year": 1901
      },
      "geometry": {
        "type": "Point",
        "coordinates": [
          10.81781,
          59.97514
        ]
      }
    },
    {
      "type": "Feature",
      "properties": {
        "name": "Park Site 0998",
        "category": "park",
        "visitors_per_year": 154860,
        "opened_year": 1956
      },
      "geometry": {
        "type": "Point",
        "coordinates": [
          10.82079,
          59.88717
        ]
      }
    },
    {
      "type": "Feature",
      "properties": {
        "name": "Government Site 0999",
        "category": "government",
        "visitors_per_year": 339243,
        "opened_year": 1915
      },
      "geometry": {
        "type": "Point",
        "coordinates": [
          10.79148,
          59.96748
        ]
      }
    },
    {
      "type": "Feature",
      "properties": {
        "name": "Government Site 1000",
        "category": "government",
        "visitors_per_year": 365464,
        "opened_year": 1939
      },
      "geometry": {
        "type": "Point",
        "coordinates": [
          10.80293,
          59.86471
        ]
      }
    },
    {
      "type": "Feature",
      "properties": {
        "name": "Landmark Site 1001",
        "category": "landmark",
        "visitors_per_year": 1451437,
        "opened_year": 1951
      },
      "geometry": {
        "type": "Point",
        "coordinates": [
          10.68757,
          59.89205
        ]
      }
    },
    {
      "type": "Feature",
      "properties": {
        "name": "Museum Site 1002",
        "category": "museum",
        "visitors_per_year": 1179634,
        "opened_year": 1977
      },
      "geometry": {
        "type": "Point",
        "coordinates": [
          10.86353,
          59.96473
        ]
      }
    },
    {
      "type": "Feature",
      "properties": {
        "name": "Museum Site 1003",
        "category": "museum",
        "visitors_per_year": 65272,
        "opened_year": 1823
      },
      "geometry": {
        "type": "Point",
        "coordinates": [
          10.86751,
          59.95354
        ]
      }
    },
    {
      "type": "Feature",
      "properties": {
        "name": "Government Site 1004",
        "category": "government",
        "visitors_per_year": 1983271,
        "opened_year": 1898
      },
      "geometry": {
        "type": "Point",
        "coordinates": [
          10.79718,
          59.93243
        ]
      }
    },
    {
      "type": "Feature",
      "properties": {
        "name": "Museum Site 1005",
        "category": "museum",
        "visitors_per_year": 199036,
        "opened_year": 1940
      },
      "geometry": {
        "type": "Point",
        "coordinates": [
          10.82687,
          59.91652
        ]
      }
    },
    {
      "type": "Feature",
      "properties": {
        "name": "Culture Site 1006",
        "category": "culture",
        "visitors_per_year": 346283,
        "opened_year": 2020
      },
      "geometry": {
        "type": "Point",
        "coordinates": [
          10.56537,
          59.87222
        ]
      }
    },
    {
      "type": "Feature",
      "properties": {
        "name": "Landmark Site 1007",
        "category": "landmark",
        "visitors_per_year": 27401,
        "opened_year": 1907
      },
      "geometry": {
        "type": "Point",
        "coordinates": [
          10.60674,
          59.8688
        ]
      }
    },
    {
      "type": "Feature",
      "properties": {
        "name": "Park Site 1008",
        "category": "park",
        "visitors_per_year": 328941,
        "opened_year": 1846
      },
      "geometry": {
        "type": "Point",
        "coordinates": [
          10.65833,
          59.94992
        ]
      }
    },
    {
      "type": "Feature",
      "properties": {
        "name": "Government Site 1009",
        "category": "government",
        "visitors_per_year": 1030812,
        "opened_year": 1803
      },
      "geometry": {
        "type": "Point",
        "coordinates": [
          10.86449,
          59.97486
        ]
      }
    },
    {
      "type": "Feature",
      "properties": {
        "name": "Culture Site 1010",
        "category": "culture",
        "visitors_per_year": 319258,
        "opened_year": 1926
      },
      "geometry": {
        "type": "Point",
        "coordinates": [
          10.72417,
          59.91482
        ]
      }
    },
    {
      "type": "Feature",
      "properties": {
        "name": "Landmark Site 1011",
        "category": "landmark",
        "visitors_per_year": 232169,
        "opened_year": 1820
      },
      "geometry": {
        "type": "Point",
        "coordinates": [
          10.62591,
          59.93573
        ]
      }
    },
    {
      "type": "Feature",
      "properties": {
        "name": "Sport Site 1012",
        "category": "sport",
        "visitors_per_year": 325435,
        "opened_year": 1960
      },
      "geometry": {
        "type": "Point",
        "coordinates": [
          10.76004,
          59.88181
        ]
      }
    },
    {
      "type": "Feature",
      "properties": {
        "name": "Sport Site 1013",
        "category": "sport",
        "visitors_per_year": 29369,
        "opened_year": 1967
      },
      "geometry": {
        "type": "Point",
        "coordinates": [
          10.83704,
          59.87699
        ]
      }
    },
    {
      "type": "Feature",
      "properties": {
        "name": "Park Site 1014",
        "category": "park",
        "visitors_per_year": 316795,
        "opened_year": 1876
      },
      "geometry": {
        "type": "Point",
        "coordinates": [
          10.56285,
          59.961
        ]
      }
    },
    {
      "type": "Feature",
      "properties": {
        "name": "Park Site 1015",
        "category": "park",
        "visitors_per_year": 93953,
        "opened_year": 1841
      },
      "geometry": {
        "type": "Point",
        "coordinates": [
          10.87213,
          59.85637
        ]
      }
    },
    {
      "type": "Feature",
      "properties": {
        "name": "Museum Site 1016",
        "category": "museum",
        "visitors_per_year": 300540,
        "opened_year": 2001
      },
      "geometry": {
        "type": "Point",
        "coordinates": [
          10.64953,
          59.93592
        ]
      }
    },
    {
      "type": "Feature",
      "properties": {
        "name": "Sport Site 1017",
        "category": "sport",
        "visitors_per_year": 19290,
        "opened_year": 1823
      },
      "geometry": {
        "type": "Point",
        "coordinates": [
          10.6121,
          59.90919
        ]
      }
    },
    {
      "type": "Feature",
      "properties": {
        "name": "Park Site 1018",
        "category": "park",
        "visitors_per_year": 398142,
        "opened_year": 1909
      },
      "geometry": {
        "type": "Point",
        "coordinates": [
          10.66299,
          59.96668
        ]
      }
    },
    {
      "type": "Feature",
      "properties": {
        "name": "Sport Site 1019",
        "category": "sport",
        "visitors_per_year": 1075497,
        "opened_year": 1884
      },
      "geometry": {
        "type": "Point",
        "coordinates": [
          10.57272,
          59.91121
        ]
      }
    },
    {
      "type": "Feature",
      "properties": {
        "name": "Sport Site 1020",
        "category": "sport",
        "visitors_per_year": 31005,
        "opened_year": 1827
      },
      "geometry": {
        "type": "Point",
        "coordinates": [
          10.69482,
          59.87728
        ]
      }
    },
    {
      "type": "Feature",
      "properties": {
        "name": "Sport Site 1021",
        "category": "sport",
        "visitors_per_year": 254078,
        "opened_year": 1985
      },
      "geometry": {
        "type": "Point",
        "coordinates": [
          10.8054,
          59.93177
        ]
      }
    },
    {
      "type": "Feature",
      "properties": {
        "name": "Museum Site 1022",
        "category": "museum",
        "visitors_per_year": 224399,
        "opened_year": 1955
      },
      "geometry": {
        "type": "Point",
        "coordinates": [
          10.76167,
          59.95246
        ]
      }
    },
    {
      "type": "Feature",
      "properties": {
        "name": "Park Site 1023",
        "category": "park",
        "visitors_per_year": 68507,
        "opened_year": 1957
      },
      "geometry": {
        "type": "Point",
        "coordinates": [
          10.64088,
          59.92477
        ]
      }
    },
    {
      "type": "Feature",
      "properties": {
        "name": "Sport Site 1024",
        "category": "sport",
        "visitors_per_year": 94823,
        "opened_year": 1956
      },
      "geometry": {
        "type": "Point",
        "coordinates": [
          10.72374,
          59.94479
        ]
      }
    },
    {
      "type": "Feature",
      "properties": {
        "name": "Landmark Site 1025",
        "category": "landmark",
        "visitors_per_year": 550303,
        "opened_year": 1919
      },
      "geometry": {
        "type": "Point",
        "coordinates": [
          10.79801,
          59.9773
        ]
      }
    },
    {
      "type": "Feature",
      "properties": {
        "name": "Museum Site 1026",
        "category": "museum",
        "visitors_per_year": 323098,
        "opened_year": 1906
      },
      "geometry": {
        "type": "Point",
        "coordinates": [
          10.82886,
          59.94587
        ]
      }
    },
    {
      "type": "Feature",
      "properties": {
        "name": "Culture Site 1027",
        "category": "culture",
        "visitors_per_year": 111826,
        "opened_year": 1802
      },
      "geometry": {
        "type": "Point",
        "coordinates": [
          10.56592,
          59.89545
        ]
      }
    },
    {
      "type": "Feature",
      "properties": {
        "name": "Museum Site 1028",
        "category": "museum",
        "visitors_per_year": 161861,
        "opened_year": 1876
      },
      "geometry": {
        "type": "Point",
        "coordinates": [
          10.62042,
          59.88661
        ]
      }
    },
    {
      "type": "Feature",
      "properties": {
        "name": "Sport Site 1029",
        "category": "sport",
        "visitors_per_year": 1198944,
        "opened_year": 1887
      },
      "geometry": {
        "type": "Point",
        "coordinates": [
          10.7425,
          59.94971
        ]
      }
    },
    {
      "type": "Feature",
      "properties": {
        "name": "Culture Site 1030",
        "category": "culture",
        "visitors_per_year": 868320,
        "opened_year": 1849
      },
      "geometry": {
        "type": "Point",
        "coordinates": [
          10.80354,
          59.93008
        ]
      }
    },
    {
      "type": "Feature",
      "properties": {
        "name": "Park Site 1031",
        "category": "park",
        "visitors_per_year": 249274,
        "opened_year": 2004
      },
      "geometry": {
        "type": "Point",
        "coordinates": [
          10.84184,
          59.9699
        ]
      }
    },
    {
      "type": "Feature",
      "properties": {
        "name": "Government Site 1032",
        "category": "government",
        "visitors_per_year": 282025,
        "opened_year": 1885
      },
      "geometry": {
        "type": "Point",
        "coordinates": [
          10.77598,
          59.91259
        ]
      }
    },
    {
      "type": "Feature",
      "properties": {
        "name": "Culture Site 1033",
        "category": "culture",
        "visitors_per_year": 273692,
        "opened_year": 1876
      },
      "geometry": {
        "type": "Point",
        "coordinates": [
          10.8244,
          59.90381
        ]
      }
    },
    {
      "type": "Feature",
      "properties": {
        "name": "Sport Site 1034",
        "category": "sport",
        "visitors_per_year": 109689,
        "opened_year": 1947
      },
      "geometry": {
        "type": "Point",
        "coordinates": [
          10.80374,
          59.89102
        ]
      }
    },
    {
      "type": "Feature",
      "properties": {
        "name": "Museum Site 1035",
        "category": "museum",
        "visitors_per_year": 35214,
        "opened_year": 1838
      },
      "geometry": {
        "type": "Point",
        "coordinates": [
          10.6661,
          59.9691
        ]
      }
    },
    {
      "type": "Feature",
      "properties": {
        "name": "Park Site 1036",
        "category": "park",
        "visitors_per_year": 280613,
        "opened_year": 2015
      },
      "geometry": {
        "type": "Point",
        "coordinates": [
          10.84426,
          59.89409
        ]
      }
    },
    {
      "type": "Feature",
      "properties": {
        "name": "Landmark Site 1037",
        "category": "landmark",
        "visitors_per_year": 394523,
        "opened_year": 1878
      },
      "geometry": {
        "type": "Point",
        "coordinates": [
          10.74984,
          59.90064
        ]
      }
    },
    {
      "type": "Feature",
      "properties": {
        "name": "Museum Site 1038",
        "category": "museum",
        "visitors_per_year": 46007,
        "opened_year": 1927
      },
      "geometry": {
        "type": "Point",
        "coordinates": [
          10.85024,
          59.94228
        ]
      }
    },
    {
      "type": "Feature",
      "properties": {
        "name": "Landmark Site 1039",
        "category": "landmark",
        "visitors_per_year": 275803,
        "opened_year": 1877
      },
      "geometry": {
        "type": "Point",
        "coordinates": [
          10.68005,
          59.95783
        ]
      }
    },
    {
      "type": "Feature",
      "properties": {
        "name": "Landmark Site 1040",
        "category": "landmark",
        "visitors_per_year": 49051,
        "opened_year": 1913
      },
      "geometry": {
        "type": "Point",
        "coordinates": [
          10.58928,
          59.95204
        ]
      }
    },
    {
      "type": "Feature",
      "properties": {
        "name": "Sport Site 1041",
        "category": "sport",
        "visitors_per_year": 100225,
        "opened_year": 1887
      },
      "geometry": {
        "type": "Point",
        "coordinates": [
          10.55873,
          59.91275
        ]
      }
    },
    {
      "type": "Feature",
      "properties": {
        "name": "Culture Site 1042",
        "category": "culture",
        "visitors_per_year": 75627,
        "opened_year": 1996
      },
      "geometry": {
        "type": "Point",
        "coordinates": [
          10.80635,
          59.91807
        ]
      }
    },
    {
      "type": "Feature",
      "properties": {
        "name": "Government Site 1043",
        "category": "government",
        "visitors_per_year": 70082,
        "opened_year": 1852
      },
      "geometry": {
        "type": "Point",
        "coordinates": [
          10.83775,
          59.97194
        ]
      }
    },
    {
      "type": "Feature",
      "properties": {
        "name": "Museum Site 1044",
        "category": "museum",
        "visitors_per_year": 61231,
        "opened_year": 1801
      },
      "geometry": {
        "type": "Point",
        "coordinates": [
          10.56279,
          59.90039
        ]
      }
    },
    {
      "type": "Feature",
      "properties": {
        "name": "Park Site 1045",
        "category": "park",
        "visitors_per_year": 46152,
        "opened_year": 1885
      },
      "geometry": {
        "type": "Point",
        "coordinates": [
          10.87632,
          59.93932
        ]
      }
    },
    {
      "type": "Feature",
      "properties": {
        "name": "Culture Site 1046",
        "category": "culture",
        "visitors_per_year": 391385,
        "opened_year": 1879
      },
      "geometry": {
        "type": "Point",
        "coordinates": [
          10.86122,
          59.8634
        ]
      }
    },
    {
      "type": "Feature",
      "properties": {
        "name": "Government Site 1047",
        "category": "government",
        "visitors_per_year": 168733,
        "opened_year": 1851
      },
      "geometry": {
        "type": "Point",
        "coordinates": [
          10.75215,
          59.89058
        ]
      }
    },
    {
      "type": "Feature",
      "properties": {
        "name": "Landmark Site 1048",
        "category": "landmark",
        "visitors_per_year": 352362,
        "opened_year": 1830
      },
      "geometry": {
        "type": "Point",
        "coordinates": [
          10.6503,
          59.9192
        ]
      }
    },
    {
      "type": "Feature",
      "properties": {
        "name": "Park Site 1049",
        "category": "park",
        "visitors_per_year": 1806410,
        "opened_year": 1943
      },
      "geometry": {
        "type": "Point",
        "coordinates": [
          10.60226,
          59.88557
        ]
      }
    },
    {
      "type": "Feature",
      "properties": {
        "name": "Sport Site 1050",
        "category": "sport",
        "visitors_per_year": 142609,
        "opened_year": 1836
      },
      "geometry": {
        "type": "Point",
        "coordinates": [
          10.58583,
          59.92053
        ]
      }
    },
    {
      "type": "Feature",
      "properties": {
        "name": "Museum Site 1051",
        "category": "museum",
        "visitors_per_year": 163751,
        "opened_year": 1956
      },
      "geometry": {
        "type": "Point",
        "coordinates": [
          10.8314,
          59.92463
        ]
      }
    },
    {
      "type": "Feature",
      "properties": {
        "name": "Park Site 1052",
        "category": "park",
        "visitors_per_year": 1916617,
        "opened_year": 1812
      },
      "geometry": {
        "type": "Point",
        "coordinates": [
          10.7392,
          59.85659
        ]
      }
    },
    {
      "type": "Feature",
      "properties": {
        "name": "Government Site 1053",
        "category": "government",
        "visitors_per_year": 369954,
        "opened_year": 1952
      },
      "geometry": {
        "type": "Point",
        "coordinates": [
          10.68426,
          59.8612
        ]
      }
    },
    {
      "type": "Feature",
      "properties": {
        "name": "Sport Site 1054",
        "category": "sport",
        "visitors_per_year": 186949,
        "opened_year": 1879
      },
      "geometry": {
        "type": "Point",
        "coordinates": [
          10.77031,
          59.93972
        ]
      }
    },
    {
      "type": "Feature",
      "properties": {
        "name": "Park Site 1055",
        "category": "park",
        "visitors_per_year": 280199,
        "opened_year": 1820
      },
      "geometry": {
        "type": "Point",
        "coordinates": [
          10.8361,
          59.94268
        ]
      }
    },
    {
      "type": "Feature",
      "properties": {
        "name": "Culture Site 1056",
        "category": "culture",
        "visitors_per_year": 366767,
        "opened_year": 1919
      },
      "geometry": {
        "type": "Point",
        "coordinates": [
          10.74873,
          59.86208
        ]
      }
    },
    {
      "type": "Feature",
      "properties": {
        "name": "Government Site 1057",
        "category": "government",
        "visitors_per_year": 244501,
        "opened_year": 1920
      },
      "geometry": {
        "type": "Point",
        "coordinates": [
          10.70945,
          59.93898
        ]
      }
    },
    {
      "type": "Feature",
      "properties": {
        "name": "Landmark Site 1058",
        "category": "landmark",
        "visitors_per_year": 135793,
        "opened_year": 1893
      },
      "geometry": {
        "type": "Point",
        "coordinates": [
          10.88161,
          59.86868
        ]
      }
    },
    {
      "type": "Feature",
      "properties": {
        "name": "Culture Site 1059",
        "category": "culture",
        "visitors_per_year": 170768,
        "opened_year": 1916
      },
      "geometry": {
        "type": "Point",
        "coordinates": [
          10.61417,
          59.96924
        ]
      }
    },
    {
      "type": "Feature",
      "properties": {
        "name": "Culture Site 1060",
        "category": "culture",
        "visitors_per_year": 242323,
        "opened_year": 2016
      },
      "geometry": {
        "type": "Point",
        "coordinates": [
          10.56059,
          59.91179
        ]
      }
    },
    {
      "type": "Feature",
      "properties": {
        "name": "Landmark Site 1061",
        "category": "landmark",
        "visitors_per_year": 266811,
        "opened_year": 1826
      },
      "geometry": {
        "type": "Point",
        "coordinates": [
          10.64879,
          59.89532
        ]
      }
    },
    {
      "type": "Feature",
      "properties": {
        "name": "Culture Site 1062",
        "category": "culture",
        "visitors_per_year": 340999,
        "opened_year": 1818
      },
      "geometry": {
        "type": "Point",
        "coordinates": [
          10.83614,
          59.95358
        ]
      }
    },
    {
      "type": "Feature",
      "properties": {
        "name": "Park Site 1063",
        "category": "park",
        "visitors_per_year": 326017,
        "opened_year": 1862
      },
      "geometry": {
        "type": "Point",
        "coordinates": [
          10.73646,
          59.90211
        ]
      }
    },
    {
      "type": "Feature",
      "properties": {
        "name": "Sport Site 1064",
        "category": "sport",
        "visitors_per_year": 936707,
        "opened_year": 2008
      },
      "geometry": {
        "type": "Point",
        "coordinates": [
          10.60566,
          59.91271
        ]
      }
    },
    {
      "type": "Feature",
      "properties": {
        "name": "Museum Site 1065",
        "category": "museum",
        "visitors_per_year": 179911,
        "opened_year": 1939
      },
      "geometry": {
        "type": "Point",
        "coordinates": [
          10.75684,
          59.95196
        ]
      }
    },
    {
      "type": "Feature",
      "properties": {
        "name": "Museum Site 1066",
        "category": "museum",
        "visitors_per_year": 1992981,
        "opened_year": 1946
      },
      "geometry": {
        "type": "Point",
        "coordinates": [
          10.63265,
          59.93614
        ]
      }
    },
    {
      "type": "Feature",
      "properties": {
        "name": "Culture Site 1067",
        "category": "culture",
        "visitors_per_year": 51698,
        "opened_year": 2010
      },
      "geometry": {
        "type": "Point",
        "coordinates": [
          10.59001,
          59.92749
        ]
      }
    },
    {
      "type": "Feature",
      "properties": {
        "name": "Culture Site 1068",
        "category": "culture",
        "visitors_per_year": 728054,
        "opened_year": 1975
      },
      "geometry": {
        "type": "Point",
        "coordinates": [
          10.61166,
          59.97426
        ]
      }
    },
    {
      "type": "Feature",
      "properties": {
        "name": "Sport Site 1069",
        "category": "sport",
        "visitors_per_year": 346616,
        "opened_year": 1815
      },
      "geometry": {
        "type": "Point",
        "coordinates": [
          10.81997,
          59.89926
        ]
      }
    },
    {
      "type": "Feature",
      "properties": {
        "name": "Government Site 1070",
        "category": "government",
        "visitors_per_year": 396331,
        "opened_year": 1962
      },
      "geometry": {
        "type": "Point",
        "coordinates": [
          10.62616,
          59.86806
        ]
      }
    },
    {
      "type": "Feature",
      "properties": {
        "name": "Government Site 1071",
        "category": "government",
        "visitors_per_year": 153331,
        "opened_year": 1899
      },
      "geometry": {
        "type": "Point",
        "coordinates": [
          10.81498,
          59.93591
        ]
      }
    },
    {
      "type": "Feature",
      "properties": {
        "name": "Sport Site 1072",
        "category": "sport",
        "visitors_per_year": 166488,
        "opened_year": 1876
      },
      "geometry": {
        "type": "Point",
        "coordinates": [
          10.75228,
          59.87544
        ]
      }
    },
    {
      "type": "Feature",
      "properties": {
        "name": "Sport Site 1073",
        "category": "sport",
        "visitors_per_year": 228422,
        "opened_year": 1983
      },
      "geometry": {
        "type": "Point",
        "coordinates": [
          10.82802,
          59.93834
        ]
      }
    },
    {
      "type": "Feature",
      "properties": {
        "name": "Park Site 1074",
        "category": "park",
        "visitors_per_year": 268109,
        "opened_year": 1903
      },
      "geometry": {
        "type": "Point",
        "coordinates": [
          10.8966,
          59.92575
        ]
      }
    },
    {
      "type": "Feature",
      "properties": {
        "name": "Landmark Site 1075",
        "category": "landmark",
        "visitors_per_year": 28354,
        "opened_year": 1800
      },
      "geometry": {
        "type": "Point",
        "coordinates": [
          10.84838,
          59.85811
        ]
      }
    },
    {
      "type": "Feature",
      "properties": {
        "name": "Museum Site 1076",
        "category": "museum",
        "visitors_per_year": 1091835,
        "opened_year": 2021
      },
      "geometry": {
        "type": "Point",
        "coordinates": [
          10.74601,
          59.97723
        ]
      }
    },
    {
      "type": "Feature",
      "properties": {
        "name": "Government Site 1077",
        "category": "government",
        "visitors_per_year": 167290,
        "opened_year": 1982
      },
      "geometry": {
        "type": "Point",
        "coordinates": [
          10.63233,
          59.94129
        ]
      }
    },
    {
      "type": "Feature",
      "properties": {
        "name": "Culture Site 1078",
        "category": "culture",
        "visitors_per_year": 91416,
        "opened_year": 1921
      },
      "geometry": {
        "type": "Point",
        "coordinates": [
          10.69211,
          59.90657
        ]
      }
    },
    {
      "type": "Feature",
      "properties": {
        "name": "Landmark Site 1079",
        "category": "landmark",
        "visitors_per_year": 219251,
        "opened_year": 1839
      },
      "geometry": {
        "type": "Point",
        "coordinates": [
          10.61588,
          59.9
        ]
      }
    },
    {
      "type": "Feature",
      "properties": {
        "name": "Park Site 1080",
        "category": "park",
        "visitors_per_year": 650462,
        "opened_year": 1965
      },
      "geometry": {
        "type": "Point",
        "coordinates": [
          10.89911,
          59.93711
        ]
      }
    },
    {
      "type": "Feature",
      "properties": {
        "name": "Government Site 1081",
        "category": "government",
        "visitors_per_year": 71685,
        "opened_year": 1821
      },
      "geometry": {
        "type": "Point",
        "coordinates": [
          10.6004,
          59.96504
        ]
      }
    },
    {
      "type": "Feature",
      "properties": {
        "name": "Landmark Site 1082",
        "category": "landmark",
        "visitors_per_year": 365084,
        "opened_year": 1954
      },
      "geometry": {
        "type": "Point",
        "coordinates": [
          10.77479,
          59.90406
        ]
      }
    },
    {
      "type": "Feature",
      "properties": {
        "name": "Culture Site 1083",
        "category": "culture",
        "visitors_per_year": 236453,
        "opened_year": 1898
      },
      "geometry": {
        "type": "Point",
        "coordinates": [
          10.76814,
          59.90907
        ]
      }
    },
    {
      "type": "Feature",
      "properties": {
        "name": "Park Site 1084",
        "category": "park",
        "visitors_per_year": 1544710,
        "opened_year": 2016
      },
      "geometry": {
        "type": "Point",
        "coordinates": [
          10.62901,
          59.90522
        ]
      }
    },
    {
      "type": "Feature",
      "properties": {
        "name": "Museum Site 1085",
        "category": "museum",
        "visitors_per_year": 286848,
        "opened_year": 1947
      },
      "geometry": {
        "type": "Point",
        "coordinates": [
          10.63286,
          59.91522
        ]
      }
    },
    {
      "type": "Feature",
      "properties": {
        "name": "Park Site 1086",
        "category": "park",
        "visitors_per_year": 193741,
        "opened_year": 1828
      },
      "geometry": {
        "type": "Point",
        "coordinates": [
          10.56171,
          59.85492
        ]
      }
    },
    {
      "type": "Feature",
      "properties": {
        "name": "Sport Site 1087",
        "category": "sport",
        "visitors_per_year": 1603957,
        "opened_year": 2019
      },
      "geometry": {
        "type": "Point",
        "coordinates": [
          10.71854,
          59.93976
        ]
      }
    },
    {
      "type": "Feature",
      "properties": {
        "name": "Park Site 1088",
        "category": "park",
        "visitors_per_year": 46871,
        "opened_year": 1862
      },
      "geometry": {
        "type": "Point",
        "coordinates": [
          10.71273,
          59.86017
        ]
      }
    },
    {
      "type": "Feature",
      "properties": {
        "name": "Culture Site 1089",
        "category": "culture",
        "visitors_per_year": 359151,
        "opened_year": 1962
      },
      "geometry": {
        "type": "Point",
        "coordinates": [
          10.77073,
          59.93629
        ]
      }
    },
    {
      "type": "Feature",
      "properties": {
        "name": "Sport Site 1090",
        "category": "sport",
        "visitors_per_year": 1220468,
        "opened_year": 1936
      },
      "geometry": {
        "type": "Point",
        "coordinates": [
          10.82933,
          59.89062
        ]
      }
    },
    {
      "type": "Feature",
      "properties": {
        "name": "Government Site 1091",
        "category": "government",
        "visitors_per_year": 385230,
        "opened_year": 1884
      },
      "geometry": {
        "type": "Point",
        "coordinates": [
          10.7141,
          59.91665
        ]
      }
    },
    {
      "type": "Feature",
      "properties": {
        "name": "Culture Site 1092",
        "category": "culture",
        "visitors_per_year": 88322,
        "opened_year": 1809
      },
      "geometry": {
        "type": "Point",
        "coordinates": [
          10.67352,
          59.97711
        ]
      }
    },
    {
      "type": "Feature",
      "properties": {
        "name": "Museum Site 1093",
        "category": "museum",
        "visitors_per_year": 296044,
        "opened_year": 1866
      },
      "geometry": {
        "type": "Point",
        "coordinates": [
          10.873,
          59.94743
        ]
      }
    },
    {
      "type": "Feature",
      "properties": {
        "name": "Government Site 1094",
        "category": "government",
        "visitors_per_year": 344600,
        "opened_year": 1874
      },
      "geometry": {
        "type": "Point",
        "coordinates": [
          10.77026,
          59.92516
        ]
      }
    },
    {
      "type": "Feature",
      "properties": {
        "name": "Museum Site 1095",
        "category": "museum",
        "visitors_per_year": 1560311,
        "opened_year": 1819
      },
      "geometry": {
        "type": "Point",
        "coordinates": [
          10.76851,
          59.88729
        ]
      }
    },
    {
      "type": "Feature",
      "properties": {
        "name": "Park Site 1096",
        "category": "park",
        "visitors_per_year": 135218,
        "opened_year": 1803
      },
      "geometry": {
        "type": "Point",
        "coordinates": [
          10.63822,
          59.93005
        ]
      }
    },
    {
      "type": "Feature",
      "properties": {
        "name": "Museum Site 1097",
        "category": "museum",
        "visitors_per_year": 79738,
        "opened_year": 1968
      },
      "geometry": {
        "type": "Point",
        "coordinates": [
          10.58904,
          59.8727
        ]
      }
    },
    {
      "type": "Feature",
      "properties": {
        "name": "Culture Site 1098",
        "category": "culture",
        "visitors_per_year": 124334,
        "opened_year": 1924
      },
      "geometry": {
        "type": "Point",
        "coordinates": [
          10.67942,
          59.8728
        ]
      }
    },
    {
      "type": "Feature",
      "properties": {
        "name": "Landmark Site 1099",
        "category": "landmark",
        "visitors_per_year": 44750,
        "opened_year": 1837
      },
      "geometry": {
        "type": "Point",
        "coordinates": [
          10.82978,
          59.96206
        ]
      }
    },
    {
      "type": "Feature",
      "properties": {
        "name": "Sport Site 1100",
        "category": "sport",
        "visitors_per_year": 217003,
        "opened_year": 1997
      },
      "geometry": {
        "type": "Point",
        "coordinates": [
          10.87688,
          59.87004
        ]
      }
    },
    {
      "type": "Feature",
      "properties": {
        "name": "Culture Site 1101",
        "category": "culture",
        "visitors_per_year": 111049,
        "opened_year": 1947
      },
      "geometry": {
        "type": "Point",
        "coordinates": [
          10.63328,
          59.90722
        ]
      }
    },
    {
      "type": "Feature",
      "properties": {
        "name": "Museum Site 1102",
        "category": "museum",
        "visitors_per_year": 61314,
        "opened_year": 1813
      },
      "geometry": {
        "type": "Point",
        "coordinates": [
          10.84464,
          59.85706
        ]
      }
    },
    {
      "type": "Feature",
      "properties": {
        "name": "Landmark Site 1103",
        "category": "landmark",
        "visitors_per_year": 394988,
        "opened_year": 1936
      },
      "geometry": {
        "type": "Point",
        "coordinates": [
          10.71241,
          59.91191
        ]
      }
    },
    {
      "type": "Feature",
      "properties": {
        "name": "Landmark Site 1104",
        "category": "landmark",
        "visitors_per_year": 76600,
        "opened_year": 1935
      },
      "geometry": {
        "type": "Point",
        "coordinates": [
          10.68293,
          59.94173
        ]
      }
    },
    {
      "type": "Feature",
      "properties": {
        "name": "Culture Site 1105",
        "category": "culture",
        "visitors_per_year": 356225,
        "opened_year": 1880
      },
      "geometry": {
        "type": "Point",
        "coordinates": [
          10.55415,
          59.97054
        ]
      }
    },
    {
      "type": "Feature",
      "properties": {
        "name": "Sport Site 1106",
        "category": "sport",
        "visitors_per_year": 334693,
        "opened_year": 1890
      },
      "geometry": {
        "type": "Point",
        "coordinates": [
          10.78901,
          59.85533
        ]
      }
    },
    {
      "type": "Feature",
      "properties": {
        "name": "Culture Site 1107",
        "category": "culture",
        "visitors_per_year": 142228,
        "opened_year": 1868
      },
      "geometry": {
        "type": "Point",
        "coordinates": [
          10.76367,
          59.93477
        ]
      }
    },
    {
      "type": "Feature",
      "properties": {
        "name": "Government Site 1108",
        "category": "government",
        "visitors_per_year": 354547,
        "opened_year": 1991
      },
      "geometry": {
        "type": "Point",
        "coordinates": [
          10.63937,
          59.92594
        ]
      }
    },
    {
      "type": "Feature",
      "properties": {
        "name": "Landmark Site 1109",
        "category": "landmark",
        "visitors_per_year": 177398,
        "opened_year": 1973
      },
      "geometry": {
        "type": "Point",
        "coordinates": [
          10.80701,
          59.92653
        ]
      }
    },
    {
      "type": "Feature",
      "properties": {
        "name": "Museum Site 1110",
        "category": "museum",
        "visitors_per_year": 517775,
        "opened_year": 2012
      },
      "geometry": {
        "type": "Point",
        "coordinates": [
          10.89763,
          59.89073
        ]
      }
    },
    {
      "type": "Feature",
      "properties": {
        "name": "Government Site 1111",
        "category": "government",
        "visitors_per_year": 1435208,
        "opened_year": 1889
      },
      "geometry": {
        "type": "Point",
        "coordinates": [
          10.55419,
          59.8627
        ]
      }
    },
    {
      "type": "Feature",
      "properties": {
        "name": "Landmark Site 1112",
        "category": "landmark",
        "visitors_per_year": 1798970,
        "opened_year": 1823
      },
      "geometry": {
        "type": "Point",
        "coordinates": [
          10.80384,
          59.88275
        ]
      }
    },
    {
      "type": "Feature",
      "properties": {
        "name": "Government Site 1113",
        "category": "government",
        "visitors_per_year": 314750,
        "opened_year": 1963
      },
      "geometry": {
        "type": "Point",
        "coordinates": [
          10.87848,
          59.93536
        ]
      }
    },
    {
      "type": "Feature",
      "properties": {
        "name": "Government Site 1114",
        "category": "government",
        "visitors_per_year": 68608,
        "opened_year": 1896
      },
      "geometry": {
        "type": "Point",
        "coordinates": [
          10.79783,
          59.8656
        ]
      }
    },
    {
      "type": "Feature",
      "properties": {
        "name": "Museum Site 1115",
        "category": "museum",
        "visitors_per_year": 97371,
        "opened_year": 1828
      },
      "geometry": {
        "type": "Point",
        "coordinates": [
          10.81735,
          59.93423
        ]
      }
    },
    {
      "type": "Feature",
      "properties": {
        "name": "Museum Site 1116",
        "category": "museum",
        "visitors_per_year": 40196,
        "opened_year": 1963
      },
      "geometry": {
        "type": "Point",
        "coordinates": [
          10.61449,
          59.88829
        ]
      }
    },
    {
      "type": "Feature",
      "properties": {
        "name": "Culture Site 1117",
        "category": "culture",
        "visitors_per_year": 350503,
        "opened_year": 1997
      },
      "geometry": {
        "type": "Point",
        "coordinates": [
          10.87294,
          59.88593
        ]
      }
    },
    {
      "type": "Feature",
      "properties": {
        "name": "Park Site 1118",
        "category": "park",
        "visitors_per_year": 33208,
        "opened_year": 1897
      },
      "geometry": {
        "type": "Point",
        "coordinates": [
          10.64007,
          59.9515
        ]
      }
    },
    {
      "type": "Feature",
      "properties": {
        "name": "Culture Site 1119",
        "category": "culture",
        "visitors_per_year": 139260,
        "opened_year": 1845
      },
      "geometry": {
        "type": "Point",
        "coordinates": [
          10.66643,
          59.85781
        ]
      }
    },
    {
      "type": "Feature",
      "properties": {
        "name": "Culture Site 1120",
        "category": "culture",
        "visitors_per_year": 206353,
        "opened_year": 1845
      },
      "geometry": {
        "type": "Point",
        "coordinates": [
          10.57429,
          59.97732
        ]
      }
    },
    {
      "type": "Feature",
      "properties": {
        "name": "Museum Site 1121",
        "category": "museum",
        "visitors_per_year": 114997,
        "opened_year": 1957
      },
      "geometry": {
        "type": "Point",
        "coordinates": [
          10.72222,
          59.8687
        ]
      }
    },
    {
      "type": "Feature",
      "properties": {
        "name": "Museum Site 1122",
        "category": "museum",
        "visitors_per_year": 18777,
        "opened_year": 1818
      },
      "geometry": {
        "type": "Point",
        "coordinates": [
          10.58719,
          59.90741
        ]
      }
    },
    {
      "type": "Feature",
      "properties": {
        "name": "Government Site 1123",
        "category": "government",
        "visitors_per_year": 261438,
        "opened_year": 1838
      },
      "geometry": {
        "type": "Point",
        "coordinates": [
          10.74997,
          59.88258
        ]
      }
    },
    {
      "type": "Feature",
      "properties": {
        "name": "Museum Site 1124",
        "category": "museum",
        "visitors_per_year": 140189,
        "opened_year": 1838
      },
      "geometry": {
        "type": "Point",
        "coordinates": [
          10.77412,
          59.97128
        ]
      }
    },
    {
      "type": "Feature",
      "properties": {
        "name": "Museum Site 1125",
        "category": "museum",
        "visitors_per_year": 1983956,
        "opened_year": 1997
      },
      "geometry": {
        "type": "Point",
        "coordinates": [
          10.66544,
          59.90087
        ]
      }
    },
    {
      "type": "Feature",
      "properties": {
        "name": "Culture Site 1126",
        "category": "culture",
        "visitors_per_year": 37252,
        "opened_year": 1938
      },
      "geometry": {
        "type": "Point",
        "coordinates": [
          10.71735,
          59.90251
        ]
      }
    },
    {
      "type": "Feature",
      "properties": {
        "name": "Landmark Site 1127",
        "category": "landmark",
        "visitors_per_year": 253241,
        "opened_year": 1831
      },
      "geometry": {
        "type": "Point",
        "coordinates": [
          10.55116,
          59.97404
        ]
      }
    },
    {
      "type": "Feature",
      "properties": {
        "name": "Sport Site 1128",
        "category": "sport",
        "visitors_per_year": 159269,
        "opened_year": 1902
      },
      "geometry": {
        "type": "Point",
        "coordinates": [
          10.73736,
          59.97891
        ]
      }
    },
    {
      "type": "Feature",
      "properties": {
        "name": "Government Site 1129",
        "category": "government",
        "visitors_per_year": 1621192,
        "opened_year": 2018
      },
      "geometry": {
        "type": "Point",
        "coordinates": [
          10.7713,
          59.97465
        ]
      }
    },
    {
      "type": "Feature",
      "properties": {
        "name": "Park Site 1130",
        "category": "park",
        "visitors_per_year": 340129,
        "opened_year": 1851
      },
      "geometry": {
        "type": "Point",
        "coordinates": [
          10.57816,
          59.90975
        ]
      }
    },
    {
      "type": "Feature",
      "properties": {
        "name": "Landmark Site 1131",
        "category": "landmark",
        "visitors_per_year": 157194,
        "opened_year": 1978
      },
      "geometry": {
        "type": "Point",
        "coordinates": [
          10.74407,
          59.97578
        ]
      }
    },
    {
      "type": "Feature",
      "properties": {
        "name": "Culture Site 1132",
        "category": "culture",
        "visitors_per_year": 44992,
        "opened_year": 1961
      },
      "geometry": {
        "type": "Point",
        "coordinates": [
          10.86376,
          59.93198
        ]
      }
    },
    {
      "type": "Feature",
      "properties": {
        "name": "Culture Site 1133",
        "category": "culture",
        "visitors_per_year": 377850,
        "opened_year": 1951
      },
      "geometry": {
        "type": "Point",
        "coordinates": [
          10.80736,
          59.86819
        ]
      }
    },
    {
      "type": "Feature",
      "properties": {
        "name": "Landmark Site 1134",
        "category": "landmark",
        "visitors_per_year": 161839,
        "opened_year": 1927
      },
      "geometry": {
        "type": "Point",
        "coordinates": [
          10.72123,
          59.85819
        ]
      }
    },
    {
      "type": "Feature",
      "properties": {
        "name": "Sport Site 1135",
        "category": "sport",
        "visitors_per_year": 9107,
        "opened_year": 1809
      },
      "geometry": {
        "type": "Point",
        "coordinates": [
          10.88773,
          59.95553
        ]
      }
    },
    {
      "type": "Feature",
      "properties": {
        "name": "Park Site 1136",
        "category": "park",
        "visitors_per_year": 747856,
        "opened_year": 1854
      },
      "geometry": {
        "type": "Point",
        "coordinates": [
          10.56962,
          59.95241
        ]
      }
    },
    {
      "type": "Feature",
      "properties": {
        "name": "Museum Site 1137",
        "category": "museum",
        "visitors_per_year": 281812,
        "opened_year": 1838
      },
      "geometry": {
        "type": "Point",
        "coordinates": [
          10.78356,
          59.90959
        ]
      }
    },
    {
      "type": "Feature",
      "properties": {
        "name": "Museum Site 1138",
        "category": "museum",
        "visitors_per_year": 796936,
        "opened_year": 1925
      },
      "geometry": {
        "type": "Point",
        "coordinates": [
          10.75277,
          59.97023
        ]
      }
    },
    {
      "type": "Feature",
      "properties": {
        "name": "Museum Site 1139",
        "category": "museum",
        "visitors_per_year": 127735,
        "opened_year": 1979
      },
      "geometry": {
        "type": "Point",
        "coordinates": [
          10.55667,
          59.96793
        ]
      }
    },
    {
      "type": "Feature",
      "properties": {
        "name": "Museum Site 1140",
        "category": "museum",
        "visitors_per_year": 1144533,
        "opened_year": 2010
      },
      "geometry": {
        "type": "Point",
        "coordinates": [
          10.59569,
          59.87239
        ]
      }
    },
    {
      "type": "Feature",
      "properties": {
        "name": "Government Site 1141",
        "category": "government",
        "visitors_per_year": 56248,
        "opened_year": 1829
      },
      "geometry": {
        "type": "Point",
        "coordinates": [
          10.70966,
          59.87219
        ]
      }
    },
    {
      "type": "Feature",
      "properties": {
        "name": "Culture Site 1142",
        "category": "culture",
        "visitors_per_year": 924969,
        "opened_year": 1909
      },
      "geometry": {
        "type": "Point",
        "coordinates": [
          10.75824,
          59.93003
        ]
      }
    },
    {
      "type": "Feature",
      "properties": {
        "name": "Park Site 1143",
        "category": "park",
        "visitors_per_year": 170492,
        "opened_year": 1830
      },
      "geometry": {
        "type": "Point",
        "coordinates": [
          10.83403,
          59.97769
        ]
      }
    },
    {
      "type": "Feature",
      "properties": {
        "name": "Museum Site 1144",
        "category": "museum",
        "visitors_per_year": 112294,
        "opened_year": 1995
      },
      "geometry": {
        "type": "Point",
        "coordinates": [
          10.75159,
          59.86785
        ]
      }
    },
    {
      "type": "Feature",
      "properties": {
        "name": "Government Site 1145",
        "category": "government",
        "visitors_per_year": 796195,
        "opened_year": 1993
      },
      "geometry": {
        "type": "Point",
        "coordinates": [
          10.75758,
          59.89362
        ]
      }
    },
    {
      "type": "Feature",
      "properties": {
        "name": "Culture Site 1146",
        "category": "culture",
        "visitors_per_year": 128239,
        "opened_year": 1948
      },
      "geometry": {
        "type": "Point",
        "coordinates": [
          10.60882,
          59.89809
        ]
      }
    },
    {
      "type": "Feature",
      "properties": {
        "name": "Government Site 1147",
        "category": "government",
        "visitors_per_year": 197700,
        "opened_year": 1999
      },
      "geometry": {
        "type": "Point",
        "coordinates": [
          10.59668,
          59.95284
        ]
      }
    },
    {
      "type": "Feature",
      "properties": {
        "name": "Landmark Site 1148",
        "category": "landmark",
        "visitors_per_year": 876256,
        "opened_year": 1822
      },
      "geometry": {
        "type": "Point",
        "coordinates": [
          10.55547,
          59.91331
        ]
      }
    },
    {
      "type": "Feature",
      "properties": {
        "name": "Museum Site 1149",
        "category": "museum",
        "visitors_per_year": 250067,
        "opened_year": 1977
      },
      "geometry": {
        "type": "Point",
        "coordinates": [
          10.77811,
          59.9653
        ]
      }
    },
    {
      "type": "Feature",
      "properties": {
        "name": "Landmark Site 1150",
        "category": "landmark",
        "visitors_per_year": 216523,
        "opened_year": 1861
      },
      "geometry": {
        "type": "Point",
        "coordinates": [
          10.62216,
          59.93318
        ]
      }
    },
    {
      "type": "Feature",
      "properties": {
        "name": "Landmark Site 1151",
        "category": "landmark",
        "visitors_per_year": 262585,
        "opened_year": 1956
      },
      "geometry": {
        "type": "Point",
        "coordinates": [
          10.76369,
          59.85489
        ]
      }
    },
    {
      "type": "Feature",
      "properties": {
        "name": "Government Site 1152",
        "category": "government",
        "visitors_per_year": 2896,
        "opened_year": 1942
      },
      "geometry": {
        "type": "Point",
        "coordinates": [
          10.76952,
          59.95174
        ]
      }
    },
    {
      "type": "Feature",
      "properties": {
        "name": "Landmark Site 1153",
        "category": "landmark",
        "visitors_per_year": 324992,
        "opened_year": 1892
      },
      "geometry": {
        "type": "Point",
        "coordinates": [
          10.61717,
          59.97826
        ]
      }
    },
    {
      "type": "Feature",
      "properties": {
        "name": "Sport Site 1154",
        "category": "sport",
        "visitors_per_year": 109608,
        "opened_year": 1870
      },
      "geometry": {
        "type": "Point",
        "coordinates": [
          10.72764,
          59.91035
        ]
      }
    },
    {
      "type": "Feature",
      "properties": {
        "name": "Government Site 1155",
        "category": "government",
        "visitors_per_year": 249228,
        "opened_year": 1927
      },
      "geometry": {
        "type": "Point",
        "coordinates": [
          10.6178,
          59.95356
        ]
      }
    },
    {
      "type": "Feature",
      "properties": {
        "name": "Landmark Site 1156",
        "category": "landmark",
        "visitors_per_year": 1263768,
        "opened_year": 1872
      },
      "geometry": {
        "type": "Point",
        "coordinates": [
          10.60592,
          59.96995
        ]
      }
    },
    {
      "type": "Feature",
      "properties": {
        "name": "Landmark Site 1157",
        "category": "landmark",
        "visitors_per_year": 398124,
        "opened_year": 1916
      },
      "geometry": {
        "type": "Point",
        "coordinates": [
          10.70214,
          59.89346
        ]
      }
    },
    {
      "type": "Feature",
      "properties": {
        "name": "Government Site 1158",
        "category": "government",
        "visitors_per_year": 83361,
        "opened_year": 2001
      },
      "geometry": {
        "type": "Point",
        "coordinates": [
          10.58655,
          59.85682
        ]
      }
    },
    {
      "type": "Feature",
      "properties": {
        "name": "Government Site 1159",
        "category": "government",
        "visitors_per_year": 378722,
        "opened_year": 1913
      },
      "geometry": {
        "type": "Point",
        "coordinates": [
          10.71977,
          59.86509
        ]
      }
    },
    {
      "type": "Feature",
      "properties": {
        "name": "Sport Site 1160",
        "category": "sport",
        "visitors_per_year": 171252,
        "opened_year": 1858
      },
      "geometry": {
        "type": "Point",
        "coordinates": [
          10.75292,
          59.90448
        ]
      }
    },
    {
      "type": "Feature",
      "properties": {
        "name": "Government Site 1161",
        "category": "government",
        "visitors_per_year": 105334,
        "opened_year": 1896
      },
      "geometry": {
        "type": "Point",
        "coordinates": [
          10.66415,
          59.86275
        ]
      }
    },
    {
      "type": "Feature",
      "properties": {
        "name": "Landmark Site 1162",
        "category": "landmark",
        "visitors_per_year": 1414075,
        "opened_year": 1837
      },
      "geometry": {
        "type": "Point",
        "coordinates": [
          10.57574,
          59.92606
        ]
      }
    },
    {
      "type": "Feature",
      "properties": {
        "name": "Landmark Site 1163",
        "category": "landmark",
        "visitors_per_year": 72015,
        "opened_year": 1917
      },
      "geometry": {
        "type": "Point",
        "coordinates": [
          10.87476,
          59.90915
        ]
      }
    },
    {
      "type": "Feature",
      "properties": {
        "name": "Museum Site 1164",
        "category": "museum",
        "visitors_per_year": 176603,
        "opened_year": 1832
      },
      "geometry": {
        "type": "Point",
        "coordinates": [
          10.61795,
          59.89662
        ]
      }
    },
    {
      "type": "Feature",
      "properties": {
        "name": "Government Site 1165",
        "category": "government",
        "visitors_per_year": 1476296,
        "opened_year": 1917
      },
      "geometry": {
        "type": "Point",
        "coordinates": [
          10.79227,
          59.85775
        ]
      }
    },
    {
      "type": "Feature",
      "properties": {
        "name": "Culture Site 1166",
        "category": "culture",
        "visitors_per_year": 316979,
        "opened_year": 1840
      },
      "geometry": {
        "type": "Point",
        "coordinates": [
          10.60992,
          59.89466
        ]
      }
    },
    {
      "type": "Feature",
      "properties": {
        "name": "Museum Site 1167",
        "category": "museum",
        "visitors_per_year": 290303,
        "opened_year": 2018
      },
      "geometry": {
        "type": "Point",
        "coordinates": [
          10.88347,
          59.96773
        ]
      }
    },
    {
      "type": "Feature",
      "properties": {
        "name": "Landmark Site 1168",
        "category": "landmark",
        "visitors_per_year": 113978,
        "opened_year": 1951
      },
      "geometry": {
        "type": "Point",
        "coordinates": [
          10.58027,
          59.96141
        ]
      }
    },
    {
      "type": "Feature",
      "properties": {
        "name": "Culture Site 1169",
        "category": "culture",
        "visitors_per_year": 386469,
        "opened_year": 2023
      },
      "geometry": {
        "type": "Point",
        "coordinates": [
          10.84295,
          59.88629
        ]
      }
    },
    {
      "type": "Feature",
      "properties": {
        "name": "Landmark Site 1170",
        "category": "landmark",
        "visitors_per_year": 310758,
        "opened_year": 1838
      },
      "geometry": {
        "type": "Point",
        "coordinates": [
          10.63674,
          59.90645
        ]
      }
    },
    {
      "type": "Feature",
      "properties": {
        "name": "Sport Site 1171",
        "category": "sport",
        "visitors_per_year": 1487030,
        "opened_year": 1987
      },
      "geometry": {
        "type": "Point",
        "coordinates": [
          10.86439,
          59.90431
        ]
      }
    },
    {
      "type": "Feature",
      "properties": {
        "name": "Sport Site 1172",
        "category": "sport",
        "visitors_per_year": 365747,
        "opened_year": 2010
      },
      "geometry": {
        "type": "Point",
        "coordinates": [
          10.56177,
          59.91905
        ]
      }
    },
    {
      "type": "Feature",
      "properties": {
        "name": "Government Site 1173",
        "category": "government",
        "visitors_per_year": 7013,
        "opened_year": 1977
      },
      "geometry": {
        "type": "Point",
        "coordinates": [
          10.70835,
          59.88127
        ]
      }
    },
    {
      "type": "Feature",
      "properties": {
        "name": "Museum Site 1174",
        "category": "museum",
        "visitors_per_year": 125837,
        "opened_year": 1965
      },
      "geometry": {
        "type": "Point",
        "coordinates": [
          10.69232,
          59.87834
        ]
      }
    },
    {
      "type": "Feature",
      "properties": {
        "name": "Government Site 1175",
        "category": "government",
        "visitors_per_year": 241296,
        "opened_year": 2019
      },
      "geometry": {
        "type": "Point",
        "coordinates": [
          10.55558,
          59.93697
        ]
      }
    },
    {
      "type": "Feature",
      "properties": {
        "name": "Sport Site 1176",
        "category": "sport",
        "visitors_per_year": 73178,
        "opened_year": 2023
      },
      "geometry": {
        "type": "Point",
        "coordinates": [
          10.81155,
          59.85317
        ]
      }
    },
    {
      "type": "Feature",
      "properties": {
        "name": "Museum Site 1177",
        "category": "museum",
        "visitors_per_year": 243924,
        "opened_year": 1980
      },
      "geometry": {
        "type": "Point",
        "coordinates": [
          10.69188,
          59.95268
        ]
      }
    },
    {
      "type": "Feature",
      "properties": {
        "name": "Museum Site 1178",
        "category": "museum",
        "visitors_per_year": 362652,
        "opened_year": 1885
      },
      "geometry": {
        "type": "Point",
        "coordinates": [
          10.55048,
          59.93155
        ]
      }
    },
    {
      "type": "Feature",
      "properties": {
        "name": "Sport Site 1179",
        "category": "sport",
        "visitors_per_year": 321627,
        "opened_year": 1938
      },
      "geometry": {
        "type": "Point",
        "coordinates": [
          10.56145,
          59.90537
        ]
      }
    },
    {
      "type": "Feature",
      "properties": {
        "name": "Sport Site 1180",
        "category": "sport",
        "visitors_per_year": 1204002,
        "opened_year": 1988
      },
      "geometry": {
        "type": "Point",
        "coordinates": [
          10.82807,
          59.9524
        ]
      }
    },
    {
      "type": "Feature",
      "properties": {
        "name": "Government Site 1181",
        "category": "government",
        "visitors_per_year": 27533,
        "opened_year": 1828
      },
      "geometry": {
        "type": "Point",
        "coordinates": [
          10.73016,
          59.9683
        ]
      }
    },
    {
      "type": "Feature",
      "properties": {
        "name": "Culture Site 1182",
        "category": "culture",
        "visitors_per_year": 92390,
        "opened_year": 1965
      },
      "geometry": {
        "type": "Point",
        "coordinates": [
          10.67796,
          59.93049
        ]
      }
    },
    {
      "type": "Feature",
      "properties": {
        "name": "Sport Site 1183",
        "category": "sport",
        "visitors_per_year": 73064,
        "opened_year": 1885
      },
      "geometry": {
        "type": "Point",
        "coordinates": [
          10.79671,
          59.9229
        ]
      }
    },
    {
      "type": "Feature",
      "properties": {
        "name": "Landmark Site 1184",
        "category": "landmark",
        "visitors_per_year": 394909,
        "opened_year": 1948
      },
      "geometry": {
        "type": "Point",
        "coordinates": [
          10.73887,
          59.93437
        ]
      }
    },
    {
      "type": "Feature",
      "properties": {
        "name": "Museum Site 1185",
        "category": "museum",
        "visitors_per_year": 185422,
        "opened_year": 1868
      },
      "geometry": {
        "type": "Point",
        "coordinates": [
          10.62343,
          59.94685
        ]
      }
    },
    {
      "type": "Feature",
      "properties": {
        "name": "Sport Site 1186",
        "category": "sport",
        "visitors_per_year": 1223992,
        "opened_year": 1915
      },
      "geometry": {
        "type": "Point",
        "coordinates": [
          10.78808,
          59.88603
        ]
      }
    },
    {
      "type": "Feature",
      "properties": {
        "name": "Culture Site 1187",
        "category": "culture",
        "visitors_per_year": 279371,
        "opened_year": 1973
      },
      "geometry": {
        "type": "Point",
        "coordinates": [
          10.72551,
          59.95784
        ]
      }
    },
    {
      "type": "Feature",
      "properties": {
        "name": "Sport Site 1188",
        "category": "sport",
        "visitors_per_year": 353506,
        "opened_year": 1977
      },
      "geometry": {
        "type": "Point",
        "coordinates": [
          10.86481,
          59.90876
        ]
      }
    },
    {
      "type": "Feature",
      "properties": {
        "name": "Government Site 1189",
        "category": "government",
        "visitors_per_year": 1319320,
        "opened_year": 1845
      },
      "geometry": {
        "type": "Point",
        "coordinates": [
          10.61592,
          59.96492
        ]
      }
    },
    {
      "type": "Feature",
      "properties": {
        "name": "Park Site 1190",
        "category": "park",
        "visitors_per_year": 59233,
        "opened_year": 1978
      },
      "geometry": {
        "type": "Point",
        "coordinates": [
          10.88539,
          59.86
        ]
      }
    },
    {
      "type": "Feature",
      "properties": {
        "name": "Landmark Site 1191",
        "category": "landmark",
        "visitors_per_year": 329373,
        "opened_year": 1805
      },
      "geometry": {
        "type": "Point",
        "coordinates": [
          10.72372,
          59.96375
        ]
      }
    },
    {
      "type": "Feature",
      "properties": {
        "name": "Park Site 1192",
        "category": "park",
        "visitors_per_year": 248962,
        "opened_year": 1888
      },
      "geometry": {
        "type": "Point",
        "coordinates": [
          10.69579,
          59.93871
        ]
      }
    },
    {
      "type": "Feature",
      "properties": {
        "name": "Culture Site 1193",
        "category": "culture",
        "visitors_per_year": 33503,
        "opened_year": 1805
      },
      "geometry": {
        "type": "Point",
        "coordinates": [
          10.70535,
          59.93381
        ]
      }
    },
    {
      "type": "Feature",
      "properties": {
        "name": "Landmark Site 1194",
        "category": "landmark",
        "visitors_per_year": 303907,
        "opened_year": 1887
      },
      "geometry": {
        "type": "Point",
        "coordinates": [
          10.84223,
          59.91755
        ]
      }
    },
    {
      "type": "Feature",
      "properties": {
        "name": "Museum Site 1195",
        "category": "museum",
        "visitors_per_year": 365857,
        "opened_year": 1935
      },
      "geometry": {
        "type": "Point",
        "coordinates": [
          10.77612,
          59.89242
        ]
      }
    },
    {
      "type": "Feature",
      "properties": {
        "name": "Sport Site 1196",
        "category": "sport",
        "visitors_per_year": 1142766,
        "opened_year": 1843
      },
      "geometry": {
        "type": "Point",
        "coordinates": [
          10.70584,
          59.88953
        ]
      }
    },
    {
      "type": "Feature",
      "properties": {
        "name": "Park Site 1197",
        "category": "park",
        "visitors_per_year": 25308,
        "opened_year": 1837
      },
      "geometry": {
        "type": "Point",
        "coordinates": [
          10.62937,
          59.89835
        ]
      }
    },
    {
      "type": "Feature",
      "properties": {
        "name": "Park Site 1198",
        "category": "park",
        "visitors_per_year": 84800,
        "opened_year": 1982
      },
      "geometry": {
        "type": "Point",
        "coordinates": [
          10.64953,
          59.97431
        ]
      }
    },
    {
      "type": "Feature",
      "properties": {
        "name": "Sport Site 1199",
        "category": "sport",
        "visitors_per_year": 363757,
        "opened_year": 1970
      },
      "geometry": {
        "type": "Point",
        "coordinates": [
          10.64984,
          59.97652
        ]
      }
    },
    {
      "type": "Feature",
      "properties": {
        "name": "Landmark Site 1200",
        "category": "landmark",
        "visitors_per_year": 301716,
        "opened_year": 1832
      },
      "geometry": {
        "type": "Point",
        "coordinates": [
          10.60644,
          59.8652
        ]
      }
    },
    {
      "type": "Feature",
      "properties": {
        "name": "Culture Site 1201",
        "category": "culture",
        "visitors_per_year": 18687,
        "opened_year": 1970
      },
      "geometry": {
        "type": "Point",
        "coordinates": [
          10.64114,
          59.87398
        ]
      }
    },
    {
      "type": "Feature",
      "properties": {
        "name": "Park Site 1202",
        "category": "park",
        "visitors_per_year": 85747,
        "opened_year": 1936
      },
      "geometry": {
        "type": "Point",
        "coordinates": [
          10.89231,
          59.86923
        ]
      }
    },
    {
      "type": "Feature",
      "properties": {
        "name": "Park Site 1203",
        "category": "park",
        "visitors_per_year": 76723,
        "opened_year": 1917
      },
      "geometry": {
        "type": "Point",
        "coordinates": [
          10.59252,
          59.85324
        ]
      }
    },
    {
      "type": "Feature",
      "properties": {
        "name": "Park Site 1204",
        "category": "park",
        "visitors_per_year": 266528,
        "opened_year": 1884
      },
      "geometry": {
        "type": "Point",
        "coordinates": [
          10.60462,
          59.97612
        ]
      }
    },
    {
      "type": "Feature",
      "properties": {
        "name": "Museum Site 1205",
        "category": "museum",
        "visitors_per_year": 395897,
        "opened_year": 1946
      },
      "geometry": {
        "type": "Point",
        "coordinates": [
          10.79691,
          59.91161
        ]
      }
    },
    {
      "type": "Feature",
      "properties": {
        "name": "Museum Site 1206",
        "category": "museum",
        "visitors_per_year": 232290,
        "opened_year": 1886
      },
      "geometry": {
        "type": "Point",
        "coordinates": [
          10.60148,
          59.92348
        ]
      }
    },
    {
      "type": "Feature",
      "properties": {
        "name": "Museum Site 1207",
        "category": "museum",
        "visitors_per_year": 1921886,
        "opened_year": 1941
      },
      "geometry": {
        "type": "Point",
        "coordinates": [
          10.58931,
          59.91227
        ]
      }
    },
    {
      "type": "Feature",
      "properties": {
        "name": "Government Site 1208",
        "category": "government",
        "visitors_per_year": 234318,
        "opened_year": 1891
      },
      "geometry": {
        "type": "Point",
        "coordinates": [
          10.65783,
          59.90221
        ]
      }
    },
    {
      "type": "Feature",
      "properties": {
        "name": "Government Site 1209",
        "category": "government",
        "visitors_per_year": 276502,
        "opened_year": 1856
      },
      "geometry": {
        "type": "Point",
        "coordinates": [
          10.66423,
          59.92906
        ]
      }
    },
    {
      "type": "Feature",
      "properties": {
        "name": "Park Site 1210",
        "category": "park",
        "visitors_per_year": 355476,
        "opened_year": 1971
      },
      "geometry": {
        "type": "Point",
        "coordinates": [
          10.6185,
          59.86087
        ]
      }
    },
    {
      "type": "Feature",
      "properties": {
        "name": "Government Site 1211",
        "category": "government",
        "visitors_per_year": 316735,
        "opened_year": 1954
      },
      "geometry": {
        "type": "Point",
        "coordinates": [
          10.89154,
          59.90128
        ]
      }
    },
    {
      "type": "Feature",
      "properties": {
        "name": "Sport Site 1212",
        "category": "sport",
        "visitors_per_year": 78066,
        "opened_year": 1983
      },
      "geometry": {
        "type": "Point",
        "coordinates": [
          10.88019,
          59.9681
        ]
      }
    },
    {
      "type": "Feature",
      "properties": {
        "name": "Culture Site 1213",
        "category": "culture",
        "visitors_per_year": 184711,
        "opened_year": 1878
      },
      "geometry": {
        "type": "Point",
        "coordinates": [
          10.67937,
          59.89847
        ]
      }
    },
    {
      "type": "Feature",
      "properties": {
        "name": "Culture Site 1214",
        "category": "culture",
        "visitors_per_year": 233399,
        "opened_year": 1989
      },
      "geometry": {
        "type": "Point",
        "coordinates": [
          10.85601,
          59.86139
        ]
      }
    },
    {
      "type": "Feature",
      "properties": {
        "name": "Culture Site 1215",
        "category": "culture",
        "visitors_per_year": 222710,
        "opened_year": 1986
      },
      "geometry": {
        "type": "Point",
        "coordinates": [
          10.83129,
          59.88752
        ]
      }
    },
    {
      "type": "Feature",
      "properties": {
        "name": "Culture Site 1216",
        "category": "culture",
        "visitors_per_year": 935754,
        "opened_year": 1877
      },
      "geometry": {
        "type": "Point",
        "coordinates": [
          10.59885,
          59.92633
        ]
      }
    },
    {
      "type": "Feature",
      "properties": {
        "name": "Culture Site 1217",
        "category": "culture",
        "visitors_per_year": 310185,
        "opened_year": 1993
      },
      "geometry": {
        "type": "Point",
        "coordinates": [
          10.89593,
          59.91829
        ]
      }
    },
    {
      "type": "Feature",
      "properties": {
        "name": "Culture Site 1218",
        "category": "culture",
        "visitors_per_year": 217824,
        "opened_year": 1844
      },
      "geometry": {
        "type": "Point",
        "coordinates": [
          10.58096,
          59.90323
        ]
      }
    },
    {
      "type": "Feature",
      "properties": {
        "name": "Sport Site 1219",
        "category": "sport",
        "visitors_per_year": 104968,
        "opened_year": 1847
      },
      "geometry": {
        "type": "Point",
        "coordinates": [
          10.71174,
          59.92383
        ]
      }
    },
    {
      "type": "Feature",
      "properties": {
        "name": "Culture Site 1220",
        "category": "culture",
        "visitors_per_year": 158831,
        "opened_year": 2013
      },
      "geometry": {
        "type": "Point",
        "coordinates": [
          10.65131,
          59.91378
        ]
      }
    },
    {
      "type": "Feature",
      "properties": {
        "name": "Sport Site 1221",
        "category": "sport",
        "visitors_per_year": 14571,
        "opened_year": 2002
      },
      "geometry": {
        "type": "Point",
        "coordinates": [
          10.65637,
          59.92271
        ]
      }
    },
    {
      "type": "Feature",
      "properties": {
        "name": "Government Site 1222",
        "category": "government",
        "visitors_per_year": 334241,
        "opened_year": 1920
      },
      "geometry": {
        "type": "Point",
        "coordinates": [
          10.60391,
          59.88902
        ]
      }
    },
    {
      "type": "Feature",
      "properties": {
        "name": "Government Site 1223",
        "category": "government",
        "visitors_per_year": 258390,
        "opened_year": 1976
      },
      "geometry": {
        "type": "Point",
        "coordinates": [
          10.77883,
          59.96605
        ]
      }
    },
    {
      "type": "Feature",
      "properties": {
        "name": "Museum Site 1224",
        "category": "museum",
        "visitors_per_year": 35483,
        "opened_year": 1953
      },
      "geometry": {
        "type": "Point",
        "coordinates": [
          10.63566,
          59.86552
        ]
      }
    },
    {
      "type": "Feature",
      "properties": {
        "name": "Museum Site 1225",
        "category": "museum",
        "visitors_per_year": 135719,
        "opened_year": 1960
      },
      "geometry": {
        "type": "Point",
        "coordinates": [
          10.67662,
          59.91246
        ]
      }
    },
    {
      "type": "Feature",
      "properties": {
        "name": "Museum Site 1226",
        "category": "museum",
        "visitors_per_year": 1574844,
        "opened_year": 1987
      },
      "geometry": {
        "type": "Point",
        "coordinates": [
          10.71661,
          59.94025
        ]
      }
    },
    {
      "type": "Feature",
      "properties": {
        "name": "Sport Site 1227",
        "category": "sport",
        "visitors_per_year": 77117,
        "opened_year": 1881
      },
      "geometry": {
        "type": "Point",
        "coordinates": [
          10.55614,
          59.88374
        ]
      }
    },
    {
      "type": "Feature",
      "properties": {
        "name": "Culture Site 1228",
        "category": "culture",
        "visitors_per_year": 143457,
        "opened_year": 1892
      },
      "geometry": {
        "type": "Point",
        "coordinates": [
          10.85741,
          59.86761
        ]
      }
    },
    {
      "type": "Feature",
      "properties": {
        "name": "Culture Site 1229",
        "category": "culture",
        "visitors_per_year": 1111663,
        "opened_year": 1935
      },
      "geometry": {
        "type": "Point",
        "coordinates": [
          10.77269,
          59.97417
        ]
      }
    },
    {
      "type": "Feature",
      "properties": {
        "name": "Museum Site 1230",
        "category": "museum",
        "visitors_per_year": 96574,
        "opened_year": 1995
      },
      "geometry": {
        "type": "Point",
        "coordinates": [
          10.87771,
          59.9168
        ]
      }
    },
    {
      "type": "Feature",
      "properties": {
        "name": "Government Site 1231",
        "category": "government",
        "visitors_per_year": 166285,
        "opened_year": 2011
      },
      "geometry": {
        "type": "Point",
        "coordinates": [
          10.75957,
          59.87173
        ]
      }
    },
    {
      "type": "Feature",
      "properties": {
        "name": "Museum Site 1232",
        "category": "museum",
        "visitors_per_year": 190566,
        "opened_year": 1824
      },
      "geometry": {
        "type": "Point",
        "coordinates": [
          10.82996,
          59.88529
        ]
      }
    },
    {
      "type": "Feature",
      "properties": {
        "name": "Sport Site 1233",
        "category": "sport",
        "visitors_per_year": 1586682,
        "opened_year": 1872
      },
      "geometry": {
        "type": "Point",
        "coordinates": [
          10.75302,
          59.95703
        ]
      }
    },
    {
      "type": "Feature",
      "properties": {
        "name": "Park Site 1234",
        "category": "park",
        "visitors_per_year": 85974,
        "opened_year": 1826
      },
      "geometry": {
        "type": "Point",
        "coordinates": [
          10.82258,
          59.90356
        ]
      }
    },
    {
      "type": "Feature",
      "properties": {
        "name": "Landmark Site 1235",
        "category": "landmark",
        "visitors_per_year": 293396,
        "opened_year": 1957
      },
      "geometry": {
        "type": "Point",
        "coordinates": [
          10.60409,
          59.87874
        ]
      }
    },
    {
      "type": "Feature",
      "properties": {
        "name": "Museum Site 1236",
        "category": "museum",
        "visitors_per_year": 289441,
        "opened_year": 1979
      },
      "geometry": {
        "type": "Point",
        "coordinates": [
          10.841,
          59.91833
        ]
      }
    },
    {
      "type": "Feature",
      "properties": {
        "name": "Government Site 1237",
        "category": "government",
        "visitors_per_year": 775213,
        "opened_year": 1804
      },
      "geometry": {
        "type": "Point",
        "coordinates": [
          10.69607,
          59.96908
        ]
      }
    },
    {
      "type": "Feature",
      "properties": {
        "name": "Culture Site 1238",
        "category": "culture",
        "visitors_per_year": 1426810,
        "opened_year": 1952
      },
      "geometry": {
        "type": "Point",
        "coordinates": [
          10.67187,
          59.93984
        ]
      }
    },
    {
      "type": "Feature",
      "properties": {
        "name": "Sport Site 1239",
        "category": "sport",
        "visitors_per_year": 15578,
        "opened_year": 1990
      },
      "geometry": {
        "type": "Point",
        "coordinates": [
          10.81726,
          59.89447
        ]
      }
    },
    {
      "type": "Feature",
      "properties": {
        "name": "Government Site 1240",
        "category": "government",
        "visitors_per_year": 975161,
        "opened_year": 1878
      },
      "geometry": {
        "type": "Point",
        "coordinates": [
          10.62783,
          59.96139
        ]
      }
    },
    {
      "type": "Feature",
      "properties": {
        "name": "Landmark Site 1241",
        "category": "landmark",
        "visitors_per_year": 59074,
        "opened_year": 1819
      },
      "geometry": {
        "type": "Point",
        "coordinates": [
          10.62344,
          59.97754
        ]
      }
    },
    {
      "type": "Feature",
      "properties": {
        "name": "Government Site 1242",
        "category": "government",
        "visitors_per_year": 726109,
        "opened_year": 1808
      },
      "geometry": {
        "type": "Point",
        "coordinates": [
          10.82114,
          59.94845
        ]
      }
    },
    {
      "type": "Feature",
      "properties": {
        "name": "Museum Site 1243",
        "category": "museum",
        "visitors_per_year": 1030605,
        "opened_year": 1811
      },
      "geometry": {
        "type": "Point",
        "coordinates": [
          10.72972,
          59.8577
        ]
      }
    },
    {
      "type": "Feature",
      "properties": {
        "name": "Government Site 1244",
        "category": "government",
        "visitors_per_year": 759613,
        "opened_year": 1954
      },
      "geometry": {
        "type": "Point",
        "coordinates": [
          10.65558,
          59.85134
        ]
      }
    },
    {
      "type": "Feature",
      "properties": {
        "name": "Landmark Site 1245",
        "category": "landmark",
        "visitors_per_year": 15840,
        "opened_year": 1823
      },
      "geometry": {
        "type": "Point",
        "coordinates": [
          10.75566,
          59.876
        ]
      }
    },
    {
      "type": "Feature",
      "properties": {
        "name": "Landmark Site 1246",
        "category": "landmark",
        "visitors_per_year": 182866,
        "opened_year": 1890
      },
      "geometry": {
        "type": "Point",
        "coordinates": [
          10.84605,
          59.97244
        ]
      }
    },
    {
      "type": "Feature",
      "properties": {
        "name": "Landmark Site 1247",
        "category": "landmark",
        "visitors_per_year": 265217,
        "opened_year": 1945
      },
      "geometry": {
        "type": "Point",
        "coordinates": [
          10.8493,
          59.9515
        ]
      }
    },
    {
      "type": "Feature",
      "properties": {
        "name": "Government Site 1248",
        "category": "government",
        "visitors_per_year": 955077,
        "opened_year": 1983
      },
      "geometry": {
        "type": "Point",
        "coordinates": [
          10.58469,
          59.92516
        ]
      }
    },
    {
      "type": "Feature",
      "properties": {
        "name": "Landmark Site 1249",
        "category": "landmark",
        "visitors_per_year": 2769,
        "opened_year": 1985
      },
      "geometry": {
        "type": "Point",
        "coordinates": [
          10.88749,
          59.87233
        ]
      }
    },
    {
      "type": "Feature",
      "properties": {
        "name": "Government Site 1250",
        "category": "government",
        "visitors_per_year": 249387,
        "opened_year": 1893
      },
      "geometry": {
        "type": "Point",
        "coordinates": [
          10.87348,
          59.96966
        ]
      }
    },
    {
      "type": "Feature",
      "properties": {
        "name": "Museum Site 1251",
        "category": "museum",
        "visitors_per_year": 95316,
        "opened_year": 2013
      },
      "geometry": {
        "type": "Point",
        "coordinates": [
          10.75628,
          59.90716
        ]
      }
    },
    {
      "type": "Feature",
      "properties": {
        "name": "Park Site 1252",
        "category": "park",
        "visitors_per_year": 214188,
        "opened_year": 1828
      },
      "geometry": {
        "type": "Point",
        "coordinates": [
          10.89346,
          59.90513
        ]
      }
    },
    {
      "type": "Feature",
      "properties": {
        "name": "Park Site 1253",
        "category": "park",
        "visitors_per_year": 1257597,
        "opened_year": 1980
      },
      "geometry": {
        "type": "Point",
        "coordinates": [
          10.59327,
          59.86434
        ]
      }
    },
    {
      "type": "Feature",
      "properties": {
        "name": "Park Site 1254",
        "category": "park",
        "visitors_per_year": 61171,
        "opened_year": 1898
      },
      "geometry": {
        "type": "Point",
        "coordinates": [
          10.745,
          59.85528
        ]
      }
    },
    {
      "type": "Feature",
      "properties": {
        "name": "Park Site 1255",
        "category": "park",
        "visitors_per_year": 233260,
        "opened_year": 1857
      },
      "geometry": {
        "type": "Point",
        "coordinates": [
          10.70993,
          59.9457
        ]
      }
    },
    {
      "type": "Feature",
      "properties": {
        "name": "Sport Site 1256",
        "category": "sport",
        "visitors_per_year": 36995,
        "opened_year": 2015
      },
      "geometry": {
        "type": "Point",
        "coordinates": [
          10.69255,
          59.97805
        ]
      }
    },
    {
      "type": "Feature",
      "properties": {
        "name": "Culture Site 1257",
        "category": "culture",
        "visitors_per_year": 1913813,
        "opened_year": 1925
      },
      "geometry": {
        "type": "Point",
        "coordinates": [
          10.87868,
          59.89777
        ]
      }
    },
    {
      "type": "Feature",
      "properties": {
        "name": "Museum Site 1258",
        "category": "museum",
        "visitors_per_year": 45067,
        "opened_year": 1830
      },
      "geometry": {
        "type": "Point",
        "coordinates": [
          10.58681,
          59.90695
        ]
      }
    },
    {
      "type": "Feature",
      "properties": {
        "name": "Landmark Site 1259",
        "category": "landmark",
        "visitors_per_year": 389223,
        "opened_year": 1843
      },
      "geometry": {
        "type": "Point",
        "coordinates": [
          10.68818,
          59.94035
        ]
      }
    },
    {
      "type": "Feature",
      "properties": {
        "name": "Government Site 1260",
        "category": "government",
        "visitors_per_year": 212463,
        "opened_year": 1831
      },
      "geometry": {
        "type": "Point",
        "coordinates": [
          10.6773,
          59.87588
        ]
      }
    },
    {
      "type": "Feature",
      "properties": {
        "name": "Landmark Site 1261",
        "category": "landmark",
        "visitors_per_year": 374576,
        "opened_year": 1996
      },
      "geometry": {
        "type": "Point",
        "coordinates": [
          10.84334,
          59.94428
        ]
      }
    },
    {
      "type": "Feature",
      "properties": {
        "name": "Sport Site 1262",
        "category": "sport",
        "visitors_per_year": 210338,
        "opened_year": 1891
      },
      "geometry": {
        "type": "Point",
        "coordinates": [
          10.75778,
          59.94832
        ]
      }
    },
    {
      "type": "Feature",
      "properties": {
        "name": "Culture Site 1263",
        "category": "culture",
        "visitors_per_year": 268628,
        "opened_year": 1871
      },
      "geometry": {
        "type": "Point",
        "coordinates": [
          10.78334,
          59.97352
        ]
      }
    },
    {
      "type": "Feature",
      "properties": {
        "name": "Landmark Site 1264",
        "category": "landmark",
        "visitors_per_year": 261214,
        "opened_year": 1859
      },
      "geometry": {
        "type": "Point",
        "coordinates": [
          10.8188,
          59.86404
        ]
      }
    },
    {
      "type": "Feature",
      "properties": {
        "name": "Museum Site 1265",
        "category": "museum",
        "visitors_per_year": 36271,
        "opened_year": 1927
      },
      "geometry": {
        "type": "Point",
        "coordinates": [
          10.87984,
          59.85386
        ]
      }
    },
    {
      "type": "Feature",
      "properties": {
        "name": "Museum Site 1266",
        "category": "museum",
        "visitors_per_year": 171919,
        "opened_year": 1839
      },
      "geometry": {
        "type": "Point",
        "coordinates": [
          10.55936,
          59.87328
        ]
      }
    },
    {
      "type": "Feature",
      "properties": {
        "name": "Park Site 1267",
        "category": "park",
        "visitors_per_year": 1590411,
        "opened_year": 1996
      },
      "geometry": {
        "type": "Point",
        "coordinates": [
          10.76769,
          59.86252
        ]
      }
    },
    {
      "type": "Feature",
      "properties": {
        "name": "Culture Site 1268",
        "category": "culture",
        "visitors_per_year": 257532,
        "opened_year": 1929
      },
      "geometry": {
        "type": "Point",
        "coordinates": [
          10.82746,
          59.87625
        ]
      }
    },
    {
      "type": "Feature",
      "properties": {
        "name": "Park Site 1269",
        "category": "park",
        "visitors_per_year": 9764,
        "opened_year": 1995
      },
      "geometry": {
        "type": "Point",
        "coordinates": [
          10.73985,
          59.95523
        ]
      }
    },
    {
      "type": "Feature",
      "properties": {
        "name": "Government Site 1270",
        "category": "government",
        "visitors_per_year": 1443960,
        "opened_year": 1880
      },
      "geometry": {
        "type": "Point",
        "coordinates": [
          10.89675,
          59.96442
        ]
      }
    },
    {
      "type": "Feature",
      "properties": {
        "name": "Culture Site 1271",
        "category": "culture",
        "visitors_per_year": 346221,
        "opened_year": 2020
      },
      "geometry": {
        "type": "Point",
        "coordinates": [
          10.70489,
          59.85468
        ]
      }
    },
    {
      "type": "Feature",
      "properties": {
        "name": "Park Site 1272",
        "category": "park",
        "visitors_per_year": 164318,
        "opened_year": 1983
      },
      "geometry": {
        "type": "Point",
        "coordinates": [
          10.85965,
          59.87134
        ]
      }
    },
    {
      "type": "Feature",
      "properties": {
        "name": "Culture Site 1273",
        "category": "culture",
        "visitors_per_year": 346571,
        "opened_year": 1941
      },
      "geometry": {
        "type": "Point",
        "coordinates": [
          10.72061,
          59.86422
        ]
      }
    },
    {
      "type": "Feature",
      "properties": {
        "name": "Museum Site 1274",
        "category": "museum",
        "visitors_per_year": 82451,
        "opened_year": 1929
      },
      "geometry": {
        "type": "Point",
        "coordinates": [
          10.73879,
          59.91108
        ]
      }
    },
    {
      "type": "Feature",
      "properties": {
        "name": "Government Site 1275",
        "category": "government",
        "visitors_per_year": 323954,
        "opened_year": 1973
      },
      "geometry": {
        "type": "Point",
        "coordinates": [
          10.68698,
          59.91431
        ]
      }
    },
    {
      "type": "Feature",
      "properties": {
        "name": "Park Site 1276",
        "category": "park",
        "visitors_per_year": 1738291,
        "opened_year": 1811
      },
      "geometry": {
        "type": "Point",
        "coordinates": [
          10.81826,
          59.88698
        ]
      }
    },
    {
      "type": "Feature",
      "properties": {
        "name": "Landmark Site 1277",
        "category": "landmark",
        "visitors_per_year": 14603,
        "opened_year": 1995
      },
      "geometry": {
        "type": "Point",
        "coordinates": [
          10.84293,
          59.89535
        ]
      }
    },
    {
      "type": "Feature",
      "properties": {
        "name": "Museum Site 1278",
        "category": "museum",
        "visitors_per_year": 187862,
        "opened_year": 1905
      },
      "geometry": {
        "type": "Point",
        "coordinates": [
          10.66944,
          59.86266
        ]
      }
    },
    {
      "type": "Feature",
      "properties": {
        "name": "Park Site 1279",
        "category": "park",
        "visitors_per_year": 164130,
        "opened_year": 1951
      },
      "geometry": {
        "type": "Point",
        "coordinates": [
          10.56976,
          59.88175
        ]
      }
    },
    {
      "type": "Feature",
      "properties": {
        "name": "Government Site 1280",
        "category": "government",
        "visitors_per_year": 177496,
        "opened_year": 1843
      },
      "geometry": {
        "type": "Point",
        "coordinates": [
          10.86864,
          59.85852
        ]
      }
    },
    {
      "type": "Feature",
      "properties": {
        "name": "Government Site 1281",
        "category": "government",
        "visitors_per_year": 221997,
        "opened_year": 1945
      },
      "geometry": {
        "type": "Point",
        "coordinates": [
          10.73845,
          59.85486
        ]
      }
    },
    {
      "type": "Feature",
      "properties": {
        "name": "Sport Site 1282",
        "category": "sport",
        "visitors_per_year": 308775,
        "opened_year": 1805
      },
      "geometry": {
        "type": "Point",
        "coordinates": [
          10.86549,
          59.88466
        ]
      }
    },
    {
      "type": "Feature",
      "properties": {
        "name": "Park Site 1283",
        "category": "park",
        "visitors_per_year": 256540,
        "opened_year": 1825
      },
      "geometry": {
        "type": "Point",
        "coordinates": [
          10.68221,
          59.90074
        ]
      }
    },
    {
      "type": "Feature",
      "properties": {
        "name": "Museum Site 1284",
        "category": "museum",
        "visitors_per_year": 350403,
        "opened_year": 1886
      },
      "geometry": {
        "type": "Point",
        "coordinates": [
          10.78629,
          59.89368
        ]
      }
    },
    {
      "type": "Feature",
      "properties": {
        "name": "Landmark Site 1285",
        "category": "landmark",
        "visitors_per_year": 261045,
        "opened_year": 1962
      },
      "geometry": {
        "type": "Point",
        "coordinates": [
          10.76519,
          59.89723
        ]
      }
    },
    {
      "type": "Feature",
      "properties": {
        "name": "Government Site 1286",
        "category": "government",
        "visitors_per_year": 25420,
        "opened_year": 1876
      },
      "geometry": {
        "type": "Point",
        "coordinates": [
          10.84413,
          59.91966
        ]
      }
    },
    {
      "type": "Feature",
      "properties": {
        "name": "Sport Site 1287",
        "category": "sport",
        "visitors_per_year": 48712,
        "opened_year": 1983
      },
      "geometry": {
        "type": "Point",
        "coordinates": [
          10.69071,
          59.87937
        ]
      }
    },
    {
      "type": "Feature",
      "properties": {
        "name": "Sport Site 1288",
        "category": "sport",
        "visitors_per_year": 1613721,
        "opened_year": 1921
      },
      "geometry": {
        "type": "Point",
        "coordinates": [
          10.58316,
          59.89379
        ]
      }
    },
    {
      "type": "Feature",
      "properties": {
        "name": "Culture Site 1289",
        "category": "culture",
        "visitors_per_year": 158754,
        "opened_year": 1929
      },
      "geometry": {
        "type": "Point",
        "coordinates": [
          10.62341,
          59.95343
        ]
      }
    },
    {
      "type": "Feature",
      "properties": {
        "name": "Park Site 1290",
        "category": "park",
        "visitors_per_year": 211421,
        "opened_year": 1864
      },
      "geometry": {
        "type": "Point",
        "coordinates": [
          10.70152,
          59.92019
        ]
      }
    },
    {
      "type": "Feature",
      "properties": {
        "name": "Sport Site 1291",
        "category": "sport",
        "visitors_per_year": 10253,
        "opened_year": 1960
      },
      "geometry": {
        "type": "Point",
        "coordinates": [
          10.73038,
          59.9373
        ]
      }
    },
    {
      "type": "Feature",
      "properties": {
        "name": "Museum Site 1292",
        "category": "museum",
        "visitors_per_year": 346952,
        "opened_year": 2010
      },
      "geometry": {
        "type": "Point",
        "coordinates": [
          10.73068,
          59.87425
        ]
      }
    },
    {
      "type": "Feature",
      "properties": {
        "name": "Museum Site 1293",
        "category": "museum",
        "visitors_per_year": 322634,
        "opened_year": 2018
      },
      "geometry": {
        "type": "Point",
        "coordinates": [
          10.87834,
          59.88483
        ]
      }
    },
    {
      "type": "Feature",
      "properties": {
        "name": "Culture Site 1294",
        "category": "culture",
        "visitors_per_year": 920789,
        "opened_year": 1893
      },
      "geometry": {
        "type": "Point",
        "coordinates": [
          10.87712,
          59.94446
        ]
      }
    },
    {
      "type": "Feature",
      "properties": {
        "name": "Culture Site 1295",
        "category": "culture",
        "visitors_per_year": 157930,
        "opened_year": 2016
      },
      "geometry": {
        "type": "Point",
        "coordinates": [
          10.60171,
          59.86956
        ]
      }
    },
    {
      "type": "Feature",
      "properties": {
        "name": "Culture Site 1296",
        "category": "culture",
        "visitors_per_year": 332860,
        "opened_year": 1852
      },
      "geometry": {
        "type": "Point",
        "coordinates": [
          10.69359,
          59.96182
        ]
      }
    },
    {
      "type": "Feature",
      "properties": {
        "name": "Culture Site 1297",
        "category": "culture",
        "visitors_per_year": 360609,
        "opened_year": 1953
      },
      "geometry": {
        "type": "Point",
        "coordinates": [
          10.64343,
          59.88732
        ]
      }
    },
    {
      "type": "Feature",
      "properties": {
        "name": "Landmark Site 1298",
        "category": "landmark",
        "visitors_per_year": 129258,
        "opened_year": 2004
      },
      "geometry": {
        "type": "Point",
        "coordinates": [
          10.69205,
          59.86476
        ]
      }
    },
    {
      "type": "Feature",
      "properties": {
        "name": "Park Site 1299",
        "category": "park",
        "visitors_per_year": 339673,
        "opened_year": 1809
      },
      "geometry": {
        "type": "Point",
        "coordinates": [
          10.71246,
          59.92278
        ]
      }
    },
    {
      "type": "Feature",
      "properties": {
        "name": "Landmark Site 1300",
        "category": "landmark",
        "visitors_per_year": 146132,
        "opened_year": 1968
      },
      "geometry": {
        "type": "Point",
        "coordinates": [
          10.60578,
          59.86774
        ]
      }
    },
    {
      "type": "Feature",
      "properties": {
        "name": "Sport Site 1301",
        "category": "sport",
        "visitors_per_year": 255221,
        "opened_year": 2000
      },
      "geometry": {
        "type": "Point",
        "coordinates": [
          10.61159,
          59.96083
        ]
      }
    },
    {
      "type": "Feature",
      "properties": {
        "name": "Government Site 1302",
        "category": "government",
        "visitors_per_year": 156726,
        "opened_year": 2021
      },
      "geometry": {
        "type": "Point",
        "coordinates": [
          10.56936,
          59.96655
        ]
      }
    },
    {
      "type": "Feature",
      "properties": {
        "name": "Government Site 1303",
        "category": "government",
        "visitors_per_year": 345182,
        "opened_year": 1823
      },
      "geometry": {
        "type": "Point",
        "coordinates": [
          10.8652,
          59.90291
        ]
      }
    },
    {
      "type": "Feature",
      "properties": {
        "name": "Culture Site 1304",
        "category": "culture",
        "visitors_per_year": 734739,
        "opened_year": 1946
      },
      "geometry": {
        "type": "Point",
        "coordinates": [
          10.88011,
          59.94415
        ]
      }
    },
    {
      "type": "Feature",
      "properties": {
        "name": "Museum Site 1305",
        "category": "museum",
        "visitors_per_year": 304807,
        "opened_year": 1998
      },
      "geometry": {
        "type": "Point",
        "coordinates": [
          10.72509,
          59.86568
        ]
      }
    },
    {
      "type": "Feature",
      "properties": {
        "name": "Sport Site 1306",
        "category": "sport",
        "visitors_per_year": 64608,
        "opened_year": 1997
      },
      "geometry": {
        "type": "Point",
        "coordinates": [
          10.63813,
          59.96499
        ]
      }
    },
    {
      "type": "Feature",
      "properties": {
        "name": "Park Site 1307",
        "category": "park",
        "visitors_per_year": 392863,
        "opened_year": 1990
      },
      "geometry": {
        "type": "Point",
        "coordinates": [
          10.66525,
          59.92596
        ]
      }
    },
    {
      "type": "Feature",
      "properties": {
        "name": "Landmark Site 1308",
        "category": "landmark",
        "visitors_per_year": 949018,
        "opened_year": 1870
      },
      "geometry": {
        "type": "Point",
        "coordinates": [
          10.87743,
          59.87834
        ]
      }
    },
    {
      "type": "Feature",
      "properties": {
        "name": "Culture Site 1309",
        "category": "culture",
        "visitors_per_year": 1618767,
        "opened_year": 1895
      },
      "geometry": {
        "type": "Point",
        "coordinates": [
          10.69293,
          59.96218
        ]
      }
    },
    {
      "type": "Feature",
      "properties": {
        "name": "Museum Site 1310",
        "category": "museum",
        "visitors_per_year": 358451,
        "opened_year": 1863
      },
      "geometry": {
        "type": "Point",
        "coordinates": [
          10.88205,
          59.89114
        ]
      }
    },
    {
      "type": "Feature",
      "properties": {
        "name": "Park Site 1311",
        "category": "park",
        "visitors_per_year": 375717,
        "opened_year": 1894
      },
      "geometry": {
        "type": "Point",
        "coordinates": [
          10.8578,
          59.97181
        ]
      }
    },
    {
      "type": "Feature",
      "properties": {
        "name": "Park Site 1312",
        "category": "park",
        "visitors_per_year": 388184,
        "opened_year": 1969
      },
      "geometry": {
        "type": "Point",
        "coordinates": [
          10.55738,
          59.97568
        ]
      }
    },
    {
      "type": "Feature",
      "properties": {
        "name": "Government Site 1313",
        "category": "government",
        "visitors_per_year": 290288,
        "opened_year": 1898
      },
      "geometry": {
        "type": "Point",
        "coordinates": [
          10.79174,
          59.95254
        ]
      }
    },
    {
      "type": "Feature",
      "properties": {
        "name": "Park Site 1314",
        "category": "park",
        "visitors_per_year": 359767,
        "opened_year": 1831
      },
      "geometry": {
        "type": "Point",
        "coordinates": [
          10.77363,
          59.94108
        ]
      }
    },
    {
      "type": "Feature",
      "properties": {
        "name": "Sport Site 1315",
        "category": "sport",
        "visitors_per_year": 206532,
        "opened_year": 1865
      },
      "geometry": {
        "type": "Point",
        "coordinates": [
          10.85343,
          59.96149
        ]
      }
    },
    {
      "type": "Feature",
      "properties": {
        "name": "Park Site 1316",
        "category": "park",
        "visitors_per_year": 110803,
        "opened_year": 2020
      },
      "geometry": {
        "type": "Point",
        "coordinates": [
          10.58159,
          59.95695
        ]
      }
    },
    {
      "type": "Feature",
      "properties": {
        "name": "Landmark Site 1317",
        "category": "landmark",
        "visitors_per_year": 338366,
        "opened_year": 1904
      },
      "geometry": {
        "type": "Point",
        "coordinates": [
          10.87056,
          59.93208
        ]
      }
    },
    {
      "type": "Feature",
      "properties": {
        "name": "Government Site 1318",
        "category": "government",
        "visitors_per_year": 258288,
        "opened_year": 1920
      },
      "geometry": {
        "type": "Point",
        "coordinates": [
          10.64591,
          59.86041
        ]
      }
    },
    {
      "type": "Feature",
      "properties": {
        "name": "Museum Site 1319",
        "category": "museum",
        "visitors_per_year": 53136,
        "opened_year": 2011
      },
      "geometry": {
        "type": "Point",
        "coordinates": [
          10.69454,
          59.95935
        ]
      }
    },
    {
      "type": "Feature",
      "properties": {
        "name": "Landmark Site 1320",
        "category": "landmark",
        "visitors_per_year": 316182,
        "opened_year": 1986
      },
      "geometry": {
        "type": "Point",
        "coordinates": [
          10.79447,
          59.91582
        ]
      }
    },
    {
      "type": "Feature",
      "properties": {
        "name": "Sport Site 1321",
        "category": "sport",
        "visitors_per_year": 609259,
        "opened_year": 1964
      },
      "geometry": {
        "type": "Point",
        "coordinates": [
          10.80822,
          59.90892
        ]
      }
    },
    {
      "type": "Feature",
      "properties": {
        "name": "Museum Site 1322",
        "category": "museum",
        "visitors_per_year": 2112,
        "opened_year": 1902
      },
      "geometry": {
        "type": "Point",
        "coordinates": [
          10.61431,
          59.90764
        ]
      }
    },
    {
      "type": "Feature",
      "properties": {
        "name": "Landmark Site 1323",
        "category": "landmark",
        "visitors_per_year": 830977,
        "opened_year": 1863
      },
      "geometry": {
        "type": "Point",
        "coordinates": [
          10.7699,
          59.89078
        ]
      }
    },
    {
      "type": "Feature",
      "properties": {
        "name": "Sport Site 1324",
        "category": "sport",
        "visitors_per_year": 68706,
        "opened_year": 2016
      },
      "geometry": {
        "type": "Point",
        "coordinates": [
          10.79975,
          59.94979
        ]
      }
    },
    {
      "type": "Feature",
      "properties": {
        "name": "Sport Site 1325",
        "category": "sport",
        "visitors_per_year": 251301,
        "opened_year": 2023
      },
      "geometry": {
        "type": "Point",
        "coordinates": [
          10.79001,
          59.95304
        ]
      }
    },
    {
      "type": "Feature",
      "properties": {
        "name": "Museum Site 1326",
        "category": "museum",
        "visitors_per_year": 172246,
        "opened_year": 2004
      },
      "geometry": {
        "type": "Point",
        "coordinates": [
          10.59673,
          59.87255
        ]
      }
    },
    {
      "type": "Feature",
      "properties": {
        "name": "Park Site 1327",
        "category": "park",
        "visitors_per_year": 198324,
        "opened_year": 2013
      },
      "geometry": {
        "type": "Point",
        "coordinates": [
          10.61953,
          59.90388
        ]
      }
    },
    {
      "type": "Feature",
      "properties": {
        "name": "Sport Site 1328",
        "category": "sport",
        "visitors_per_year": 339770,
        "opened_year": 1956
      },
      "geometry": {
        "type": "Point",
        "coordinates": [
          10.62857,
          59.97325
        ]
      }
    },
    {
      "type": "Feature",
      "properties": {
        "name": "Museum Site 1329",
        "category": "museum",
        "visitors_per_year": 137749,
        "opened_year": 1979
      },
      "geometry": {
        "type": "Point",
        "coordinates": [
          10.63005,
          59.86157
        ]
      }
    },
    {
      "type": "Feature",
      "properties": {
        "name": "Landmark Site 1330",
        "category": "landmark",
        "visitors_per_year": 78750,
        "opened_year": 1822
      },
      "geometry": {
        "type": "Point",
        "coordinates": [
          10.56742,
          59.93034
        ]
      }
    },
    {
      "type": "Feature",
      "properties": {
        "name": "Park Site 1331",
        "category": "park",
        "visitors_per_year": 1602761,
        "opened_year": 1911
      },
      "geometry": {
        "type": "Point",
        "coordinates": [
          10.60954,
          59.92374
        ]
      }
    },
    {
      "type": "Feature",
      "properties": {
        "name": "Culture Site 1332",
        "category": "culture",
        "visitors_per_year": 107006,
        "opened_year": 1848
      },
      "geometry": {
        "type": "Point",
        "coordinates": [
          10.83954,
          59.91424
        ]
      }
    },
    {
      "type": "Feature",
      "properties": {
        "name": "Park Site 1333",
        "category": "park",
        "visitors_per_year": 933284,
        "opened_year": 1953
      },
      "geometry": {
        "type": "Point",
        "coordinates": [
          10.65079,
          59.91424
        ]
      }
    },
    {
      "type": "Feature",
      "properties": {
        "name": "Landmark Site 1334",
        "category": "landmark",
        "visitors_per_year": 219825,
        "opened_year": 1846
      },
      "geometry": {
        "type": "Point",
        "coordinates": [
          10.89832,
          59.88679
        ]
      }
    },
    {
      "type": "Feature",
      "properties": {
        "name": "Culture Site 1335",
        "category": "culture",
        "visitors_per_year": 123962,
        "opened_year": 1958
      },
      "geometry": {
        "type": "Point",
        "coordinates": [
          10.82736,
          59.85374
        ]
      }
    },
    {
      "type": "Feature",
      "properties": {
        "name": "Culture Site 1336",
        "category": "culture",
        "visitors_per_year": 240709,
        "opened_year": 1821
      },
      "geometry": {
        "type": "Point",
        "coordinates": [
          10.86756,
          59.89805
        ]
      }
    },
    {
      "type": "Feature",
      "properties": {
        "name": "Government Site 1337",
        "category": "government",
        "visitors_per_year": 208933,
        "opened_year": 1975
      },
      "geometry": {
        "type": "Point",
        "coordinates": [
          10.71411,
          59.96329
        ]
      }
    },
    {
      "type": "Feature",
      "properties": {
        "name": "Landmark Site 1338",
        "category": "landmark",
        "visitors_per_year": 134836,
        "opened_year": 1818
      },
      "geometry": {
        "type": "Point",
        "coordinates": [
          10.79967,
          59.9421
        ]
      }
    },
    {
      "type": "Feature",
      "properties": {
        "name": "Government Site 1339",
        "category": "government",
        "visitors_per_year": 247404,
        "opened_year": 1890
      },
      "geometry": {
        "type": "Point",
        "coordinates": [
          10.74495,
          59.85677
        ]
      }
    },
    {
      "type": "Feature",
      "properties": {
        "name": "Sport Site 1340",
        "category": "sport",
        "visitors_per_year": 392794,
        "opened_year": 2007
      },
      "geometry": {
        "type": "Point",
        "coordinates": [
          10.87876,
          59.97574
        ]
      }
    },
    {
      "type": "Feature",
      "properties": {
        "name": "Government Site 1341",
        "category": "government",
        "visitors_per_year": 207434,
        "opened_year": 1971
      },
      "geometry": {
        "type": "Point",
        "coordinates": [
          10.55188,
          59.91559
        ]
      }
    },
    {
      "type": "Feature",
      "properties": {
        "name": "Park Site 1342",
        "category": "park",
        "visitors_per_year": 876170,
        "opened_year": 1866
      },
      "geometry": {
        "type": "Point",
        "coordinates": [
          10.59628,
          59.96599
        ]
      }
    },
    {
      "type": "Feature",
      "properties": {
        "name": "Landmark Site 1343",
        "category": "landmark",
        "visitors_per_year": 69663,
        "opened_year": 1822
      },
      "geometry": {
        "type": "Point",
        "coordinates": [
          10.72631,
          59.97094
        ]
      }
    },
    {
      "type": "Feature",
      "properties": {
        "name": "Park Site 1344",
        "category": "park",
        "visitors_per_year": 164743,
        "opened_year": 1811
      },
      "geometry": {
        "type": "Point",
        "coordinates": [
          10.79859,
          59.90628
        ]
      }
    },
    {
      "type": "Feature",
      "properties": {
        "name": "Landmark Site 1345",
        "category": "landmark",
        "visitors_per_year": 189554,
        "opened_year": 1910
      },
      "geometry": {
        "type": "Point",
        "coordinates": [
          10.72472,
          59.97654
        ]
      }
    },
    {
      "type": "Feature",
      "properties": {
        "name": "Park Site 1346",
        "category": "park",
        "visitors_per_year": 138785,
        "opened_year": 1932
      },
      "geometry": {
        "type": "Point",
        "coordinates": [
          10.86598,
          59.88422
        ]
      }
    },
    {
      "type": "Feature",
      "properties": {
        "name": "Park Site 1347",
        "category": "park",
        "visitors_per_year": 258069,
        "opened_year": 1995
      },
      "geometry": {
        "type": "Point",
        "coordinates": [
          10.70252,
          59.87145
        ]
      }
    },
    {
      "type": "Feature",
      "properties": {
        "name": "Landmark Site 1348",
        "category": "landmark",
        "visitors_per_year": 231181,
        "opened_year": 1813
      },
      "geometry": {
        "type": "Point",
        "coordinates": [
          10.74449,
          59.96997
        ]
      }
    },
    {
      "type": "Feature",
      "properties": {
        "name": "Landmark Site 1349",
        "category": "landmark",
        "visitors_per_year": 1045729,
        "opened_year": 1841
      },
      "geometry": {
        "type": "Point",
        "coordinates": [
          10.60202,
          59.87988
        ]
      }
    },
    {
      "type": "Feature",
      "properties": {
        "name": "Museum Site 1350",
        "category": "museum",
        "visitors_per_year": 259975,
        "opened_year": 1810
      },
      "geometry": {
        "type": "Point",
        "coordinates": [
          10.7135,
          59.86508
        ]
      }
    },
    {
      "type": "Feature",
      "properties": {
        "name": "Culture Site 1351",
        "category": "culture",
        "visitors_per_year": 258967,
        "opened_year": 1828
      },
      "geometry": {
        "type": "Point",
        "coordinates": [
          10.67478,
          59.94217
        ]
      }
    },
    {
      "type": "Feature",
      "properties": {
        "name": "Museum Site 1352",
        "category": "museum",
        "visitors_per_year": 1095835,
        "opened_year": 1846
      },
      "geometry": {
        "type": "Point",
        "coordinates": [
          10.85341,
          59.86608
        ]
      }
    },
    {
      "type": "Feature",
      "properties": {
        "name": "Landmark Site 1353",
        "category": "landmark",
        "visitors_per_year": 348175,
        "opened_year": 1949
      },
      "geometry": {
        "type": "Point",
        "coordinates": [
          10.81248,
          59.95693
        ]
      }
    },
    {
      "type": "Feature",
      "properties": {
        "name": "Landmark Site 1354",
        "category": "landmark",
        "visitors_per_year": 299757,
        "opened_year": 1846
      },
      "geometry": {
        "type": "Point",
        "coordinates": [
          10.75424,
          59.97631
        ]
      }
    },
    {
      "type": "Feature",
      "properties": {
        "name": "Culture Site 1355",
        "category": "culture",
        "visitors_per_year": 49943,
        "opened_year": 1884
      },
      "geometry": {
        "type": "Point",
        "coordinates": [
          10.87214,
          59.882
        ]
      }
    },
    {
      "type": "Feature",
      "properties": {
        "name": "Government Site 1356",
        "category": "government",
        "visitors_per_year": 1283408,
        "opened_year": 1951
      },
      "geometry": {
        "type": "Point",
        "coordinates": [
          10.6495,
          59.97757
        ]
      }
    },
    {
      "type": "Feature",
      "properties": {
        "name": "Government Site 1357",
        "category": "government",
        "visitors_per_year": 1984168,
        "opened_year": 1968
      },
      "geometry": {
        "type": "Point",
        "coordinates": [
          10.84294,
          59.86999
        ]
      }
    },
    {
      "type": "Feature",
      "properties": {
        "name": "Culture Site 1358",
        "category": "culture",
        "visitors_per_year": 3543,
        "opened_year": 1884
      },
      "geometry": {
        "type": "Point",
        "coordinates": [
          10.70892,
          59.97418
        ]
      }
    },
    {
      "type": "Feature",
      "properties": {
        "name": "Government Site 1359",
        "category": "government",
        "visitors_per_year": 384040,
        "opened_year": 1987
      },
      "geometry": {
        "type": "Point",
        "coordinates": [
          10.77966,
          59.97362
        ]
      }
    },
    {
      "type": "Feature",
      "properties": {
        "name": "Sport Site 1360",
        "category": "sport",
        "visitors_per_year": 148849,
        "opened_year": 1882
      },
      "geometry": {
        "type": "Point",
        "coordinates": [
          10.59526,
          59.96223
        ]
      }
    },
    {
      "type": "Feature",
      "properties": {
        "name": "Government Site 1361",
        "category": "government",
        "visitors_per_year": 49023,
        "opened_year": 1902
      },
      "geometry": {
        "type": "Point",
        "coordinates": [
          10.81033,
          59.92113
        ]
      }
    },
    {
      "type": "Feature",
      "properties": {
        "name": "Park Site 1362",
        "category": "park",
        "visitors_per_year": 47260,
        "opened_year": 1805
      },
      "geometry": {
        "type": "Point",
        "coordinates": [
          10.6123,
          59.97546
        ]
      }
    },
    {
      "type": "Feature",
      "properties": {
        "name": "Landmark Site 1363",
        "category": "landmark",
        "visitors_per_year": 395057,
        "opened_year": 1967
      },
      "geometry": {
        "type": "Point",
        "coordinates": [
          10.60703,
          59.95133
        ]
      }
    },
    {
      "type": "Feature",
      "properties": {
        "name": "Landmark Site 1364",
        "category": "landmark",
        "visitors_per_year": 163082,
        "opened_year": 1975
      },
      "geometry": {
        "type": "Point",
        "coordinates": [
          10.59221,
          59.91381
        ]
      }
    },
    {
      "type": "Feature",
      "properties": {
        "name": "Sport Site 1365",
        "category": "sport",
        "visitors_per_year": 269277,
        "opened_year": 1851
      },
      "geometry": {
        "type": "Point",
        "coordinates": [
          10.59595,
          59.93652
        ]
      }
    },
    {
      "type": "Feature",
      "properties": {
        "name": "Culture Site 1366",
        "category": "culture",
        "visitors_per_year": 315251,
        "opened_year": 1908
      },
      "geometry": {
        "type": "Point",
        "coordinates": [
          10.7059,
          59.90045
        ]
      }
    },
    {
      "type": "Feature",
      "properties": {
        "name": "Government Site 1367",
        "category": "government",
        "visitors_per_year": 228096,
        "opened_year": 1961
      },
      "geometry": {
        "type": "Point",
        "coordinates": [
          10.81477,
          59.95543
        ]
      }
    },
    {
      "type": "Feature",
      "properties": {
        "name": "Culture Site 1368",
        "category": "culture",
        "visitors_per_year": 355149,
        "opened_year": 1857
      },
      "geometry": {
        "type": "Point",
        "coordinates": [
          10.58253,
          59.91673
        ]
      }
    },
    {
      "type": "Feature",
      "properties": {
        "name": "Museum Site 1369",
        "category": "museum",
        "visitors_per_year": 330570,
        "opened_year": 1965
      },
      "geometry": {
        "type": "Point",
        "coordinates": [
          10.79018,
          59.87016
        ]
      }
    },
    {
      "type": "Feature",
      "properties": {
        "name": "Sport Site 1370",
        "category": "sport",
        "visitors_per_year": 1501623,
        "opened_year": 1876
      },
      "geometry": {
        "type": "Point",
        "coordinates": [
          10.57939,
          59.91087
        ]
      }
    },
    {
      "type": "Feature",
      "properties": {
        "name": "Landmark Site 1371",
        "category": "landmark",
        "visitors_per_year": 130866,
        "opened_year": 1933
      },
      "geometry": {
        "type": "Point",
        "coordinates": [
          10.89447,
          59.93896
        ]
      }
    },
    {
      "type": "Feature",
      "properties": {
        "name": "Culture Site 1372",
        "category": "culture",
        "visitors_per_year": 594570,
        "opened_year": 1931
      },
      "geometry": {
        "type": "Point",
        "coordinates": [
          10.65342,
          59.8562
        ]
      }
    },
    {
      "type": "Feature",
      "properties": {
        "name": "Government Site 1373",
        "category": "government",
        "visitors_per_year": 378149,
        "opened_year": 1945
      },
      "geometry": {
        "type": "Point",
        "coordinates": [
          10.72873,
          59.90369
        ]
      }
    },
    {
      "type": "Feature",
      "properties": {
        "name": "Park Site 1374",
        "category": "park",
        "visitors_per_year": 9029,
        "opened_year": 1829
      },
      "geometry": {
        "type": "Point",
        "coordinates": [
          10.67441,
          59.92612
        ]
      }
    },
    {
      "type": "Feature",
      "properties": {
        "name": "Museum Site 1375",
        "category": "museum",
        "visitors_per_year": 206522,
        "opened_year": 1811
      },
      "geometry": {
        "type": "Point",
        "coordinates": [
          10.78155,
          59.87334
        ]
      }
    },
    {
      "type": "Feature",
      "properties": {
        "name": "Government Site 1376",
        "category": "government",
        "visitors_per_year": 380134,
        "opened_year": 1916
      },
      "geometry": {
        "type": "Point",
        "coordinates": [
          10.69569,
          59.94157
        ]
      }
    },
    {
      "type": "Feature",
      "properties": {
        "name": "Museum Site 1377",
        "category": "museum",
        "visitors_per_year": 98642,
        "opened_year": 1854
      },
      "geometry": {
        "type": "Point",
        "coordinates": [
          10.70748,
          59.95502
        ]
      }
    },
    {
      "type": "Feature",
      "properties": {
        "name": "Landmark Site 1378",
        "category": "landmark",
        "visitors_per_year": 353560,
        "opened_year": 1827
      },
      "geometry": {
        "type": "Point",
        "coordinates": [
          10.57738,
          59.97768
        ]
      }
    },
    {
      "type": "Feature",
      "properties": {
        "name": "Culture Site 1379",
        "category": "culture",
        "visitors_per_year": 860155,
        "opened_year": 1967
      },
      "geometry": {
        "type": "Point",
        "coordinates": [
          10.73703,
          59.85076
        ]
      }
    },
    {
      "type": "Feature",
      "properties": {
        "name": "Culture Site 1380",
        "category": "culture",
        "visitors_per_year": 390699,
        "opened_year": 1954
      },
      "geometry": {
        "type": "Point",
        "coordinates": [
          10.71106,
          59.90266
        ]
      }
    },
    {
      "type": "Feature",
      "properties": {
        "name": "Museum Site 1381",
        "category": "museum",
        "visitors_per_year": 189625,
        "opened_year": 1976
      },
      "geometry": {
        "type": "Point",
        "coordinates": [
          10.72035,
          59.9304
        ]
      }
    },
    {
      "type": "Feature",
      "properties": {
        "name": "Museum Site 1382",
        "category": "museum",
        "visitors_per_year": 46446,
        "opened_year": 1832
      },
      "geometry": {
        "type": "Point",
        "coordinates": [
          10.8871,
          59.93776
        ]
      }
    },
    {
      "type": "Feature",
      "properties": {
        "name": "Landmark Site 1383",
        "category": "landmark",
        "visitors_per_year": 894728,
        "opened_year": 2019
      },
      "geometry": {
        "type": "Point",
        "coordinates": [
          10.55486,
          59.86455
        ]
      }
    },
    {
      "type": "Feature",
      "properties": {
        "name": "Government Site 1384",
        "category": "government",
        "visitors_per_year": 228978,
        "opened_year": 2015
      },
      "geometry": {
        "type": "Point",
        "coordinates": [
          10.62323,
          59.93432
        ]
      }
    },
    {
      "type": "Feature",
      "properties": {
        "name": "Museum Site 1385",
        "category": "museum",
        "visitors_per_year": 1471873,
        "opened_year": 1837
      },
      "geometry": {
        "type": "Point",
        "coordinates": [
          10.85037,
          59.92002
        ]
      }
    },
    {
      "type": "Feature",
      "properties": {
        "name": "Culture Site 1386",
        "category": "culture",
        "visitors_per_year": 387834,
        "opened_year": 1979
      },
      "geometry": {
        "type": "Point",
        "coordinates": [
          10.69766,
          59.86514
        ]
      }
    },
    {
      "type": "Feature",
      "properties": {
        "name": "Culture Site 1387",
        "category": "culture",
        "visitors_per_year": 307327,
        "opened_year": 1862
      },
      "geometry": {
        "type": "Point",
        "coordinates": [
          10.88735,
          59.91129
        ]
      }
    },
    {
      "type": "Feature",
      "properties": {
        "name": "Landmark Site 1388",
        "category": "landmark",
        "visitors_per_year": 175533,
        "opened_year": 1802
      },
      "geometry": {
        "type": "Point",
        "coordinates": [
          10.65319,
          59.95783
        ]
      }
    },
    {
      "type": "Feature",
      "properties": {
        "name": "Government Site 1389",
        "category": "government",
        "visitors_per_year": 260391,
        "opened_year": 1988
      },
      "geometry": {
        "type": "Point",
        "coordinates": [
          10.77064,
          59.9427
        ]
      }
    },
    {
      "type": "Feature",
      "properties": {
        "name": "Sport Site 1390",
        "category": "sport",
        "visitors_per_year": 256088,
        "opened_year": 1902
      },
      "geometry": {
        "type": "Point",
        "coordinates": [
          10.75854,
          59.92206
        ]
      }
    },
    {
      "type": "Feature",
      "properties": {
        "name": "Culture Site 1391",
        "category": "culture",
        "visitors_per_year": 256300,
        "opened_year": 1859
      },
      "geometry": {
        "type": "Point",
        "coordinates": [
          10.72967,
          59.9442
        ]
      }
    },
    {
      "type": "Feature",
      "properties": {
        "name": "Museum Site 1392",
        "category": "museum",
        "visitors_per_year": 290565,
        "opened_year": 1816
      },
      "geometry": {
        "type": "Point",
        "coordinates": [
          10.57125,
          59.85247
        ]
      }
    },
    {
      "type": "Feature",
      "properties": {
        "name": "Park Site 1393",
        "category": "park",
        "visitors_per_year": 259911,
        "opened_year": 1959
      },
      "geometry": {
        "type": "Point",
        "coordinates": [
          10.86251,
          59.90423
        ]
      }
    },
    {
      "type": "Feature",
      "properties": {
        "name": "Museum Site 1394",
        "category": "museum",
        "visitors_per_year": 1104002,
        "opened_year": 1985
      },
      "geometry": {
        "type": "Point",
        "coordinates": [
          10.67137,
          59.94068
        ]
      }
    },
    {
      "type": "Feature",
      "properties": {
        "name": "Landmark Site 1395",
        "category": "landmark",
        "visitors_per_year": 308602,
        "opened_year": 1975
      },
      "geometry": {
        "type": "Point",
        "coordinates": [
          10.71423,
          59.90695
        ]
      }
    },
    {
      "type": "Feature",
      "properties": {
        "name": "Park Site 1396",
        "category": "park",
        "visitors_per_year": 246111,
        "opened_year": 1833
      },
      "geometry": {
        "type": "Point",
        "coordinates": [
          10.87261,
          59.96095
        ]
      }
    },
    {
      "type": "Feature",
      "properties": {
        "name": "Park Site 1397",
        "category": "park",
        "visitors_per_year": 353402,
        "opened_year": 1967
      },
      "geometry": {
        "type": "Point",
        "coordinates": [
          10.80305,
          59.90075
        ]
      }
    },
    {
      "type": "Feature",
      "properties": {
        "name": "Museum Site 1398",
        "category": "museum",
        "visitors_per_year": 85448,
        "opened_year": 1959
      },
      "geometry": {
        "type": "Point",
        "coordinates": [
          10.67609,
          59.9114
        ]
      }
    },
    {
      "type": "Feature",
      "properties": {
        "name": "Landmark Site 1399",
        "category": "landmark",
        "visitors_per_year": 68183,
        "opened_year": 1844
      },
      "geometry": {
        "type": "Point",
        "coordinates": [
          10.64886,
          59.9474
        ]
      }
    },
    {
      "type": "Feature",
      "properties": {
        "name": "Landmark Site 1400",
        "category": "landmark",
        "visitors_per_year": 259354,
        "opened_year": 1877
      },
      "geometry": {
        "type": "Point",
        "coordinates": [
          10.60471,
          59.91398
        ]
      }
    },
    {
      "type": "Feature",
      "properties": {
        "name": "Landmark Site 1401",
        "category": "landmark",
        "visitors_per_year": 1046954,
        "opened_year": 1891
      },
      "geometry": {
        "type": "Point",
        "coordinates": [
          10.6233,
          59.85612
        ]
      }
    },
    {
      "type": "Feature",
      "properties": {
        "name": "Museum Site 1402",
        "category": "museum",
        "visitors_per_year": 17261,
        "opened_year": 2006
      },
      "geometry": {
        "type": "Point",
        "coordinates": [
          10.60551,
          59.95763
        ]
      }
    },
    {
      "type": "Feature",
      "properties": {
        "name": "Government Site 1403",
        "category": "government",
        "visitors_per_year": 295140,
        "opened_year": 1857
      },
      "geometry": {
        "type": "Point",
        "coordinates": [
          10.66821,
          59.86482
        ]
      }
    },
    {
      "type": "Feature",
      "properties": {
        "name": "Culture Site 1404",
        "category": "culture",
        "visitors_per_year": 24971,
        "opened_year": 1997
      },
      "geometry": {
        "type": "Point",
        "coordinates": [
          10.64024,
          59.89424
        ]
      }
    },
    {
      "type": "Feature",
      "properties": {
        "name": "Sport Site 1405",
        "category": "sport",
        "visitors_per_year": 270711,
        "opened_year": 1954
      },
      "geometry": {
        "type": "Point",
        "coordinates": [
          10.64362,
          59.86965
        ]
      }
    },
    {
      "type": "Feature",
      "properties": {
        "name": "Museum Site 1406",
        "category": "museum",
        "visitors_per_year": 240170,
        "opened_year": 2015
      },
      "geometry": {
        "type": "Point",
        "coordinates": [
          10.58645,
          59.85655
        ]
      }
    },
    {
      "type": "Feature",
      "properties": {
        "name": "Government Site 1407",
        "category": "government",
        "visitors_per_year": 53908,
        "opened_year": 2010
      },
      "geometry": {
        "type": "Point",
        "coordinates": [
          10.89113,
          59.95161
        ]
      }
    },
    {
      "type": "Feature",
      "properties": {
        "name": "Sport Site 1408",
        "category": "sport",
        "visitors_per_year": 108181,
        "opened_year": 1892
      },
      "geometry": {
        "type": "Point",
        "coordinates": [
          10.56469,
          59.8637
        ]
      }
    },
    {
      "type": "Feature",
      "properties": {
        "name": "Landmark Site 1409",
        "category": "landmark",
        "visitors_per_year": 261800,
        "opened_year": 1987
      },
      "geometry": {
        "type": "Point",
        "coordinates": [
          10.80492,
          59.94206
        ]
      }
    },
    {
      "type": "Feature",
      "properties": {
        "name": "Government Site 1410",
        "category": "government",
        "visitors_per_year": 64978,
        "opened_year": 2017
      },
      "geometry": {
        "type": "Point",
        "coordinates": [
          10.604,
          59.89729
        ]
      }
    },
    {
      "type": "Feature",
      "properties": {
        "name": "Landmark Site 1411",
        "category": "landmark",
        "visitors_per_year": 129116,
        "opened_year": 2013
      },
      "geometry": {
        "type": "Point",
        "coordinates": [
          10.70369,
          59.90405
        ]
      }
    },
    {
      "type": "Feature",
      "properties": {
        "name": "Culture Site 1412",
        "category": "culture",
        "visitors_per_year": 1281055,
        "opened_year": 1983
      },
      "geometry": {
        "type": "Point",
        "coordinates": [
          10.66946,
          59.91565
        ]
      }
    },
    {
      "type": "Feature",
      "properties": {
        "name": "Culture Site 1413",
        "category": "culture",
        "visitors_per_year": 395554,
        "opened_year": 1935
      },
      "geometry": {
        "type": "Point",
        "coordinates": [
          10.67623,
          59.93645
        ]
      }
    },
    {
      "type": "Feature",
      "properties": {
        "name": "Culture Site 1414",
        "category": "culture",
        "visitors_per_year": 215095,
        "opened_year": 1917
      },
      "geometry": {
        "type": "Point",
        "coordinates": [
          10.82553,
          59.86794
        ]
      }
    },
    {
      "type": "Feature",
      "properties": {
        "name": "Sport Site 1415",
        "category": "sport",
        "visitors_per_year": 805312,
        "opened_year": 1997
      },
      "geometry": {
        "type": "Point",
        "coordinates": [
          10.82811,
          59.89703
        ]
      }
    },
    {
      "type": "Feature",
      "properties": {
        "name": "Government Site 1416",
        "category": "government",
        "visitors_per_year": 1209474,
        "opened_year": 1880
      },
      "geometry": {
        "type": "Point",
        "coordinates": [
          10.80117,
          59.91726
        ]
      }
    },
    {
      "type": "Feature",
      "properties": {
        "name": "Culture Site 1417",
        "category": "culture",
        "visitors_per_year": 577791,
        "opened_year": 1969
      },
      "geometry": {
        "type": "Point",
        "coordinates": [
          10.89368,
          59.87136
        ]
      }
    },
    {
      "type": "Feature",
      "properties": {
        "name": "Museum Site 1418",
        "category": "museum",
        "visitors_per_year": 374511,
        "opened_year": 2004
      },
      "geometry": {
        "type": "Point",
        "coordinates": [
          10.60283,
          59.92469
        ]
      }
    },
    {
      "type": "Feature",
      "properties": {
        "name": "Museum Site 1419",
        "category": "museum",
        "visitors_per_year": 357472,
        "opened_year": 1979
      },
      "geometry": {
        "type": "Point",
        "coordinates": [
          10.85653,
          59.97645
        ]
      }
    },
    {
      "type": "Feature",
      "properties": {
        "name": "Sport Site 1420",
        "category": "sport",
        "visitors_per_year": 180937,
        "opened_year": 1802
      },
      "geometry": {
        "type": "Point",
        "coordinates": [
          10.85574,
          59.9438
        ]
      }
    },
    {
      "type": "Feature",
      "properties": {
        "name": "Park Site 1421",
        "category": "park",
        "visitors_per_year": 1347119,
        "opened_year": 1914
      },
      "geometry": {
        "type": "Point",
        "coordinates": [
          10.86507,
          59.92935
        ]
      }
    },
    {
      "type": "Feature",
      "properties": {
        "name": "Museum Site 1422",
        "category": "museum",
        "visitors_per_year": 342355,
        "opened_year": 1913
      },
      "geometry": {
        "type": "Point",
        "coordinates": [
          10.6218,
          59.92078
        ]
      }
    },
    {
      "type": "Feature",
      "properties": {
        "name": "Museum Site 1423",
        "category": "museum",
        "visitors_per_year": 103939,
        "opened_year": 1877
      },
      "geometry": {
        "type": "Point",
        "coordinates": [
          10.67084,
          59.95554
        ]
      }
    },
    {
      "type": "Feature",
      "properties": {
        "name": "Government Site 1424",
        "category": "government",
        "visitors_per_year": 388500,
        "opened_year": 1832
      },
      "geometry": {
        "type": "Point",
        "coordinates": [
          10.56294,
          59.89348
        ]
      }
    },
    {
      "type": "Feature",
      "properties": {
        "name": "Sport Site 1425",
        "category": "sport",
        "visitors_per_year": 1657178,
        "opened_year": 1879
      },
      "geometry": {
        "type": "Point",
        "coordinates": [
          10.89717,
          59.88691
        ]
      }
    },
    {
      "type": "Feature",
      "properties": {
        "name": "Sport Site 1426",
        "category": "sport",
        "visitors_per_year": 1632320,
        "opened_year": 1951
      },
      "geometry": {
        "type": "Point",
        "coordinates": [
          10.66925,
          59.93264
        ]
      }
    },
    {
      "type": "Feature",
      "properties": {
        "name": "Park Site 1427",
        "category": "park",
        "visitors_per_year": 265409,
        "opened_year": 1828
      },
      "geometry": {
        "type": "Point",
        "coordinates": [
          10.63447,
          59.95064
        ]
      }
    },
    {
      "type": "Feature",
      "properties": {
        "name": "Museum Site 1428",
        "category": "museum",
        "visitors_per_year": 186346,
        "opened_year": 1831
      },
      "geometry": {
        "type": "Point",
        "coordinates": [
          10.57098,
          59.89849
        ]
      }
    },
    {
      "type": "Feature",
      "properties": {
        "name": "Government Site 1429",
        "category": "government",
        "visitors_per_year": 300620,
        "opened_year": 1988
      },
      "geometry": {
        "type": "Point",
        "coordinates": [
          10.8148,
          59.97237
        ]
      }
    },
    {
      "type": "Feature",
      "properties": {
        "name": "Government Site 1430",
        "category": "government",
        "visitors_per_year": 305422,
        "opened_year": 1944
      },
      "geometry": {
        "type": "Point",
        "coordinates": [
          10.7086,
          59.97778
        ]
      }
    },
    {
      "type": "Feature",
      "properties": {
        "name": "Museum Site 1431",
        "category": "museum",
        "visitors_per_year": 312739,
        "opened_year": 1859
      },
      "geometry": {
        "type": "Point",
        "coordinates": [
          10.86302,
          59.93161
        ]
      }
    },
    {
      "type": "Feature",
      "properties": {
        "name": "Park Site 1432",
        "category": "park",
        "visitors_per_year": 300794,
        "opened_year": 1972
      },
      "geometry": {
        "type": "Point",
        "coordinates": [
          10.65472,
          59.9367
        ]
      }
    },
    {
      "type": "Feature",
      "properties": {
        "name": "Landmark Site 1433",
        "category": "landmark",
        "visitors_per_year": 172386,
        "opened_year": 1932
      },
      "geometry": {
        "type": "Point",
        "coordinates": [
          10.80002,
          59.91756
        ]
      }
    },
    {
      "type": "Feature",
      "properties": {
        "name": "Sport Site 1434",
        "category": "sport",
        "visitors_per_year": 77336,
        "opened_year": 1982
      },
      "geometry": {
        "type": "Point",
        "coordinates": [
          10.61739,
          59.95121
        ]
      }
    },
    {
      "type": "Feature",
      "properties": {
        "name": "Culture Site 1435",
        "category": "culture",
        "visitors_per_year": 772762,
        "opened_year": 1921
      },
      "geometry": {
        "type": "Point",
        "coordinates": [
          10.83995,
          59.86065
        ]
      }
    },
    {
      "type": "Feature",
      "properties": {
        "name": "Landmark Site 1436",
        "category": "landmark",
        "visitors_per_year": 308906,
        "opened_year": 1943
      },
      "geometry": {
        "type": "Point",
        "coordinates": [
          10.70616,
          59.89801
        ]
      }
    },
    {
      "type": "Feature",
      "properties": {
        "name": "Sport Site 1437",
        "category": "sport",
        "visitors_per_year": 334188,
        "opened_year": 1908
      },
      "geometry": {
        "type": "Point",
        "coordinates": [
          10.82259,
          59.96336
        ]
      }
    },
    {
      "type": "Feature",
      "properties": {
        "name": "Culture Site 1438",
        "category": "culture",
        "visitors_per_year": 219087,
        "opened_year": 2010
      },
      "geometry": {
        "type": "Point",
        "coordinates": [
          10.79116,
          59.97322
        ]
      }
    },
    {
      "type": "Feature",
      "properties": {
        "name": "Landmark Site 1439",
        "category": "landmark",
        "visitors_per_year": 68335,
        "opened_year": 1980
      },
      "geometry": {
        "type": "Point",
        "coordinates": [
          10.60052,
          59.86653
        ]
      }
    },
    {
      "type": "Feature",
      "properties": {
        "name": "Sport Site 1440",
        "category": "sport",
        "visitors_per_year": 248674,
        "opened_year": 1808
      },
      "geometry": {
        "type": "Point",
        "coordinates": [
          10.85215,
          59.86535
        ]
      }
    },
    {
      "type": "Feature",
      "properties": {
        "name": "Museum Site 1441",
        "category": "museum",
        "visitors_per_year": 62767,
        "opened_year": 1954
      },
      "geometry": {
        "type": "Point",
        "coordinates": [
          10.60489,
          59.92267
        ]
      }
    },
    {
      "type": "Feature",
      "properties": {
        "name": "Culture Site 1442",
        "category": "culture",
        "visitors_per_year": 274585,
        "opened_year": 1839
      },
      "geometry": {
        "type": "Point",
        "coordinates": [
          10.58862,
          59.89805
        ]
      }
    },
    {
      "type": "Feature",
      "properties": {
        "name": "Government Site 1443",
        "category": "government",
        "visitors_per_year": 255264,
        "opened_year": 1807
      },
      "geometry": {
        "type": "Point",
        "coordinates": [
          10.68001,
          59.97883
        ]
      }
    },
    {
      "type": "Feature",
      "properties": {
        "name": "Landmark Site 1444",
        "category": "landmark",
        "visitors_per_year": 1139975,
        "opened_year": 1872
      },
      "geometry": {
        "type": "Point",
        "coordinates": [
          10.59975,
          59.92665
        ]
      }
    },
    {
      "type": "Feature",
      "properties": {
        "name": "Landmark Site 1445",
        "category": "landmark",
        "visitors_per_year": 1648268,
        "opened_year": 1889
      },
      "geometry": {
        "type": "Point",
        "coordinates": [
          10.61408,
          59.94616
        ]
      }
    },
    {
      "type": "Feature",
      "properties": {
        "name": "Government Site 1446",
        "category": "government",
        "visitors_per_year": 297123,
        "opened_year": 1915
      },
      "geometry": {
        "type": "Point",
        "coordinates": [
          10.85465,
          59.90428
        ]
      }
    },
    {
      "type": "Feature",
      "properties": {
        "name": "Park Site 1447",
        "category": "park",
        "visitors_per_year": 318066,
        "opened_year": 1833
      },
      "geometry": {
        "type": "Point",
        "coordinates": [
          10.82347,
          59.91178
        ]
      }
    },
    {
      "type": "Feature",
      "properties": {
        "name": "Landmark Site 1448",
        "category": "landmark",
        "visitors_per_year": 235944,
        "opened_year": 1838
      },
      "geometry": {
        "type": "Point",
        "coordinates": [
          10.72667,
          59.90992
        ]
      }
    },
    {
      "type": "Feature",
      "properties": {
        "name": "Museum Site 1449",
        "category": "museum",
        "visitors_per_year": 215263,
        "opened_year": 1899
      },
      "geometry": {
        "type": "Point",
        "coordinates": [
          10.66383,
          59.95398
        ]
      }
    },
    {
      "type": "Feature",
      "properties": {
        "name": "Landmark Site 1450",
        "category": "landmark",
        "visitors_per_year": 1906022,
        "opened_year": 1913
      },
      "geometry": {
        "type": "Point",
        "coordinates": [
          10.86509,
          59.89407
        ]
      }
    },
    {
      "type": "Feature",
      "properties": {
        "name": "Museum Site 1451",
        "category": "museum",
        "visitors_per_year": 13504,
        "opened_year": 1946
      },
      "geometry": {
        "type": "Point",
        "coordinates": [
          10.64708,
          59.86151
        ]
      }
    },
    {
      "type": "Feature",
      "properties": {
        "name": "Museum Site 1452",
        "category": "museum",
        "visitors_per_year": 65397,
        "opened_year": 1964
      },
      "geometry": {
        "type": "Point",
        "coordinates": [
          10.82866,
          59.94196
        ]
      }
    },
    {
      "type": "Feature",
      "properties": {
        "name": "Sport Site 1453",
        "category": "sport",
        "visitors_per_year": 397708,
        "opened_year": 1813
      },
      "geometry": {
        "type": "Point",
        "coordinates": [
          10.5798,
          59.97417
        ]
      }
    },
    {
      "type": "Feature",
      "properties": {
        "name": "Sport Site 1454",
        "category": "sport",
        "visitors_per_year": 10285,
        "opened_year": 1830
      },
      "geometry": {
        "type": "Point",
        "coordinates": [
          10.73261,
          59.94757
        ]
      }
    },
    {
      "type": "Feature",
      "properties": {
        "name": "Museum Site 1455",
        "category": "museum",
        "visitors_per_year": 931604,
        "opened_year": 1862
      },
      "geometry": {
        "type": "Point",
        "coordinates": [
          10.87766,
          59.87337
        ]
      }
    },
    {
      "type": "Feature",
      "properties": {
        "name": "Museum Site 1456",
        "category": "museum",
        "visitors_per_year": 1618922,
        "opened_year": 1955
      },
      "geometry": {
        "type": "Point",
        "coordinates": [
          10.84362,
          59.92534
        ]
      }
    },
    {
      "type": "Feature",
      "properties": {
        "name": "Park Site 1457",
        "category": "park",
        "visitors_per_year": 12696,
        "opened_year": 1887
      },
      "geometry": {
        "type": "Point",
        "coordinates": [
          10.69063,
          59.85585
        ]
      }
    },
    {
      "type": "Feature",
      "properties": {
        "name": "Culture Site 1458",
        "category": "culture",
        "visitors_per_year": 200783,
        "opened_year": 1865
      },
      "geometry": {
        "type": "Point",
        "coordinates": [
          10.61318,
          59.85313
        ]
      }
    },
    {
      "type": "Feature",
      "properties": {
        "name": "Government Site 1459",
        "category": "government",
        "visitors_per_year": 76015,
        "opened_year": 1846
      },
      "geometry": {
        "type": "Point",
        "coordinates": [
          10.59013,
          59.86291
        ]
      }
    },
    {
      "type": "Feature",
      "properties": {
        "name": "Park Site 1460",
        "category": "park",
        "visitors_per_year": 356286,
        "opened_year": 1843
      },
      "geometry": {
        "type": "Point",
        "coordinates": [
          10.81891,
          59.87005
        ]
      }
    },
    {
      "type": "Feature",
      "properties": {
        "name": "Government Site 1461",
        "category": "government",
        "visitors_per_year": 622687,
        "opened_year": 1876
      },
      "geometry": {
        "type": "Point",
        "coordinates": [
          10.76507,
          59.89229
        ]
      }
    },
    {
      "type": "Feature",
      "properties": {
        "name": "Culture Site 1462",
        "category": "culture",
        "visitors_per_year": 135731,
        "opened_year": 1896
      },
      "geometry": {
        "type": "Point",
        "coordinates": [
          10.58456,
          59.86852
        ]
      }
    },
    {
      "type": "Feature",
      "properties": {
        "name": "Government Site 1463",
        "category": "government",
        "visitors_per_year": 124489,
        "opened_year": 1926
      },
      "geometry": {
        "type": "Point",
        "coordinates": [
          10.56816,
          59.88115
        ]
      }
    },
    {
      "type": "Feature",
      "properties": {
        "name": "Sport Site 1464",
        "category": "sport",
        "visitors_per_year": 627154,
        "opened_year": 1881
      },
      "geometry": {
        "type": "Point",
        "coordinates": [
          10.81334,
          59.90006
        ]
      }
    },
    {
      "type": "Feature",
      "properties": {
        "name": "Culture Site 1465",
        "category": "culture",
        "visitors_per_year": 1828632,
        "opened_year": 1859
      },
      "geometry": {
        "type": "Point",
        "coordinates": [
          10.74359,
          59.85851
        ]
      }
    },
    {
      "type": "Feature",
      "properties": {
        "name": "Government Site 1466",
        "category": "government",
        "visitors_per_year": 129640,
        "opened_year": 1995
      },
      "geometry": {
        "type": "Point",
        "coordinates": [
          10.64421,
          59.97525
        ]
      }
    },
    {
      "type": "Feature",
      "properties": {
        "name": "Sport Site 1467",
        "category": "sport",
        "visitors_per_year": 234323,
        "opened_year": 1821
      },
      "geometry": {
        "type": "Point",
        "coordinates": [
          10.77804,
          59.86632
        ]
      }
    },
    {
      "type": "Feature",
      "properties": {
        "name": "Museum Site 1468",
        "category": "museum",
        "visitors_per_year": 1633384,
        "opened_year": 1843
      },
      "geometry": {
        "type": "Point",
        "coordinates": [
          10.72515,
          59.95177
        ]
      }
    },
    {
      "type": "Feature",
      "properties": {
        "name": "Landmark Site 1469",
        "category": "landmark",
        "visitors_per_year": 237342,
        "opened_year": 1810
      },
      "geometry": {
        "type": "Point",
        "coordinates": [
          10.73814,
          59.90509
        ]
      }
    },
    {
      "type": "Feature",
      "properties": {
        "name": "Government Site 1470",
        "category": "government",
        "visitors_per_year": 342890,
        "opened_year": 1842
      },
      "geometry": {
        "type": "Point",
        "coordinates": [
          10.83443,
          59.97494
        ]
      }
    },
    {
      "type": "Feature",
      "properties": {
        "name": "Government Site 1471",
        "category": "government",
        "visitors_per_year": 132038,
        "opened_year": 2014
      },
      "geometry": {
        "type": "Point",
        "coordinates": [
          10.57106,
          59.96984
        ]
      }
    },
    {
      "type": "Feature",
      "properties": {
        "name": "Museum Site 1472",
        "category": "museum",
        "visitors_per_year": 307291,
        "opened_year": 2015
      },
      "geometry": {
        "type": "Point",
        "coordinates": [
          10.68305,
          59.89568
        ]
      }
    },
    {
      "type": "Feature",
      "properties": {
        "name": "Sport Site 1473",
        "category": "sport",
        "visitors_per_year": 37166,
        "opened_year": 1876
      },
      "geometry": {
        "type": "Point",
        "coordinates": [
          10.64846,
          59.87098
        ]
      }
    },
    {
      "type": "Feature",
      "properties": {
        "name": "Government Site 1474",
        "category": "government",
        "visitors_per_year": 1667021,
        "opened_year": 1871
      },
      "geometry": {
        "type": "Point",
        "coordinates": [
          10.68836,
          59.86599
        ]
      }
    },
    {
      "type": "Feature",
      "properties": {
        "name": "Culture Site 1475",
        "category": "culture",
        "visitors_per_year": 358117,
        "opened_year": 1887
      },
      "geometry": {
        "type": "Point",
        "coordinates": [
          10.6238,
          59.91563
        ]
      }
    },
    {
      "type": "Feature",
      "properties": {
        "name": "Museum Site 1476",
        "category": "museum",
        "visitors_per_year": 129437,
        "opened_year": 1969
      },
      "geometry": {
        "type": "Point",
        "coordinates": [
          10.64148,
          59.94785
        ]
      }
    },
    {
      "type": "Feature",
      "properties": {
        "name": "Park Site 1477",
        "category": "park",
        "visitors_per_year": 8822,
        "opened_year": 1977
      },
      "geometry": {
        "type": "Point",
        "coordinates": [
          10.66957,
          59.90977
        ]
      }
    },
    {
      "type": "Feature",
      "properties": {
        "name": "Landmark Site 1478",
        "category": "landmark",
        "visitors_per_year": 5521,
        "opened_year": 1972
      },
      "geometry": {
        "type": "Point",
        "coordinates": [
          10.77626,
          59.85027
        ]
      }
    },
    {
      "type": "Feature",
      "properties": {
        "name": "Landmark Site 1479",
        "category": "landmark",
        "visitors_per_year": 206435,
        "opened_year": 1937
      },
      "geometry": {
        "type": "Point",
        "coordinates": [
          10.69461,
          59.96638
        ]
      }
    },
    {
      "type": "Feature",
      "properties": {
        "name": "Government Site 1480",
        "category": "government",
        "visitors_per_year": 564901,
        "opened_year": 2013
      },
      "geometry": {
        "type": "Point",
        "coordinates": [
          10.82556,
          59.93438
        ]
      }
    },
    {
      "type": "Feature",
      "properties": {
        "name": "Museum Site 1481",
        "category": "museum",
        "visitors_per_year": 197829,
        "opened_year": 2011
      },
      "geometry": {
        "type": "Point",
        "coordinates": [
          10.70581,
          59.86604
        ]
      }
    },
    {
      "type": "Feature",
      "properties": {
        "name": "Sport Site 1482",
        "category": "sport",
        "visitors_per_year": 365944,
        "opened_year": 1802
      },
      "geometry": {
        "type": "Point",
        "coordinates": [
          10.67529,
          59.87303
        ]
      }
    },
    {
      "type": "Feature",
      "properties": {
        "name": "Government Site 1483",
        "category": "government",
        "visitors_per_year": 116640,
        "opened_year": 1990
      },
      "geometry": {
        "type": "Point",
        "coordinates": [
          10.71194,
          59.97171
        ]
      }
    },
    {
      "type": "Feature",
      "properties": {
        "name": "Government Site 1484",
        "category": "government",
        "visitors_per_year": 100907,
        "opened_year": 1823
      },
      "geometry": {
        "type": "Point",
        "coordinates": [
          10.81545,
          59.93847
        ]
      }
    },
    {
      "type": "Feature",
      "properties": {
        "name": "Sport Site 1485",
        "category": "sport",
        "visitors_per_year": 259397,
        "opened_year": 1892
      },
      "geometry": {
        "type": "Point",
        "coordinates": [
          10.76883,
          59.95509
        ]
      }
    },
    {
      "type": "Feature",
      "properties": {
        "name": "Government Site 1486",
        "category": "government",
        "visitors_per_year": 110121,
        "opened_year": 1801
      },
      "geometry": {
        "type": "Point",
        "coordinates": [
          10.64826,
          59.96759
        ]
      }
    },
    {
      "type": "Feature",
      "properties": {
        "name": "Landmark Site 1487",
        "category": "landmark",
        "visitors_per_year": 1081639,
        "opened_year": 1945
      },
      "geometry": {
        "type": "Point",
        "coordinates": [
          10.89449,
          59.933
        ]
      }
    },
    {
      "type": "Feature",
      "properties": {
        "name": "Sport Site 1488",
        "category": "sport",
        "visitors_per_year": 297093,
        "opened_year": 1972
      },
      "geometry": {
        "type": "Point",
        "coordinates": [
          10.7229,
          59.92173
        ]
      }
    },
    {
      "type": "Feature",
      "properties": {
        "name": "Museum Site 1489",
        "category": "museum",
        "visitors_per_year": 391604,
        "opened_year": 1816
      },
      "geometry": {
        "type": "Point",
        "coordinates": [
          10.76104,
          59.87282
        ]
      }
    },
    {
      "type": "Feature",
      "properties": {
        "name": "Landmark Site 1490",
        "category": "landmark",
        "visitors_per_year": 274744,
        "opened_year": 1986
      },
      "geometry": {
        "type": "Point",
        "coordinates": [
          10.64087,
          59.92409
        ]
      }
    },
    {
      "type": "Feature",
      "properties": {
        "name": "Park Site 1491",
        "category": "park",
        "visitors_per_year": 363824,
        "opened_year": 1973
      },
      "geometry": {
        "type": "Point",
        "coordinates": [
          10.61715,
          59.93814
        ]
      }
    },
    {
      "type": "Feature",
      "properties": {
        "name": "Sport Site 1492",
        "category": "sport",
        "visitors_per_year": 1524,
        "opened_year": 1909
      },
      "geometry": {
        "type": "Point",
        "coordinates": [
          10.76506,
          59.93849
        ]
      }
    },
    {
      "type": "Feature",
      "properties": {
        "name": "Museum Site 1493",
        "category": "museum",
        "visitors_per_year": 169844,
        "opened_year": 1910
      },
      "geometry": {
        "type": "Point",
        "coordinates": [
          10.78558,
          59.9345
        ]
      }
    },
    {
      "type": "Feature",
      "properties": {
        "name": "Culture Site 1494",
        "category": "culture",
        "visitors_per_year": 190015,
        "opened_year": 1932
      },
      "geometry": {
        "type": "Point",
        "coordinates": [
          10.64591,
          59.93842
        ]
      }
    },
    {
      "type": "Feature",
      "properties": {
        "name": "Government Site 1495",
        "category": "government",
        "visitors_per_year": 220733,
        "opened_year": 1936
      },
      "geometry": {
        "type": "Point",
        "coordinates": [
          10.85933,
          59.87919
        ]
      }
    },
    {
      "type": "Feature",
      "properties": {
        "name": "Culture Site 1496",
        "category": "culture",
        "visitors_per_year": 300298,
        "opened_year": 2006
      },
      "geometry": {
        "type": "Point",
        "coordinates": [
          10.66068,
          59.90094
        ]
      }
    },
    {
      "type": "Feature",
      "properties": {
        "name": "Government Site 1497",
        "category": "government",
        "visitors_per_year": 39528,
        "opened_year": 1863
      },
      "geometry": {
        "type": "Point",
        "coordinates": [
          10.89659,
          59.87933
        ]
      }
    },
    {
      "type": "Feature",
      "properties": {
        "name": "Landmark Site 1498",
        "category": "landmark",
        "visitors_per_year": 51212,
        "opened_year": 1807
      },
      "geometry": {
        "type": "Point",
        "coordinates": [
          10.60757,
          59.8904
        ]
      }
    },
    {
      "type": "Feature",
      "properties": {
        "name": "Culture Site 1499",
        "category": "culture",
        "visitors_per_year": 175770,
        "opened_year": 2015
      },
      "geometry": {
        "type": "Point",
        "coordinates": [
          10.70118,
          59.85312
        ]
      }
    },
    {
      "type": "Feature",
      "properties": {
        "name": "Park Site 1500",
        "category": "park",
        "visitors_per_year": 29038,
        "opened_year": 2010
      },
      "geometry": {
        "type": "Point",
        "coordinates": [
          10.6365,
          59.91156
        ]
      }
    },
    {
      "type": "Feature",
      "properties": {
        "name": "Remote Park Site 001",
        "category": "park",
        "visitors_per_year": 19613,
        "opened_year": 1998
      },
      "geometry": {
        "type": "Point",
        "coordinates": [
          10.32992,
          59.72841
        ]
      }
    },
    {
      "type": "Feature",
      "properties": {
        "name": "Remote Sport Site 002",
        "category": "sport",
        "visitors_per_year": 164431,
        "opened_year": 1914
      },
      "geometry": {
        "type": "Point",
        "coordinates": [
          10.35489,
          59.79169
        ]
      }
    },
    {
      "type": "Feature",
      "properties": {
        "name": "Remote Sport Site 003",
        "category": "sport",
        "visitors_per_year": 9240,
        "opened_year": 1896
      },
      "geometry": {
        "type": "Point",
        "coordinates": [
          10.23121,
          59.81694
        ]
      }
    },
    {
      "type": "Feature",
      "properties": {
        "name": "Remote Park Site 004",
        "category": "park",
        "visitors_per_year": 33932,
        "opened_year": 1815
      },
      "geometry": {
        "type": "Point",
        "coordinates": [
          10.42252,
          59.7832
        ]
      }
    },
    {
      "type": "Feature",
      "properties": {
        "name": "Remote Culture Site 005",
        "category": "culture",
        "visitors_per_year": 113704,
        "opened_year": 1816
      },
      "geometry": {
        "type": "Point",
        "coordinates": [
          10.2137,
          59.77329
        ]
      }
    },
    {
      "type": "Feature",
      "properties": {
        "name": "Remote Government Site 006",
        "category": "government",
        "visitors_per_year": 77810,
        "opened_year": 2017
      },
      "geometry": {
        "type": "Point",
        "coordinates": [
          10.36939,
          59.76711
        ]
      }
    },
    {
      "type": "Feature",
      "properties": {
        "name": "Remote Culture Site 007",
        "category": "culture",
        "visitors_per_year": 108269,
        "opened_year": 1859
      },
      "geometry": {
        "type": "Point",
        "coordinates": [
          10.30042,
          59.77408
        ]
      }
    },
    {
      "type": "Feature",
      "properties": {
        "name": "Remote Sport Site 008",
        "category": "sport",
        "visitors_per_year": 119359,
        "opened_year": 1898
      },
      "geometry": {
        "type": "Point",
        "coordinates": [
          10.39687,
          59.77488
        ]
      }
    },
    {
      "type": "Feature",
      "properties": {
        "name": "Remote Culture Site 009",
        "category": "culture",
        "visitors_per_year": 162827,
        "opened_year": 1825
      },
      "geometry": {
        "type": "Point",
        "coordinates": [
          10.39879,
          59.80559
        ]
      }
    },
    {
      "type": "Feature",
      "properties": {
        "name": "Remote Park Site 010",
        "category": "park",
        "visitors_per_year": 7308,
        "opened_year": 1916
      },
      "geometry": {
        "type": "Point",
        "coordinates": [
          10.36273,
          59.78109
        ]
      }
    },
    {
      "type": "Feature",
      "properties": {
        "name": "Remote Sport Site 011",
        "category": "sport",
        "visitors_per_year": 27419,
        "opened_year": 1803
      },
      "geometry": {
        "type": "Point",
        "coordinates": [
          10.28205,
          59.7231
        ]
      }
    },
    {
      "type": "Feature",
      "properties": {
        "name": "Remote Sport Site 012",
        "category": "sport",
        "visitors_per_year": 51254,
        "opened_year": 1946
      },
      "geometry": {
        "type": "Point",
        "coordinates": [
          10.37832,
          59.77115
        ]
      }
    },
    {
      "type": "Feature",
      "properties": {
        "name": "Remote Landmark Site 013",
        "category": "landmark",
        "visitors_per_year": 110864,
        "opened_year": 1923
      },
      "geometry": {
        "type": "Point",
        "coordinates": [
          10.35934,
          59.73075
        ]
      }
    },
    {
      "type": "Feature",
      "properties": {
        "name": "Remote Museum Site 014",
        "category": "museum",
        "visitors_per_year": 36590,
        "opened_year": 2004
      },
      "geometry": {
        "type": "Point",
        "coordinates": [
          10.35521,
          59.72231
        ]
      }
    },
    {
      "type": "Feature",
      "properties": {
        "name": "Remote Government Site 015",
        "category": "government",
        "visitors_per_year": 114754,
        "opened_year": 1931
      },
      "geometry": {
        "type": "Point",
        "coordinates": [
          10.21512,
          59.7374
        ]
      }
    },
    {
      "type": "Feature",
      "properties": {
        "name": "Remote Museum Site 016",
        "category": "museum",
        "visitors_per_year": 142357,
        "opened_year": 1998
      },
      "geometry": {
        "type": "Point",
        "coordinates": [
          10.38859,
          59.73734
        ]
      }
    },
    {
      "type": "Feature",
      "properties": {
        "name": "Remote Landmark Site 017",
        "category": "landmark",
        "visitors_per_year": 90389,
        "opened_year": 1874
      },
      "geometry": {
        "type": "Point",
        "coordinates": [
          10.23685,
          59.73704
        ]
      }
    },
    {
      "type": "Feature",
      "properties": {
        "name": "Remote Park Site 018",
        "category": "park",
        "visitors_per_year": 172906,
        "opened_year": 1973
      },
      "geometry": {
        "type": "Point",
        "coordinates": [
          10.44257,
          59.76212
        ]
      }
    },
    {
      "type": "Feature",
      "properties": {
        "name": "Remote Landmark Site 019",
        "category": "landmark",
        "visitors_per_year": 147156,
        "opened_year": 2019
      },
      "geometry": {
        "type": "Point",
        "coordinates": [
          10.21433,
          59.76085
        ]
      }
    },
    {
      "type": "Feature",
      "properties": {
        "name": "Remote Government Site 020",
        "category": "government",
        "visitors_per_year": 53026,
        "opened_year": 1963
      },
      "geometry": {
        "type": "Point",
        "coordinates": [
          10.30552,
          59.72345
        ]
      }
    },
    {
      "type": "Feature",
      "properties": {
        "name": "Remote Landmark Site 021",
        "category": "landmark",
        "visitors_per_year": 175575,
        "opened_year": 1921
      },
      "geometry": {
        "type": "Point",
        "coordinates": [
          10.39632,
          59.74099
        ]
      }
    },
    {
      "type": "Feature",
      "properties": {
        "name": "Remote Museum Site 022",
        "category": "museum",
        "visitors_per_year": 182012,
        "opened_year": 1884
      },
      "geometry": {
        "type": "Point",
        "coordinates": [
          10.37296,
          59.75609
        ]
      }
    },
    {
      "type": "Feature",
      "properties": {
        "name": "Remote Sport Site 023",
        "category": "sport",
        "visitors_per_year": 79046,
        "opened_year": 1907
      },
      "geometry": {
        "type": "Point",
        "coordinates": [
          10.34152,
          59.74028
        ]
      }
    },
    {
      "type": "Feature",
      "properties": {
        "name": "Remote Park Site 024",
        "category": "park",
        "visitors_per_year": 11560,
        "opened_year": 1926
      },
      "geometry": {
        "type": "Point",
        "coordinates": [
          10.24057,
          59.75452
        ]
      }
    },
    {
      "type": "Feature",
      "properties": {
        "name": "Remote Landmark Site 025",
        "category": "landmark",
        "visitors_per_year": 182223,
        "opened_year": 1858
      },
      "geometry": {
        "type": "Point",
        "coordinates": [
          10.42999,
          59.77665
        ]
      }
    },
    {
      "type": "Feature",
      "properties": {
        "name": "Remote Culture Site 026",
        "category": "culture",
        "visitors_per_year": 193067,
        "opened_year": 1996
      },
      "geometry": {
        "type": "Point",
        "coordinates": [
          10.35598,
          59.72868
        ]
      }
    },
    {
      "type": "Feature",
      "properties": {
        "name": "Remote Park Site 027",
        "category": "park",
        "visitors_per_year": 105439,
        "opened_year": 1847
      },
      "geometry": {
        "type": "Point",
        "coordinates": [
          10.40182,
          59.74511
        ]
      }
    },
    {
      "type": "Feature",
      "properties": {
        "name": "Remote Government Site 028",
        "category": "government",
        "visitors_per_year": 8368,
        "opened_year": 1942
      },
      "geometry": {
        "type": "Point",
        "coordinates": [
          10.2907,
          59.70885
        ]
      }
    },
    {
      "type": "Feature",
      "properties": {
        "name": "Remote Government Site 029",
        "category": "government",
        "visitors_per_year": 166000,
        "opened_year": 1949
      },
      "geometry": {
        "type": "Point",
        "coordinates": [
          10.2356,
          59.75285
        ]
      }
    },
    {
      "type": "Feature",
      "properties": {
        "name": "Remote Park Site 030",
        "category": "park",
        "visitors_per_year": 52358,
        "opened_year": 1872
      },
      "geometry": {
        "type": "Point",
        "coordinates": [
          10.21098,
          59.70356
        ]
      }
    }
  ]
}